[rtmod] DISPATCH kernel=75 count=1024 gx=4 gy=1 gz=1
[rtmod] DISPATCH kernel=55 count=512 gx=2 gy=1 gz=1
[rtmod] FEW name=Divide count=1024
[rtmod] DISPATCH kernel=452 count=1024 gx=4 gy=1 gz=1
[rtmod] DISPATCH kernel=23 count=512 gx=1 gy=2 gz=1
[rtmod] EV-SIGNAL tid=471452 ev=0xaaab65efcc80 val=1 st=0 host=0
[rtmod] SUBMIT-ENTER tid=471452
[rtmod] SUBMIT tid=471452 cv=1 waits=0 sigs=2 cmds=1
[rtmod] COMMIT-NOOP
[rtmod] EV-WAIT tid=471452 ev=0xaaab65efcc80 val=1 cnt=0 resv=1
[rtmod] DISPATCH kernel=46 count=512 gx=1 gy=1 gz=1
[rtmod] DISPATCH kernel=46 count=512 gx=1 gy=1 gz=1
[rtmod] DISPATCH kernel=46 count=512 gx=1 gy=1 gz=1
[rtmod] DISPATCH kernel=204 count=128 gx=1 gy=1 gz=1
[rtmod] DISPATCH kernel=53 count=512 gx=2 gy=1 gz=1
[rtmod] DISPATCH kernel=204 count=128 gx=1 gy=1 gz=1
[rtmod] DISPATCH kernel=53 count=512 gx=2 gy=1 gz=1
[rtmod] DISPATCH kernel=204 count=128 gx=1 gy=1 gz=1
[rtmod] DISPATCH kernel=53 count=512 gx=2 gy=1 gz=1
[rtmod] DISPATCH kernel=130 count=1 gx=1 gy=1 gz=1
[rtmod] EV-SIGNAL tid=471452 ev=0xaaab65fb0280 val=1 st=0 host=0
[rtmod] SUBMIT-ENTER tid=471452
[rtmod] SUBMIT tid=471452 cv=2 waits=1 sigs=2 cmds=1
[rtmod] COMMIT-NOOP
[rtmod] EV-WAIT tid=471452 ev=0xaaab65fb0280 val=1 cnt=0 resv=2
[rtmod] DISPATCH kernel=20 count=32 gx=1 gy=1 gz=1
[rtmod] FEW name=Subtract count=512
[rtmod] DISPATCH kernel=452 count=512 gx=2 gy=1 gz=1
[rtmod] FEW name=Abs count=512
[rtmod] DISPATCH kernel=0 count=512 gx=2 gy=1 gz=1
[rtmod] DISPATCH kernel=113 count=1 gx=1 gy=1 gz=1
[rtmod] EV-SIGNAL tid=471452 ev=0xaaab65efcc80 val=1 st=0 host=0
[rtmod] SUBMIT-ENTER tid=471452
[rtmod] SUBMIT tid=471452 cv=3 waits=1 sigs=2 cmds=1
[rtmod] COMMIT-NOOP
[rtmod] EV-WAIT tid=471452 ev=0xaaab65efcc80 val=1 cnt=0 resv=3
[rtmod] DISPATCH kernel=245 count=512 gx=2 gy=1 gz=1
[rtmod] DISPATCH kernel=30 count=32 gx=1 gy=1 gz=1
[rtmod] FEW name=ScaledDotProductAttention count=1024
[rtmod] DISPATCH kernel=452 count=1024 gx=4 gy=1 gz=1
[rtmod] DISPATCH kernel=23 count=1024 gx=2 gy=2 gz=1
[rtmod] DISPATCH kernel=33 count=1024 gx=32 gy=1 gz=1
[rtmod] DISPATCH kernel=23 count=1024 gx=2 gy=2 gz=1
[rtmod] DISPATCH kernel=221 count=1024 gx=32 gy=1 gz=1
[rtmod] EV-SIGNAL tid=471452 ev=0xaaab65fb0280 val=1 st=0 host=0
[rtmod] SUBMIT-ENTER tid=471452
[rtmod] SUBMIT tid=471452 cv=4 waits=1 sigs=2 cmds=1
[rtmod] COMMIT-NOOP
[rtmod] EV-WAIT tid=471452 ev=0xaaab65fb0280 val=1 cnt=0 resv=4
[rtmod] DISPATCH kernel=46 count=1024 gx=1 gy=1 gz=1
[rtmod] DISPATCH kernel=46 count=1024 gx=1 gy=1 gz=1
[rtmod] DISPATCH kernel=46 count=1024 gx=1 gy=1 gz=1
[rtmod] DISPATCH kernel=204 count=256 gx=1 gy=1 gz=1
[rtmod] DISPATCH kernel=53 count=1024 gx=4 gy=1 gz=1
[rtmod] DISPATCH kernel=204 count=256 gx=1 gy=1 gz=1
[rtmod] DISPATCH kernel=53 count=1024 gx=4 gy=1 gz=1
[rtmod] DISPATCH kernel=204 count=256 gx=1 gy=1 gz=1
[rtmod] DISPATCH kernel=53 count=1024 gx=4 gy=1 gz=1
[rtmod] DISPATCH kernel=130 count=1 gx=1 gy=1 gz=1
[rtmod] EV-SIGNAL tid=471452 ev=0xaaab65efcc80 val=1 st=0 host=0
[rtmod] SUBMIT-ENTER tid=471452
[rtmod] SUBMIT tid=471452 cv=5 waits=1 sigs=2 cmds=1
[rtmod] COMMIT-NOOP
[rtmod] EV-WAIT tid=471452 ev=0xaaab65efcc80 val=1 cnt=0 resv=5
[rtmod] DISPATCH kernel=46 count=1024 gx=1 gy=1 gz=1
[rtmod] DISPATCH kernel=46 count=1024 gx=1 gy=1 gz=1
[rtmod] DISPATCH kernel=46 count=1024 gx=1 gy=1 gz=1
[rtmod] DISPATCH kernel=204 count=256 gx=1 gy=1 gz=1
[rtmod] DISPATCH kernel=53 count=1024 gx=4 gy=1 gz=1
[rtmod] DISPATCH kernel=204 count=256 gx=1 gy=1 gz=1
[rtmod] DISPATCH kernel=53 count=1024 gx=4 gy=1 gz=1
[rtmod] DISPATCH kernel=204 count=256 gx=1 gy=1 gz=1
[rtmod] DISPATCH kernel=53 count=1024 gx=4 gy=1 gz=1
[rtmod] DISPATCH kernel=130 count=1 gx=1 gy=1 gz=1
[rtmod] EV-SIGNAL tid=471452 ev=0xaaab65fb0280 val=1 st=0 host=0
[rtmod] SUBMIT-ENTER tid=471452
[rtmod] SUBMIT tid=471452 cv=6 waits=1 sigs=2 cmds=1
[rtmod] COMMIT-NOOP
[rtmod] EV-WAIT tid=471452 ev=0xaaab65fb0280 val=1 cnt=0 resv=6
PASS mlx.core.float32: matmul max_abs_error=0.0, RMSNorm, RoPE, causal SDPA
[rtmod] DISPATCH kernel=31 count=512 gx=2 gy=1 gz=1
[rtmod] DISPATCH kernel=8 count=1024 gx=4 gy=1 gz=1
[rtmod] DISPATCH kernel=407 count=512 gx=1 gy=1 gz=1
[rtmod] EV-SIGNAL tid=471452 ev=0xaaab65efcc80 val=1 st=0 host=0
[rtmod] SUBMIT-ENTER tid=471452
[rtmod] SUBMIT tid=471452 cv=7 waits=1 sigs=2 cmds=1
[rtmod] COMMIT-NOOP
[rtmod] EV-WAIT tid=471452 ev=0xaaab65efcc80 val=1 cnt=0 resv=7
[rtmod] DISPATCH kernel=47 count=512 gx=1 gy=1 gz=1
[rtmod] DISPATCH kernel=47 count=512 gx=1 gy=1 gz=1
[rtmod] DISPATCH kernel=47 count=512 gx=1 gy=1 gz=1
[rtmod] DISPATCH kernel=204 count=128 gx=1 gy=1 gz=1
[rtmod] DISPATCH kernel=53 count=512 gx=2 gy=1 gz=1
[rtmod] DISPATCH kernel=204 count=128 gx=1 gy=1 gz=1
[rtmod] DISPATCH kernel=53 count=512 gx=2 gy=1 gz=1
[rtmod] DISPATCH kernel=204 count=128 gx=1 gy=1 gz=1
[rtmod] DISPATCH kernel=53 count=512 gx=2 gy=1 gz=1
[rtmod] DISPATCH kernel=130 count=1 gx=1 gy=1 gz=1
[rtmod] EV-SIGNAL tid=471452 ev=0xaaab65fb0280 val=1 st=0 host=0
[rtmod] SUBMIT-ENTER tid=471452
[rtmod] SUBMIT tid=471452 cv=8 waits=1 sigs=2 cmds=1
[rtmod] COMMIT-NOOP
[rtmod] EV-WAIT tid=471452 ev=0xaaab65fb0280 val=1 cnt=0 resv=8
[rtmod] DISPATCH kernel=3 count=1024 gx=4 gy=1 gz=1
[rtmod] DISPATCH kernel=20 count=32 gx=1 gy=1 gz=1
[rtmod] DISPATCH kernel=3 count=512 gx=2 gy=1 gz=1
[rtmod] FEW name=Subtract count=512
[rtmod] DISPATCH kernel=452 count=512 gx=2 gy=1 gz=1
[rtmod] FEW name=Abs count=512
[rtmod] DISPATCH kernel=0 count=512 gx=2 gy=1 gz=1
[rtmod] DISPATCH kernel=113 count=1 gx=1 gy=1 gz=1
[rtmod] EV-SIGNAL tid=471452 ev=0xaaab65efcc80 val=1 st=0 host=0
[rtmod] SUBMIT-ENTER tid=471452
[rtmod] SUBMIT tid=471452 cv=9 waits=1 sigs=2 cmds=1
[rtmod] COMMIT-NOOP
[rtmod] EV-WAIT tid=471452 ev=0xaaab65efcc80 val=1 cnt=0 resv=9
[rtmod] DISPATCH kernel=246 count=512 gx=2 gy=1 gz=1
[rtmod] DISPATCH kernel=31 count=32 gx=1 gy=1 gz=1
[rtmod] DISPATCH kernel=407 count=1024 gx=1 gy=1 gz=1
[rtmod] DISPATCH kernel=34 count=1024 gx=32 gy=1 gz=1
[rtmod] DISPATCH kernel=407 count=1024 gx=1 gy=1 gz=1
[rtmod] DISPATCH kernel=427 count=1024 gx=32 gy=1 gz=1
[rtmod] EV-SIGNAL tid=471452 ev=0xaaab65fb0280 val=1 st=0 host=0
[rtmod] SUBMIT-ENTER tid=471452
[rtmod] SUBMIT tid=471452 cv=10 waits=1 sigs=2 cmds=1
[rtmod] COMMIT-NOOP
[rtmod] EV-WAIT tid=471452 ev=0xaaab65fb0280 val=1 cnt=0 resv=10
[rtmod] DISPATCH kernel=47 count=1024 gx=1 gy=1 gz=1
[rtmod] DISPATCH kernel=47 count=1024 gx=1 gy=1 gz=1
[rtmod] DISPATCH kernel=47 count=1024 gx=1 gy=1 gz=1
[rtmod] DISPATCH kernel=204 count=256 gx=1 gy=1 gz=1
[rtmod] DISPATCH kernel=53 count=1024 gx=4 gy=1 gz=1
[rtmod] DISPATCH kernel=204 count=256 gx=1 gy=1 gz=1
[rtmod] DISPATCH kernel=53 count=1024 gx=4 gy=1 gz=1
[rtmod] DISPATCH kernel=204 count=256 gx=1 gy=1 gz=1
[rtmod] DISPATCH kernel=53 count=1024 gx=4 gy=1 gz=1
[rtmod] DISPATCH kernel=130 count=1 gx=1 gy=1 gz=1
[rtmod] EV-SIGNAL tid=471452 ev=0xaaab65efcc80 val=1 st=0 host=0
[rtmod] SUBMIT-ENTER tid=471452
[rtmod] SUBMIT tid=471452 cv=11 waits=1 sigs=2 cmds=1
[rtmod] COMMIT-NOOP
[rtmod] EV-WAIT tid=471452 ev=0xaaab65efcc80 val=1 cnt=0 resv=11
[rtmod] DISPATCH kernel=47 count=1024 gx=1 gy=1 gz=1
[rtmod] DISPATCH kernel=47 count=1024 gx=1 gy=1 gz=1
[rtmod] DISPATCH kernel=47 count=1024 gx=1 gy=1 gz=1
[rtmod] DISPATCH kernel=204 count=256 gx=1 gy=1 gz=1
[rtmod] DISPATCH kernel=53 count=1024 gx=4 gy=1 gz=1
[rtmod] DISPATCH kernel=204 count=256 gx=1 gy=1 gz=1
[rtmod] DISPATCH kernel=53 count=1024 gx=4 gy=1 gz=1
[rtmod] DISPATCH kernel=204 count=256 gx=1 gy=1 gz=1
[rtmod] DISPATCH kernel=53 count=1024 gx=4 gy=1 gz=1
[rtmod] DISPATCH kernel=130 count=1 gx=1 gy=1 gz=1
[rtmod] EV-SIGNAL tid=471452 ev=0xaaab65fb0280 val=1 st=0 host=0
[rtmod] SUBMIT-ENTER tid=471452
[rtmod] SUBMIT tid=471452 cv=12 waits=1 sigs=2 cmds=1
[rtmod] COMMIT-NOOP
[rtmod] EV-WAIT tid=471452 ev=0xaaab65fb0280 val=1 cnt=0 resv=12
PASS mlx.core.float16: matmul max_abs_error=0.0, RMSNorm, RoPE, causal SDPA
[rtmod] DISPATCH kernel=32 count=512 gx=2 gy=1 gz=1
[rtmod] DISPATCH kernel=10 count=1024 gx=4 gy=1 gz=1
[rtmod] DISPATCH kernel=26 count=512 gx=1 gy=2 gz=1
[rtmod] EV-SIGNAL tid=471452 ev=0xaaab65efcc80 val=1 st=0 host=0
[rtmod] SUBMIT-ENTER tid=471452
[rtmod] SUBMIT tid=471452 cv=13 waits=1 sigs=2 cmds=1
[rtmod] COMMIT-NOOP
[rtmod] EV-WAIT tid=471452 ev=0xaaab65efcc80 val=1 cnt=0 resv=13
[rtmod] DISPATCH kernel=48 count=512 gx=1 gy=1 gz=1
[rtmod] DISPATCH kernel=48 count=512 gx=1 gy=1 gz=1
[rtmod] DISPATCH kernel=48 count=512 gx=1 gy=1 gz=1
[rtmod] DISPATCH kernel=204 count=128 gx=1 gy=1 gz=1
[rtmod] DISPATCH kernel=53 count=512 gx=2 gy=1 gz=1
[rtmod] DISPATCH kernel=204 count=128 gx=1 gy=1 gz=1
[rtmod] DISPATCH kernel=53 count=512 gx=2 gy=1 gz=1
[rtmod] DISPATCH kernel=204 count=128 gx=1 gy=1 gz=1
[rtmod] DISPATCH kernel=53 count=512 gx=2 gy=1 gz=1
[rtmod] DISPATCH kernel=130 count=1 gx=1 gy=1 gz=1
[rtmod] EV-SIGNAL tid=471452 ev=0xaaab65fb0280 val=1 st=0 host=0
[rtmod] SUBMIT-ENTER tid=471452
[rtmod] SUBMIT tid=471452 cv=14 waits=1 sigs=2 cmds=1
[rtmod] COMMIT-NOOP
[rtmod] EV-WAIT tid=471452 ev=0xaaab65fb0280 val=1 cnt=0 resv=14
[rtmod] DISPATCH kernel=9 count=1024 gx=4 gy=1 gz=1
[rtmod] DISPATCH kernel=20 count=32 gx=1 gy=1 gz=1
[rtmod] DISPATCH kernel=9 count=512 gx=2 gy=1 gz=1
[rtmod] FEW name=Subtract count=512
[rtmod] DISPATCH kernel=452 count=512 gx=2 gy=1 gz=1
[rtmod] FEW name=Abs count=512
[rtmod] DISPATCH kernel=0 count=512 gx=2 gy=1 gz=1
[rtmod] DISPATCH kernel=113 count=1 gx=1 gy=1 gz=1
[rtmod] EV-SIGNAL tid=471452 ev=0xaaab65efcc80 val=1 st=0 host=0
[rtmod] SUBMIT-ENTER tid=471452
[rtmod] SUBMIT tid=471452 cv=15 waits=1 sigs=2 cmds=1
[rtmod] COMMIT-NOOP
[rtmod] EV-WAIT tid=471452 ev=0xaaab65efcc80 val=1 cnt=0 resv=15
[rtmod] DISPATCH kernel=247 count=512 gx=2 gy=1 gz=1
[rtmod] DISPATCH kernel=32 count=32 gx=1 gy=1 gz=1
[rtmod] DISPATCH kernel=9 count=1024 gx=4 gy=1 gz=1
[rtmod] FEW name=ScaledDotProductAttention count=1024
[rtmod] DISPATCH kernel=452 count=1024 gx=4 gy=1 gz=1
[rtmod] DISPATCH kernel=9 count=1024 gx=4 gy=1 gz=1
[rtmod] DISPATCH kernel=9 count=1024 gx=4 gy=1 gz=1
[rtmod] DISPATCH kernel=23 count=1024 gx=2 gy=2 gz=1
[rtmod] DISPATCH kernel=33 count=1024 gx=32 gy=1 gz=1
[rtmod] DISPATCH kernel=23 count=1024 gx=2 gy=2 gz=1
[rtmod] DISPATCH kernel=10 count=1024 gx=4 gy=1 gz=1
[rtmod] DISPATCH kernel=223 count=1024 gx=32 gy=1 gz=1
[rtmod] EV-SIGNAL tid=471452 ev=0xaaab65fb0280 val=1 st=0 host=0
[rtmod] SUBMIT-ENTER tid=471452
[rtmod] SUBMIT tid=471452 cv=16 waits=1 sigs=2 cmds=1
[rtmod] COMMIT-NOOP
[rtmod] EV-WAIT tid=471452 ev=0xaaab65fb0280 val=1 cnt=0 resv=16
[rtmod] DISPATCH kernel=48 count=1024 gx=1 gy=1 gz=1
[rtmod] DISPATCH kernel=48 count=1024 gx=1 gy=1 gz=1
[rtmod] DISPATCH kernel=48 count=1024 gx=1 gy=1 gz=1
[rtmod] DISPATCH kernel=204 count=256 gx=1 gy=1 gz=1
[rtmod] DISPATCH kernel=53 count=1024 gx=4 gy=1 gz=1
[rtmod] DISPATCH kernel=204 count=256 gx=1 gy=1 gz=1
[rtmod] DISPATCH kernel=53 count=1024 gx=4 gy=1 gz=1
[rtmod] DISPATCH kernel=204 count=256 gx=1 gy=1 gz=1
[rtmod] DISPATCH kernel=53 count=1024 gx=4 gy=1 gz=1
[rtmod] DISPATCH kernel=130 count=1 gx=1 gy=1 gz=1
[rtmod] EV-SIGNAL tid=471452 ev=0xaaab65efcc80 val=1 st=0 host=0
[rtmod] SUBMIT-ENTER tid=471452
[rtmod] SUBMIT tid=471452 cv=17 waits=1 sigs=2 cmds=1
[rtmod] COMMIT-NOOP
[rtmod] EV-WAIT tid=471452 ev=0xaaab65efcc80 val=1 cnt=0 resv=17
[rtmod] DISPATCH kernel=48 count=1024 gx=1 gy=1 gz=1
[rtmod] DISPATCH kernel=48 count=1024 gx=1 gy=1 gz=1
[rtmod] DISPATCH kernel=48 count=1024 gx=1 gy=1 gz=1
[rtmod] DISPATCH kernel=204 count=256 gx=1 gy=1 gz=1
[rtmod] DISPATCH kernel=53 count=1024 gx=4 gy=1 gz=1
[rtmod] DISPATCH kernel=204 count=256 gx=1 gy=1 gz=1
[rtmod] DISPATCH kernel=53 count=1024 gx=4 gy=1 gz=1
[rtmod] DISPATCH kernel=204 count=256 gx=1 gy=1 gz=1
[rtmod] DISPATCH kernel=53 count=1024 gx=4 gy=1 gz=1
[rtmod] DISPATCH kernel=130 count=1 gx=1 gy=1 gz=1
[rtmod] EV-SIGNAL tid=471452 ev=0xaaab65fb0280 val=1 st=0 host=0
[rtmod] SUBMIT-ENTER tid=471452
[rtmod] SUBMIT tid=471452 cv=18 waits=1 sigs=2 cmds=1
[rtmod] COMMIT-NOOP
[rtmod] EV-WAIT tid=471452 ev=0xaaab65fb0280 val=1 cnt=0 resv=18
PASS mlx.core.bfloat16: matmul max_abs_error=0.015625, RMSNorm, RoPE, causal SDPA
[rtmod] DISPATCH kernel=102 count=4 gx=1 gy=1 gz=1
[rtmod] DISPATCH kernel=102 count=4 gx=1 gy=1 gz=1
[rtmod] DISPATCH kernel=102 count=4 gx=1 gy=1 gz=1
[rtmod] DISPATCH kernel=102 count=4 gx=1 gy=1 gz=1
[rtmod] DISPATCH kernel=102 count=4 gx=1 gy=1 gz=1
[rtmod] DISPATCH kernel=102 count=4 gx=1 gy=1 gz=1
[rtmod] DISPATCH kernel=102 count=4 gx=1 gy=1 gz=1
[rtmod] DISPATCH kernel=102 count=4 gx=1 gy=1 gz=1
[rtmod] DISPATCH kernel=102 count=4 gx=1 gy=1 gz=1
[rtmod] DISPATCH kernel=102 count=4 gx=1 gy=1 gz=1
[rtmod] DISPATCH kernel=102 count=4 gx=1 gy=1 gz=1
[rtmod] DISPATCH kernel=102 count=4 gx=1 gy=1 gz=1
[rtmod] DISPATCH kernel=102 count=4 gx=1 gy=1 gz=1
[rtmod] DISPATCH kernel=102 count=4 gx=1 gy=1 gz=1
[rtmod] DISPATCH kernel=102 count=4 gx=1 gy=1 gz=1
[rtmod] DISPATCH kernel=102 count=4 gx=1 gy=1 gz=1
[rtmod] DISPATCH kernel=102 count=16384 gx=64 gy=1 gz=1
[rtmod] DISPATCH kernel=102 count=8192 gx=32 gy=1 gz=1
[rtmod] DISPATCH kernel=14 count=16384 gx=64 gy=1 gz=1
[rtmod] DISPATCH kernel=14 count=8192 gx=32 gy=1 gz=1
[rtmod] FEW name=Divide count=16384
[rtmod] DISPATCH kernel=452 count=16384 gx=64 gy=1 gz=1
[rtmod] FEW name=Subtract count=1
[rtmod] DISPATCH kernel=452 count=1 gx=1 gy=1 gz=1
[rtmod] FEW name=Divide count=8192
[rtmod] DISPATCH kernel=452 count=8192 gx=32 gy=1 gz=1
[rtmod] FEW name=Subtract count=1
[rtmod] DISPATCH kernel=452 count=1 gx=1 gy=1 gz=1
[rtmod] FEW name=Minimum count=16384
[rtmod] DISPATCH kernel=0 count=16384 gx=64 gy=1 gz=1
[rtmod] FEW name=Minimum count=8192
[rtmod] DISPATCH kernel=0 count=8192 gx=32 gy=1 gz=1
[rtmod] FEW name=Multiply count=16384
[rtmod] DISPATCH kernel=452 count=16384 gx=64 gy=1 gz=1
[rtmod] FEW name=Multiply count=8192
[rtmod] DISPATCH kernel=452 count=8192 gx=32 gy=1 gz=1
[rtmod] FEW name=Add count=16384
[rtmod] DISPATCH kernel=452 count=16384 gx=64 gy=1 gz=1
[rtmod] DISPATCH kernel=55 count=64 gx=1 gy=1 gz=1
[rtmod] DISPATCH kernel=55 count=64 gx=1 gy=1 gz=1
[rtmod] DISPATCH kernel=55 count=64 gx=1 gy=1 gz=1
[rtmod] FEW name=Add count=8192
[rtmod] DISPATCH kernel=452 count=8192 gx=32 gy=1 gz=1
[rtmod] DISPATCH kernel=10 count=16384 gx=64 gy=1 gz=1
[rtmod] DISPATCH kernel=10 count=64 gx=1 gy=1 gz=1
[rtmod] DISPATCH kernel=10 count=64 gx=1 gy=1 gz=1
[rtmod] DISPATCH kernel=10 count=64 gx=1 gy=1 gz=1
[rtmod] DISPATCH kernel=10 count=8192 gx=32 gy=1 gz=1
[rtmod] DISPATCH kernel=102 count=16384 gx=64 gy=1 gz=1
[rtmod] DISPATCH kernel=14 count=16384 gx=64 gy=1 gz=1
[rtmod] FEW name=Divide count=16384
[rtmod] DISPATCH kernel=452 count=16384 gx=64 gy=1 gz=1
[rtmod] FEW name=Subtract count=1
[rtmod] DISPATCH kernel=452 count=1 gx=1 gy=1 gz=1
[rtmod] FEW name=Minimum count=16384
[rtmod] DISPATCH kernel=0 count=16384 gx=64 gy=1 gz=1
[rtmod] FEW name=Multiply count=16384
[rtmod] DISPATCH kernel=452 count=16384 gx=64 gy=1 gz=1
[rtmod] FEW name=Add count=16384
[rtmod] DISPATCH kernel=452 count=16384 gx=64 gy=1 gz=1
[rtmod] FEW name=ErfInv count=16384
[rtmod] DISPATCH kernel=0 count=16384 gx=64 gy=1 gz=1
[rtmod] DISPATCH kernel=102 count=4096 gx=16 gy=1 gz=1
[rtmod] DISPATCH kernel=14 count=4096 gx=16 gy=1 gz=1
[rtmod] FEW name=Divide count=4096
[rtmod] DISPATCH kernel=452 count=4096 gx=16 gy=1 gz=1
[rtmod] FEW name=Minimum count=4096
[rtmod] DISPATCH kernel=0 count=4096 gx=16 gy=1 gz=1
[rtmod] DISPATCH kernel=102 count=2048 gx=8 gy=1 gz=1
[rtmod] DISPATCH kernel=14 count=2048 gx=8 gy=1 gz=1
[rtmod] FEW name=Divide count=2048
[rtmod] DISPATCH kernel=452 count=2048 gx=8 gy=1 gz=1
[rtmod] FEW name=Minimum count=2048
[rtmod] DISPATCH kernel=0 count=2048 gx=8 gy=1 gz=1
[rtmod] DISPATCH kernel=102 count=2048 gx=8 gy=1 gz=1
[rtmod] DISPATCH kernel=14 count=2048 gx=8 gy=1 gz=1
[rtmod] FEW name=Divide count=2048
[rtmod] DISPATCH kernel=452 count=2048 gx=8 gy=1 gz=1
[rtmod] FEW name=Minimum count=2048
[rtmod] DISPATCH kernel=0 count=2048 gx=8 gy=1 gz=1
[rtmod] DISPATCH kernel=102 count=4096 gx=16 gy=1 gz=1
[rtmod] DISPATCH kernel=14 count=4096 gx=16 gy=1 gz=1
[rtmod] FEW name=Divide count=4096
[rtmod] DISPATCH kernel=452 count=4096 gx=16 gy=1 gz=1
[rtmod] FEW name=Minimum count=4096
[rtmod] DISPATCH kernel=0 count=4096 gx=16 gy=1 gz=1
[rtmod] DISPATCH kernel=102 count=8192 gx=32 gy=1 gz=1
[rtmod] DISPATCH kernel=14 count=8192 gx=32 gy=1 gz=1
[rtmod] FEW name=Divide count=8192
[rtmod] DISPATCH kernel=452 count=8192 gx=32 gy=1 gz=1
[rtmod] FEW name=Minimum count=8192
[rtmod] DISPATCH kernel=0 count=8192 gx=32 gy=1 gz=1
[rtmod] DISPATCH kernel=102 count=2048 gx=8 gy=1 gz=1
[rtmod] DISPATCH kernel=14 count=2048 gx=8 gy=1 gz=1
[rtmod] FEW name=Divide count=2048
[rtmod] DISPATCH kernel=452 count=2048 gx=8 gy=1 gz=1
[rtmod] FEW name=Minimum count=2048
[rtmod] DISPATCH kernel=0 count=2048 gx=8 gy=1 gz=1
[rtmod] DISPATCH kernel=102 count=4096 gx=16 gy=1 gz=1
[rtmod] DISPATCH kernel=14 count=4096 gx=16 gy=1 gz=1
[rtmod] FEW name=Divide count=4096
[rtmod] DISPATCH kernel=452 count=4096 gx=16 gy=1 gz=1
[rtmod] FEW name=Minimum count=4096
[rtmod] DISPATCH kernel=0 count=4096 gx=16 gy=1 gz=1
[rtmod] DISPATCH kernel=102 count=8192 gx=32 gy=1 gz=1
[rtmod] DISPATCH kernel=102 count=8192 gx=32 gy=1 gz=1
[rtmod] DISPATCH kernel=102 count=2048 gx=8 gy=1 gz=1
[rtmod] DISPATCH kernel=102 count=4096 gx=16 gy=1 gz=1
[rtmod] DISPATCH kernel=102 count=8192 gx=32 gy=1 gz=1
[rtmod] DISPATCH kernel=102 count=8192 gx=32 gy=1 gz=1
[rtmod] DISPATCH kernel=14 count=8192 gx=32 gy=1 gz=1
[rtmod] DISPATCH kernel=14 count=8192 gx=32 gy=1 gz=1
[rtmod] DISPATCH kernel=14 count=2048 gx=8 gy=1 gz=1
[rtmod] DISPATCH kernel=14 count=4096 gx=16 gy=1 gz=1
[rtmod] DISPATCH kernel=14 count=8192 gx=32 gy=1 gz=1
[rtmod] DISPATCH kernel=14 count=8192 gx=32 gy=1 gz=1
[rtmod] FEW name=Divide count=8192
[rtmod] DISPATCH kernel=452 count=8192 gx=32 gy=1 gz=1
[rtmod] FEW name=Subtract count=1
[rtmod] DISPATCH kernel=452 count=1 gx=1 gy=1 gz=1
[rtmod] FEW name=Divide count=8192
[rtmod] DISPATCH kernel=452 count=8192 gx=32 gy=1 gz=1
[rtmod] FEW name=Subtract count=1
[rtmod] DISPATCH kernel=452 count=1 gx=1 gy=1 gz=1
[rtmod] FEW name=Subtract count=1
[rtmod] DISPATCH kernel=452 count=1 gx=1 gy=1 gz=1
[rtmod] FEW name=Subtract count=1
[rtmod] DISPATCH kernel=452 count=1 gx=1 gy=1 gz=1
[rtmod] FEW name=Divide count=2048
[rtmod] DISPATCH kernel=452 count=2048 gx=8 gy=1 gz=1
[rtmod] FEW name=Subtract count=1
[rtmod] DISPATCH kernel=452 count=1 gx=1 gy=1 gz=1
[rtmod] FEW name=Divide count=4096
[rtmod] DISPATCH kernel=452 count=4096 gx=16 gy=1 gz=1
[rtmod] FEW name=Subtract count=1
[rtmod] DISPATCH kernel=452 count=1 gx=1 gy=1 gz=1
[rtmod] FEW name=Subtract count=1
[rtmod] DISPATCH kernel=452 count=1 gx=1 gy=1 gz=1
[rtmod] FEW name=Divide count=8192
[rtmod] DISPATCH kernel=452 count=8192 gx=32 gy=1 gz=1
[rtmod] FEW name=Subtract count=1
[rtmod] DISPATCH kernel=452 count=1 gx=1 gy=1 gz=1
[rtmod] FEW name=Divide count=8192
[rtmod] DISPATCH kernel=452 count=8192 gx=32 gy=1 gz=1
[rtmod] FEW name=Subtract count=1
[rtmod] DISPATCH kernel=452 count=1 gx=1 gy=1 gz=1
[rtmod] FEW name=Subtract count=1
[rtmod] DISPATCH kernel=452 count=1 gx=1 gy=1 gz=1
[rtmod] FEW name=Subtract count=1
[rtmod] DISPATCH kernel=452 count=1 gx=1 gy=1 gz=1
[rtmod] FEW name=Subtract count=1
[rtmod] DISPATCH kernel=452 count=1 gx=1 gy=1 gz=1
[rtmod] FEW name=Subtract count=1
[rtmod] DISPATCH kernel=452 count=1 gx=1 gy=1 gz=1
[rtmod] FEW name=Minimum count=8192
[rtmod] DISPATCH kernel=0 count=8192 gx=32 gy=1 gz=1
[rtmod] FEW name=Minimum count=8192
[rtmod] DISPATCH kernel=0 count=8192 gx=32 gy=1 gz=1
[rtmod] FEW name=Minimum count=2048
[rtmod] DISPATCH kernel=0 count=2048 gx=8 gy=1 gz=1
[rtmod] FEW name=Minimum count=4096
[rtmod] DISPATCH kernel=0 count=4096 gx=16 gy=1 gz=1
[rtmod] FEW name=Minimum count=8192
[rtmod] DISPATCH kernel=0 count=8192 gx=32 gy=1 gz=1
[rtmod] FEW name=Minimum count=8192
[rtmod] DISPATCH kernel=0 count=8192 gx=32 gy=1 gz=1
[rtmod] FEW name=Multiply count=1
[rtmod] DISPATCH kernel=452 count=1 gx=1 gy=1 gz=1
[rtmod] FEW name=Multiply count=8192
[rtmod] DISPATCH kernel=452 count=8192 gx=32 gy=1 gz=1
[rtmod] FEW name=Multiply count=8192
[rtmod] DISPATCH kernel=452 count=8192 gx=32 gy=1 gz=1
[rtmod] FEW name=Multiply count=4096
[rtmod] DISPATCH kernel=452 count=4096 gx=16 gy=1 gz=1
[rtmod] FEW name=Multiply count=2048
[rtmod] DISPATCH kernel=452 count=2048 gx=8 gy=1 gz=1
[rtmod] FEW name=Multiply count=2048
[rtmod] DISPATCH kernel=452 count=2048 gx=8 gy=1 gz=1
[rtmod] FEW name=Multiply count=4096
[rtmod] DISPATCH kernel=452 count=4096 gx=16 gy=1 gz=1
[rtmod] FEW name=Multiply count=8192
[rtmod] DISPATCH kernel=452 count=8192 gx=32 gy=1 gz=1
[rtmod] FEW name=Multiply count=8192
[rtmod] DISPATCH kernel=452 count=8192 gx=32 gy=1 gz=1
[rtmod] FEW name=Multiply count=8192
[rtmod] DISPATCH kernel=452 count=8192 gx=32 gy=1 gz=1
[rtmod] FEW name=Multiply count=4096
[rtmod] DISPATCH kernel=452 count=4096 gx=16 gy=1 gz=1
[rtmod] FEW name=Multiply count=2048
[rtmod] DISPATCH kernel=452 count=2048 gx=8 gy=1 gz=1
[rtmod] FEW name=Multiply count=2048
[rtmod] DISPATCH kernel=452 count=2048 gx=8 gy=1 gz=1
[rtmod] FEW name=Multiply count=4096
[rtmod] DISPATCH kernel=452 count=4096 gx=16 gy=1 gz=1
[rtmod] FEW name=Add count=8192
[rtmod] DISPATCH kernel=452 count=8192 gx=32 gy=1 gz=1
[rtmod] FEW name=Add count=8192
[rtmod] DISPATCH kernel=452 count=8192 gx=32 gy=1 gz=1
[rtmod] DISPATCH kernel=55 count=32 gx=1 gy=1 gz=1
[rtmod] DISPATCH kernel=55 count=32 gx=1 gy=1 gz=1
[rtmod] FEW name=Add count=4096
[rtmod] DISPATCH kernel=452 count=4096 gx=16 gy=1 gz=1
[rtmod] FEW name=Add count=2048
[rtmod] DISPATCH kernel=452 count=2048 gx=8 gy=1 gz=1
[rtmod] FEW name=Add count=2048
[rtmod] DISPATCH kernel=452 count=2048 gx=8 gy=1 gz=1
[rtmod] FEW name=Add count=4096
[rtmod] DISPATCH kernel=452 count=4096 gx=16 gy=1 gz=1
[rtmod] DISPATCH kernel=55 count=64 gx=1 gy=1 gz=1
[rtmod] DISPATCH kernel=55 count=64 gx=1 gy=1 gz=1
[rtmod] FEW name=Add count=8192
[rtmod] DISPATCH kernel=452 count=8192 gx=32 gy=1 gz=1
[rtmod] FEW name=Add count=8192
[rtmod] DISPATCH kernel=452 count=8192 gx=32 gy=1 gz=1
[rtmod] FEW name=Add count=8192
[rtmod] DISPATCH kernel=452 count=8192 gx=32 gy=1 gz=1
[rtmod] DISPATCH kernel=55 count=32 gx=1 gy=1 gz=1
[rtmod] DISPATCH kernel=55 count=32 gx=1 gy=1 gz=1
[rtmod] FEW name=Add count=4096
[rtmod] DISPATCH kernel=452 count=4096 gx=16 gy=1 gz=1
[rtmod] FEW name=Add count=2048
[rtmod] DISPATCH kernel=452 count=2048 gx=8 gy=1 gz=1
[rtmod] FEW name=Add count=2048
[rtmod] DISPATCH kernel=452 count=2048 gx=8 gy=1 gz=1
[rtmod] FEW name=Add count=4096
[rtmod] DISPATCH kernel=452 count=4096 gx=16 gy=1 gz=1
[rtmod] FEW name=Multiply count=16384
[rtmod] DISPATCH kernel=452 count=16384 gx=64 gy=1 gz=1
[rtmod] DISPATCH kernel=10 count=8192 gx=32 gy=1 gz=1
[rtmod] DISPATCH kernel=10 count=8192 gx=32 gy=1 gz=1
[rtmod] DISPATCH kernel=10 count=32 gx=1 gy=1 gz=1
[rtmod] DISPATCH kernel=10 count=32 gx=1 gy=1 gz=1
[rtmod] DISPATCH kernel=10 count=4096 gx=16 gy=1 gz=1
[rtmod] DISPATCH kernel=10 count=2048 gx=8 gy=1 gz=1
[rtmod] DISPATCH kernel=10 count=2048 gx=8 gy=1 gz=1
[rtmod] DISPATCH kernel=10 count=4096 gx=16 gy=1 gz=1
[rtmod] DISPATCH kernel=10 count=64 gx=1 gy=1 gz=1
[rtmod] DISPATCH kernel=10 count=64 gx=1 gy=1 gz=1
[rtmod] DISPATCH kernel=10 count=8192 gx=32 gy=1 gz=1
[rtmod] DISPATCH kernel=10 count=8192 gx=32 gy=1 gz=1
[rtmod] DISPATCH kernel=10 count=8192 gx=32 gy=1 gz=1
[rtmod] DISPATCH kernel=10 count=32 gx=1 gy=1 gz=1
[rtmod] DISPATCH kernel=10 count=32 gx=1 gy=1 gz=1
[rtmod] DISPATCH kernel=10 count=4096 gx=16 gy=1 gz=1
[rtmod] DISPATCH kernel=10 count=2048 gx=8 gy=1 gz=1
[rtmod] DISPATCH kernel=10 count=2048 gx=8 gy=1 gz=1
[rtmod] DISPATCH kernel=10 count=4096 gx=16 gy=1 gz=1
[rtmod] DISPATCH kernel=10 count=16384 gx=64 gy=1 gz=1
[rtmod] EV-SIGNAL tid=471452 ev=0xaaab65efcc80 val=1 st=0 host=0
[rtmod] SUBMIT-ENTER tid=471452
[rtmod] SUBMIT tid=471452 cv=19 waits=1 sigs=2 cmds=1
[rtmod] COMMIT-NOOP
[rtmod] EV-WAIT tid=471452 ev=0xaaab65efcc80 val=1 cnt=0 resv=19
[rtmod] DISPATCH kernel=192 count=192 gx=1 gy=1 gz=1
[rtmod] DISPATCH kernel=223 count=192 gx=3 gy=1 gz=1
[rtmod] DISPATCH kernel=26 count=96 gx=2 gy=1 gz=1
[rtmod] DISPATCH kernel=26 count=96 gx=2 gy=1 gz=1
[rtmod] DISPATCH kernel=26 count=192 gx=4 gy=1 gz=1
[rtmod] DISPATCH kernel=223 count=96 gx=3 gy=1 gz=1
[rtmod] DISPATCH kernel=58 count=8192 gx=32 gy=1 gz=1
[rtmod] DISPATCH kernel=247 count=48 gx=1 gy=1 gz=1
[rtmod] DISPATCH kernel=58 count=8192 gx=32 gy=1 gz=1
[rtmod] DISPATCH kernel=223 count=192 gx=6 gy=1 gz=1
[rtmod] DISPATCH kernel=58 count=96 gx=1 gy=1 gz=1
[rtmod] DISPATCH kernel=58 count=96 gx=1 gy=1 gz=1
[rtmod] DISPATCH kernel=247 count=96 gx=1 gy=1 gz=1
[rtmod] DISPATCH kernel=9 count=192 gx=1 gy=1 gz=1
[rtmod] FEW name=ScaledDotProductAttention count=192
[rtmod] DISPATCH kernel=452 count=192 gx=1 gy=1 gz=1
[rtmod] DISPATCH kernel=9 count=96 gx=1 gy=1 gz=1
[rtmod] DISPATCH kernel=9 count=96 gx=1 gy=1 gz=1
[rtmod] DISPATCH kernel=23 count=18 gx=1 gy=1 gz=2
[rtmod] DISPATCH kernel=33 count=18 gx=6 gy=1 gz=1
[rtmod] DISPATCH kernel=23 count=192 gx=2 gy=1 gz=2
[rtmod] DISPATCH kernel=10 count=192 gx=1 gy=1 gz=1
[rtmod] DISPATCH kernel=58 count=192 gx=1 gy=1 gz=1
[rtmod] DISPATCH kernel=26 count=192 gx=4 gy=1 gz=1
[rtmod] FEW name=Add count=192
[rtmod] DISPATCH kernel=406 count=192 gx=1 gy=1 gz=1
[rtmod] DISPATCH kernel=223 count=192 gx=3 gy=1 gz=1
[rtmod] DISPATCH kernel=26 count=384 gx=8 gy=1 gz=1
[rtmod] DISPATCH kernel=26 count=384 gx=8 gy=1 gz=1
[rtmod] DISPATCH kernel=409 count=384 gx=1 gy=1 gz=1
[rtmod] DISPATCH kernel=26 count=192 gx=4 gy=1 gz=1
[rtmod] FEW name=Add count=192
[rtmod] DISPATCH kernel=406 count=192 gx=1 gy=1 gz=1
[rtmod] DISPATCH kernel=223 count=192 gx=3 gy=1 gz=1
[rtmod] DISPATCH kernel=26 count=96 gx=2 gy=1 gz=1
[rtmod] DISPATCH kernel=26 count=96 gx=2 gy=1 gz=1
[rtmod] DISPATCH kernel=223 count=96 gx=3 gy=1 gz=1
[rtmod] DISPATCH kernel=58 count=8192 gx=32 gy=1 gz=1
[rtmod] DISPATCH kernel=247 count=48 gx=1 gy=1 gz=1
[rtmod] DISPATCH kernel=58 count=8192 gx=32 gy=1 gz=1
[rtmod] DISPATCH kernel=58 count=96 gx=1 gy=1 gz=1
[rtmod] DISPATCH kernel=58 count=96 gx=1 gy=1 gz=1
[rtmod] EV-SIGNAL tid=471452 ev=0xaaab65fb0280 val=1 st=1 host=0
[rtmod] SUBMIT-ENTER tid=471452
[rtmod] SUBMIT tid=471452 cv=20 waits=0 sigs=2 cmds=1
[rtmod] COMMIT-NOOP
[rtmod] EV-WAIT tid=471452 ev=0xaaab65fb0280 val=1 cnt=0 resv=20
[rtmod] DISPATCH kernel=192 count=64 gx=1 gy=1 gz=1
[rtmod] DISPATCH kernel=223 count=64 gx=1 gy=1 gz=1
[rtmod] DISPATCH kernel=26 count=32 gx=2 gy=1 gz=1
[rtmod] DISPATCH kernel=26 count=32 gx=2 gy=1 gz=1
[rtmod] DISPATCH kernel=26 count=64 gx=4 gy=1 gz=1
[rtmod] DISPATCH kernel=223 count=32 gx=1 gy=1 gz=1
[rtmod] DISPATCH kernel=247 count=16 gx=1 gy=1 gz=1
[rtmod] DISPATCH kernel=223 count=64 gx=2 gy=1 gz=1
[rtmod] DISPATCH kernel=58 count=32 gx=1 gy=1 gz=1
[rtmod] DISPATCH kernel=58 count=32 gx=1 gy=1 gz=1
[rtmod] DISPATCH kernel=247 count=32 gx=1 gy=1 gz=1
[rtmod] DISPATCH kernel=9 count=64 gx=1 gy=1 gz=1
[rtmod] FEW name=ScaledDotProductAttention count=64
[rtmod] DISPATCH kernel=452 count=64 gx=1 gy=1 gz=1
[rtmod] DISPATCH kernel=9 count=128 gx=1 gy=1 gz=1
[rtmod] DISPATCH kernel=9 count=128 gx=1 gy=1 gz=1
[rtmod] DISPATCH kernel=23 count=8 gx=1 gy=1 gz=2
[rtmod] DISPATCH kernel=33 count=8 gx=2 gy=1 gz=1
[rtmod] DISPATCH kernel=23 count=64 gx=2 gy=1 gz=2
[rtmod] DISPATCH kernel=10 count=64 gx=1 gy=1 gz=1
[rtmod] DISPATCH kernel=26 count=64 gx=4 gy=1 gz=1
[rtmod] FEW name=Add count=64
[rtmod] DISPATCH kernel=406 count=64 gx=1 gy=1 gz=1
[rtmod] DISPATCH kernel=223 count=64 gx=1 gy=1 gz=1
[rtmod] DISPATCH kernel=26 count=128 gx=8 gy=1 gz=1
[rtmod] DISPATCH kernel=26 count=128 gx=8 gy=1 gz=1
[rtmod] DISPATCH kernel=409 count=128 gx=1 gy=1 gz=1
[rtmod] DISPATCH kernel=29 count=64 gx=16 gy=1 gz=1
[rtmod] FEW name=Add count=64
[rtmod] DISPATCH kernel=406 count=64 gx=1 gy=1 gz=1
[rtmod] DISPATCH kernel=223 count=64 gx=1 gy=1 gz=1
[rtmod] DISPATCH kernel=26 count=32 gx=2 gy=1 gz=1
[rtmod] DISPATCH kernel=26 count=32 gx=2 gy=1 gz=1
[rtmod] DISPATCH kernel=26 count=64 gx=4 gy=1 gz=1
[rtmod] DISPATCH kernel=223 count=32 gx=1 gy=1 gz=1
[rtmod] DISPATCH kernel=247 count=16 gx=1 gy=1 gz=1
[rtmod] DISPATCH kernel=223 count=64 gx=2 gy=1 gz=1
[rtmod] DISPATCH kernel=58 count=32 gx=1 gy=1 gz=1
[rtmod] DISPATCH kernel=58 count=32 gx=1 gy=1 gz=1
[rtmod] DISPATCH kernel=247 count=32 gx=1 gy=1 gz=1
[rtmod] DISPATCH kernel=9 count=64 gx=1 gy=1 gz=1
[rtmod] FEW name=ScaledDotProductAttention count=64
[rtmod] DISPATCH kernel=452 count=64 gx=1 gy=1 gz=1
[rtmod] DISPATCH kernel=9 count=128 gx=1 gy=1 gz=1
[rtmod] DISPATCH kernel=9 count=128 gx=1 gy=1 gz=1
[rtmod] DISPATCH kernel=23 count=8 gx=1 gy=1 gz=2
[rtmod] DISPATCH kernel=33 count=8 gx=2 gy=1 gz=1
[rtmod] DISPATCH kernel=23 count=64 gx=2 gy=1 gz=2
[rtmod] DISPATCH kernel=10 count=64 gx=1 gy=1 gz=1
[rtmod] DISPATCH kernel=26 count=64 gx=4 gy=1 gz=1
[rtmod] FEW name=Add count=64
[rtmod] DISPATCH kernel=406 count=64 gx=1 gy=1 gz=1
[rtmod] DISPATCH kernel=223 count=64 gx=1 gy=1 gz=1
[rtmod] DISPATCH kernel=26 count=128 gx=8 gy=1 gz=1
[rtmod] DISPATCH kernel=26 count=128 gx=8 gy=1 gz=1
[rtmod] DISPATCH kernel=409 count=128 gx=1 gy=1 gz=1
[rtmod] DISPATCH kernel=29 count=64 gx=16 gy=1 gz=1
[rtmod] FEW name=Add count=64
[rtmod] DISPATCH kernel=406 count=64 gx=1 gy=1 gz=1
[rtmod] DISPATCH kernel=223 count=64 gx=1 gy=1 gz=1
[rtmod] DISPATCH kernel=26 count=256 gx=16 gy=1 gz=1
[rtmod] DISPATCH kernel=38 count=1 gx=1 gy=1 gz=1
[rtmod] FEW name=Subtract count=256
[rtmod] DISPATCH kernel=454 count=256 gx=1 gy=1 gz=1
[rtmod] DISPATCH kernel=66 count=1 gx=1 gy=1 gz=1
[rtmod] EV-SIGNAL tid=471452 ev=0xaaab65efcc80 val=1 st=1 host=0
[rtmod] SUBMIT-ENTER tid=471452
[rtmod] SUBMIT tid=471452 cv=21 waits=1 sigs=2 cmds=1
[rtmod] COMMIT-NOOP
[rtmod] DISPATCH kernel=192 count=64 gx=1 gy=1 gz=1
[rtmod] DISPATCH kernel=223 count=64 gx=1 gy=1 gz=1
[rtmod] DISPATCH kernel=26 count=32 gx=2 gy=1 gz=1
[rtmod] DISPATCH kernel=26 count=32 gx=2 gy=1 gz=1
[rtmod] DISPATCH kernel=26 count=64 gx=4 gy=1 gz=1
[rtmod] DISPATCH kernel=223 count=32 gx=1 gy=1 gz=1
[rtmod] DISPATCH kernel=247 count=16 gx=1 gy=1 gz=1
[rtmod] DISPATCH kernel=223 count=64 gx=2 gy=1 gz=1
[rtmod] DISPATCH kernel=58 count=32 gx=1 gy=1 gz=1
[rtmod] DISPATCH kernel=58 count=32 gx=1 gy=1 gz=1
[rtmod] DISPATCH kernel=247 count=32 gx=1 gy=1 gz=1
[rtmod] DISPATCH kernel=9 count=64 gx=1 gy=1 gz=1
[rtmod] FEW name=ScaledDotProductAttention count=64
[rtmod] DISPATCH kernel=452 count=64 gx=1 gy=1 gz=1
[rtmod] DISPATCH kernel=9 count=160 gx=1 gy=1 gz=1
[rtmod] DISPATCH kernel=9 count=160 gx=1 gy=1 gz=1
[rtmod] DISPATCH kernel=23 count=10 gx=1 gy=1 gz=2
[rtmod] DISPATCH kernel=33 count=10 gx=2 gy=1 gz=1
[rtmod] DISPATCH kernel=23 count=64 gx=2 gy=1 gz=2
[rtmod] DISPATCH kernel=10 count=64 gx=1 gy=1 gz=1
[rtmod] DISPATCH kernel=26 count=64 gx=4 gy=1 gz=1
[rtmod] FEW name=Add count=64
[rtmod] DISPATCH kernel=406 count=64 gx=1 gy=1 gz=1
[rtmod] DISPATCH kernel=223 count=64 gx=1 gy=1 gz=1
[rtmod] DISPATCH kernel=26 count=128 gx=8 gy=1 gz=1
[rtmod] DISPATCH kernel=26 count=128 gx=8 gy=1 gz=1
[rtmod] DISPATCH kernel=409 count=128 gx=1 gy=1 gz=1
[rtmod] DISPATCH kernel=29 count=64 gx=16 gy=1 gz=1
[rtmod] FEW name=Add count=64
[rtmod] DISPATCH kernel=406 count=64 gx=1 gy=1 gz=1
[rtmod] DISPATCH kernel=223 count=64 gx=1 gy=1 gz=1
[rtmod] DISPATCH kernel=26 count=32 gx=2 gy=1 gz=1
[rtmod] DISPATCH kernel=26 count=32 gx=2 gy=1 gz=1
[rtmod] DISPATCH kernel=26 count=64 gx=4 gy=1 gz=1
[rtmod] DISPATCH kernel=223 count=32 gx=1 gy=1 gz=1
[rtmod] DISPATCH kernel=247 count=16 gx=1 gy=1 gz=1
[rtmod] DISPATCH kernel=223 count=64 gx=2 gy=1 gz=1
[rtmod] DISPATCH kernel=58 count=32 gx=1 gy=1 gz=1
[rtmod] DISPATCH kernel=58 count=32 gx=1 gy=1 gz=1
[rtmod] DISPATCH kernel=247 count=32 gx=1 gy=1 gz=1
[rtmod] DISPATCH kernel=9 count=64 gx=1 gy=1 gz=1
[rtmod] FEW name=ScaledDotProductAttention count=64
[rtmod] DISPATCH kernel=452 count=64 gx=1 gy=1 gz=1
[rtmod] DISPATCH kernel=9 count=160 gx=1 gy=1 gz=1
[rtmod] DISPATCH kernel=9 count=160 gx=1 gy=1 gz=1
[rtmod] DISPATCH kernel=23 count=10 gx=1 gy=1 gz=2
[rtmod] DISPATCH kernel=33 count=10 gx=2 gy=1 gz=1
[rtmod] DISPATCH kernel=23 count=64 gx=2 gy=1 gz=2
[rtmod] DISPATCH kernel=10 count=64 gx=1 gy=1 gz=1
[rtmod] DISPATCH kernel=26 count=64 gx=4 gy=1 gz=1
[rtmod] FEW name=Add count=64
[rtmod] DISPATCH kernel=406 count=64 gx=1 gy=1 gz=1
[rtmod] DISPATCH kernel=223 count=64 gx=1 gy=1 gz=1
[rtmod] DISPATCH kernel=26 count=128 gx=8 gy=1 gz=1
[rtmod] DISPATCH kernel=26 count=128 gx=8 gy=1 gz=1
[rtmod] DISPATCH kernel=409 count=128 gx=1 gy=1 gz=1
[rtmod] DISPATCH kernel=29 count=64 gx=16 gy=1 gz=1
[rtmod] FEW name=Add count=64
[rtmod] DISPATCH kernel=406 count=64 gx=1 gy=1 gz=1
[rtmod] DISPATCH kernel=223 count=64 gx=1 gy=1 gz=1
[rtmod] DISPATCH kernel=26 count=256 gx=16 gy=1 gz=1
[rtmod] DISPATCH kernel=38 count=1 gx=1 gy=1 gz=1
[rtmod] FEW name=Subtract count=256
[rtmod] DISPATCH kernel=454 count=256 gx=1 gy=1 gz=1
[rtmod] DISPATCH kernel=66 count=1 gx=1 gy=1 gz=1
[rtmod] EV-SIGNAL tid=471452 ev=0xaaab65f696e0 val=1 st=1 host=0
[rtmod] SUBMIT-ENTER tid=471452
[rtmod] SUBMIT tid=471452 cv=22 waits=1 sigs=2 cmds=1
[rtmod] COMMIT-NOOP
[rtmod] DISPATCH kernel=192 count=64 gx=1 gy=1 gz=1
[rtmod] DISPATCH kernel=223 count=64 gx=1 gy=1 gz=1
[rtmod] DISPATCH kernel=26 count=32 gx=2 gy=1 gz=1
[rtmod] DISPATCH kernel=26 count=32 gx=2 gy=1 gz=1
[rtmod] DISPATCH kernel=26 count=64 gx=4 gy=1 gz=1
[rtmod] DISPATCH kernel=223 count=32 gx=1 gy=1 gz=1
[rtmod] DISPATCH kernel=247 count=16 gx=1 gy=1 gz=1
[rtmod] DISPATCH kernel=223 count=64 gx=2 gy=1 gz=1
[rtmod] DISPATCH kernel=58 count=32 gx=1 gy=1 gz=1
[rtmod] DISPATCH kernel=58 count=32 gx=1 gy=1 gz=1
[rtmod] DISPATCH kernel=247 count=32 gx=1 gy=1 gz=1
[rtmod] DISPATCH kernel=9 count=64 gx=1 gy=1 gz=1
[rtmod] FEW name=ScaledDotProductAttention count=64
[rtmod] DISPATCH kernel=452 count=64 gx=1 gy=1 gz=1
[rtmod] DISPATCH kernel=9 count=192 gx=1 gy=1 gz=1
[rtmod] DISPATCH kernel=9 count=192 gx=1 gy=1 gz=1
[rtmod] DISPATCH kernel=23 count=12 gx=1 gy=1 gz=2
[rtmod] DISPATCH kernel=33 count=12 gx=2 gy=1 gz=1
[rtmod] DISPATCH kernel=23 count=64 gx=2 gy=1 gz=2
[rtmod] DISPATCH kernel=10 count=64 gx=1 gy=1 gz=1
[rtmod] DISPATCH kernel=26 count=64 gx=4 gy=1 gz=1
[rtmod] FEW name=Add count=64
[rtmod] DISPATCH kernel=406 count=64 gx=1 gy=1 gz=1
[rtmod] DISPATCH kernel=223 count=64 gx=1 gy=1 gz=1
[rtmod] DISPATCH kernel=26 count=128 gx=8 gy=1 gz=1
[rtmod] DISPATCH kernel=26 count=128 gx=8 gy=1 gz=1
[rtmod] DISPATCH kernel=409 count=128 gx=1 gy=1 gz=1
[rtmod] DISPATCH kernel=29 count=64 gx=16 gy=1 gz=1
[rtmod] FEW name=Add count=64
[rtmod] DISPATCH kernel=406 count=64 gx=1 gy=1 gz=1
[rtmod] DISPATCH kernel=223 count=64 gx=1 gy=1 gz=1
[rtmod] DISPATCH kernel=26 count=32 gx=2 gy=1 gz=1
[rtmod] DISPATCH kernel=26 count=32 gx=2 gy=1 gz=1
[rtmod] DISPATCH kernel=26 count=64 gx=4 gy=1 gz=1
[rtmod] DISPATCH kernel=223 count=32 gx=1 gy=1 gz=1
[rtmod] DISPATCH kernel=247 count=16 gx=1 gy=1 gz=1
[rtmod] DISPATCH kernel=223 count=64 gx=2 gy=1 gz=1
[rtmod] DISPATCH kernel=58 count=32 gx=1 gy=1 gz=1
[rtmod] DISPATCH kernel=58 count=32 gx=1 gy=1 gz=1
[rtmod] DISPATCH kernel=247 count=32 gx=1 gy=1 gz=1
[rtmod] DISPATCH kernel=9 count=64 gx=1 gy=1 gz=1
[rtmod] FEW name=ScaledDotProductAttention count=64
[rtmod] DISPATCH kernel=452 count=64 gx=1 gy=1 gz=1
[rtmod] DISPATCH kernel=9 count=192 gx=1 gy=1 gz=1
[rtmod] DISPATCH kernel=9 count=192 gx=1 gy=1 gz=1
[rtmod] DISPATCH kernel=23 count=12 gx=1 gy=1 gz=2
[rtmod] DISPATCH kernel=33 count=12 gx=2 gy=1 gz=1
[rtmod] DISPATCH kernel=23 count=64 gx=2 gy=1 gz=2
[rtmod] DISPATCH kernel=10 count=64 gx=1 gy=1 gz=1
[rtmod] DISPATCH kernel=26 count=64 gx=4 gy=1 gz=1
[rtmod] FEW name=Add count=64
[rtmod] DISPATCH kernel=406 count=64 gx=1 gy=1 gz=1
[rtmod] DISPATCH kernel=223 count=64 gx=1 gy=1 gz=1
[rtmod] DISPATCH kernel=26 count=128 gx=8 gy=1 gz=1
[rtmod] DISPATCH kernel=26 count=128 gx=8 gy=1 gz=1
[rtmod] DISPATCH kernel=409 count=128 gx=1 gy=1 gz=1
[rtmod] DISPATCH kernel=29 count=64 gx=16 gy=1 gz=1
[rtmod] FEW name=Add count=64
[rtmod] DISPATCH kernel=406 count=64 gx=1 gy=1 gz=1
[rtmod] DISPATCH kernel=223 count=64 gx=1 gy=1 gz=1
[rtmod] DISPATCH kernel=26 count=256 gx=16 gy=1 gz=1
[rtmod] DISPATCH kernel=38 count=1 gx=1 gy=1 gz=1
[rtmod] FEW name=Subtract count=256
[rtmod] DISPATCH kernel=454 count=256 gx=1 gy=1 gz=1
[rtmod] DISPATCH kernel=66 count=1 gx=1 gy=1 gz=1
[rtmod] EV-SIGNAL tid=471452 ev=0xaaab65f2f140 val=1 st=1 host=0
[rtmod] SUBMIT-ENTER tid=471452
[rtmod] SUBMIT tid=471452 cv=23 waits=1 sigs=2 cmds=1
[rtmod] COMMIT-NOOP
[rtmod] DISPATCH kernel=192 count=64 gx=1 gy=1 gz=1
[rtmod] DISPATCH kernel=223 count=64 gx=1 gy=1 gz=1
[rtmod] DISPATCH kernel=26 count=32 gx=2 gy=1 gz=1
[rtmod] DISPATCH kernel=26 count=32 gx=2 gy=1 gz=1
[rtmod] DISPATCH kernel=26 count=64 gx=4 gy=1 gz=1
[rtmod] DISPATCH kernel=223 count=32 gx=1 gy=1 gz=1
[rtmod] DISPATCH kernel=247 count=16 gx=1 gy=1 gz=1
[rtmod] DISPATCH kernel=223 count=64 gx=2 gy=1 gz=1
[rtmod] DISPATCH kernel=58 count=32 gx=1 gy=1 gz=1
[rtmod] DISPATCH kernel=58 count=32 gx=1 gy=1 gz=1
[rtmod] DISPATCH kernel=247 count=32 gx=1 gy=1 gz=1
[rtmod] DISPATCH kernel=9 count=64 gx=1 gy=1 gz=1
[rtmod] FEW name=ScaledDotProductAttention count=64
[rtmod] DISPATCH kernel=452 count=64 gx=1 gy=1 gz=1
[rtmod] DISPATCH kernel=9 count=224 gx=1 gy=1 gz=1
[rtmod] DISPATCH kernel=9 count=224 gx=1 gy=1 gz=1
[rtmod] DISPATCH kernel=23 count=14 gx=1 gy=1 gz=2
[rtmod] DISPATCH kernel=33 count=14 gx=2 gy=1 gz=1
[rtmod] DISPATCH kernel=23 count=64 gx=2 gy=1 gz=2
[rtmod] DISPATCH kernel=10 count=64 gx=1 gy=1 gz=1
[rtmod] DISPATCH kernel=26 count=64 gx=4 gy=1 gz=1
[rtmod] FEW name=Add count=64
[rtmod] DISPATCH kernel=406 count=64 gx=1 gy=1 gz=1
[rtmod] DISPATCH kernel=223 count=64 gx=1 gy=1 gz=1
[rtmod] DISPATCH kernel=26 count=128 gx=8 gy=1 gz=1
[rtmod] DISPATCH kernel=26 count=128 gx=8 gy=1 gz=1
[rtmod] DISPATCH kernel=409 count=128 gx=1 gy=1 gz=1
[rtmod] DISPATCH kernel=29 count=64 gx=16 gy=1 gz=1
[rtmod] FEW name=Add count=64
[rtmod] DISPATCH kernel=406 count=64 gx=1 gy=1 gz=1
[rtmod] DISPATCH kernel=223 count=64 gx=1 gy=1 gz=1
[rtmod] DISPATCH kernel=26 count=32 gx=2 gy=1 gz=1
[rtmod] DISPATCH kernel=26 count=32 gx=2 gy=1 gz=1
[rtmod] DISPATCH kernel=26 count=64 gx=4 gy=1 gz=1
[rtmod] DISPATCH kernel=223 count=32 gx=1 gy=1 gz=1
[rtmod] DISPATCH kernel=247 count=16 gx=1 gy=1 gz=1
[rtmod] DISPATCH kernel=223 count=64 gx=2 gy=1 gz=1
[rtmod] DISPATCH kernel=58 count=32 gx=1 gy=1 gz=1
[rtmod] DISPATCH kernel=58 count=32 gx=1 gy=1 gz=1
[rtmod] DISPATCH kernel=247 count=32 gx=1 gy=1 gz=1
[rtmod] DISPATCH kernel=9 count=64 gx=1 gy=1 gz=1
[rtmod] FEW name=ScaledDotProductAttention count=64
[rtmod] DISPATCH kernel=452 count=64 gx=1 gy=1 gz=1
[rtmod] DISPATCH kernel=9 count=224 gx=1 gy=1 gz=1
[rtmod] DISPATCH kernel=9 count=224 gx=1 gy=1 gz=1
[rtmod] DISPATCH kernel=23 count=14 gx=1 gy=1 gz=2
[rtmod] DISPATCH kernel=33 count=14 gx=2 gy=1 gz=1
[rtmod] DISPATCH kernel=23 count=64 gx=2 gy=1 gz=2
[rtmod] DISPATCH kernel=10 count=64 gx=1 gy=1 gz=1
[rtmod] DISPATCH kernel=26 count=64 gx=4 gy=1 gz=1
[rtmod] FEW name=Add count=64
[rtmod] DISPATCH kernel=406 count=64 gx=1 gy=1 gz=1
[rtmod] DISPATCH kernel=223 count=64 gx=1 gy=1 gz=1
[rtmod] DISPATCH kernel=26 count=128 gx=8 gy=1 gz=1
[rtmod] DISPATCH kernel=26 count=128 gx=8 gy=1 gz=1
[rtmod] DISPATCH kernel=409 count=128 gx=1 gy=1 gz=1
[rtmod] DISPATCH kernel=29 count=64 gx=16 gy=1 gz=1
[rtmod] FEW name=Add count=64
[rtmod] DISPATCH kernel=406 count=64 gx=1 gy=1 gz=1
[rtmod] DISPATCH kernel=223 count=64 gx=1 gy=1 gz=1
[rtmod] DISPATCH kernel=26 count=256 gx=16 gy=1 gz=1
[rtmod] DISPATCH kernel=38 count=1 gx=1 gy=1 gz=1
[rtmod] FEW name=Subtract count=256
[rtmod] DISPATCH kernel=454 count=256 gx=1 gy=1 gz=1
[rtmod] DISPATCH kernel=66 count=1 gx=1 gy=1 gz=1
[rtmod] EV-SIGNAL tid=471452 ev=0xaaab659db750 val=1 st=1 host=0
[rtmod] SUBMIT-ENTER tid=471452
[rtmod] SUBMIT tid=471452 cv=24 waits=1 sigs=2 cmds=1
[rtmod] COMMIT-NOOP
[rtmod] DISPATCH kernel=192 count=64 gx=1 gy=1 gz=1
[rtmod] DISPATCH kernel=223 count=64 gx=1 gy=1 gz=1
[rtmod] DISPATCH kernel=26 count=32 gx=2 gy=1 gz=1
[rtmod] DISPATCH kernel=26 count=32 gx=2 gy=1 gz=1
[rtmod] DISPATCH kernel=26 count=64 gx=4 gy=1 gz=1
[rtmod] DISPATCH kernel=223 count=32 gx=1 gy=1 gz=1
[rtmod] DISPATCH kernel=247 count=16 gx=1 gy=1 gz=1
[rtmod] DISPATCH kernel=223 count=64 gx=2 gy=1 gz=1
[rtmod] DISPATCH kernel=58 count=32 gx=1 gy=1 gz=1
[rtmod] DISPATCH kernel=58 count=32 gx=1 gy=1 gz=1
[rtmod] DISPATCH kernel=247 count=32 gx=1 gy=1 gz=1
[rtmod] DISPATCH kernel=9 count=64 gx=1 gy=1 gz=1
[rtmod] FEW name=ScaledDotProductAttention count=64
[rtmod] DISPATCH kernel=452 count=64 gx=1 gy=1 gz=1
[rtmod] DISPATCH kernel=9 count=256 gx=1 gy=1 gz=1
[rtmod] DISPATCH kernel=9 count=256 gx=1 gy=1 gz=1
[rtmod] DISPATCH kernel=23 count=16 gx=1 gy=1 gz=2
[rtmod] DISPATCH kernel=33 count=16 gx=2 gy=1 gz=1
[rtmod] DISPATCH kernel=23 count=64 gx=2 gy=1 gz=2
[rtmod] DISPATCH kernel=10 count=64 gx=1 gy=1 gz=1
[rtmod] DISPATCH kernel=26 count=64 gx=4 gy=1 gz=1
[rtmod] FEW name=Add count=64
[rtmod] DISPATCH kernel=406 count=64 gx=1 gy=1 gz=1
[rtmod] DISPATCH kernel=223 count=64 gx=1 gy=1 gz=1
[rtmod] DISPATCH kernel=26 count=128 gx=8 gy=1 gz=1
[rtmod] DISPATCH kernel=26 count=128 gx=8 gy=1 gz=1
[rtmod] DISPATCH kernel=409 count=128 gx=1 gy=1 gz=1
[rtmod] DISPATCH kernel=29 count=64 gx=16 gy=1 gz=1
[rtmod] FEW name=Add count=64
[rtmod] DISPATCH kernel=406 count=64 gx=1 gy=1 gz=1
[rtmod] DISPATCH kernel=223 count=64 gx=1 gy=1 gz=1
[rtmod] DISPATCH kernel=26 count=32 gx=2 gy=1 gz=1
[rtmod] DISPATCH kernel=26 count=32 gx=2 gy=1 gz=1
[rtmod] DISPATCH kernel=26 count=64 gx=4 gy=1 gz=1
[rtmod] DISPATCH kernel=223 count=32 gx=1 gy=1 gz=1
[rtmod] DISPATCH kernel=247 count=16 gx=1 gy=1 gz=1
[rtmod] DISPATCH kernel=223 count=64 gx=2 gy=1 gz=1
[rtmod] DISPATCH kernel=58 count=32 gx=1 gy=1 gz=1
[rtmod] DISPATCH kernel=58 count=32 gx=1 gy=1 gz=1
[rtmod] DISPATCH kernel=247 count=32 gx=1 gy=1 gz=1
[rtmod] DISPATCH kernel=9 count=64 gx=1 gy=1 gz=1
[rtmod] FEW name=ScaledDotProductAttention count=64
[rtmod] DISPATCH kernel=452 count=64 gx=1 gy=1 gz=1
[rtmod] DISPATCH kernel=9 count=256 gx=1 gy=1 gz=1
[rtmod] DISPATCH kernel=9 count=256 gx=1 gy=1 gz=1
[rtmod] DISPATCH kernel=23 count=16 gx=1 gy=1 gz=2
[rtmod] DISPATCH kernel=33 count=16 gx=2 gy=1 gz=1
[rtmod] DISPATCH kernel=23 count=64 gx=2 gy=1 gz=2
[rtmod] DISPATCH kernel=10 count=64 gx=1 gy=1 gz=1
[rtmod] DISPATCH kernel=26 count=64 gx=4 gy=1 gz=1
[rtmod] FEW name=Add count=64
[rtmod] DISPATCH kernel=406 count=64 gx=1 gy=1 gz=1
[rtmod] DISPATCH kernel=223 count=64 gx=1 gy=1 gz=1
[rtmod] DISPATCH kernel=26 count=128 gx=8 gy=1 gz=1
[rtmod] DISPATCH kernel=26 count=128 gx=8 gy=1 gz=1
[rtmod] DISPATCH kernel=409 count=128 gx=1 gy=1 gz=1
[rtmod] DISPATCH kernel=29 count=64 gx=16 gy=1 gz=1
[rtmod] FEW name=Add count=64
[rtmod] DISPATCH kernel=406 count=64 gx=1 gy=1 gz=1
[rtmod] DISPATCH kernel=223 count=64 gx=1 gy=1 gz=1
[rtmod] DISPATCH kernel=26 count=256 gx=16 gy=1 gz=1
[rtmod] DISPATCH kernel=38 count=1 gx=1 gy=1 gz=1
[rtmod] FEW name=Subtract count=256
[rtmod] DISPATCH kernel=454 count=256 gx=1 gy=1 gz=1
[rtmod] DISPATCH kernel=66 count=1 gx=1 gy=1 gz=1
[rtmod] EV-SIGNAL tid=471452 ev=0xaaab65f1a280 val=1 st=1 host=0
[rtmod] SUBMIT-ENTER tid=471452
[rtmod] SUBMIT tid=471452 cv=25 waits=1 sigs=2 cmds=1
[rtmod] COMMIT-NOOP
[rtmod] EV-WAIT tid=471452 ev=0xaaab659db750 val=1 cnt=0 resv=25
[rtmod] DISPATCH kernel=192 count=64 gx=1 gy=1 gz=1
[rtmod] DISPATCH kernel=223 count=64 gx=1 gy=1 gz=1
[rtmod] DISPATCH kernel=26 count=32 gx=2 gy=1 gz=1
[rtmod] DISPATCH kernel=26 count=32 gx=2 gy=1 gz=1
[rtmod] DISPATCH kernel=26 count=64 gx=4 gy=1 gz=1
[rtmod] DISPATCH kernel=223 count=32 gx=1 gy=1 gz=1
[rtmod] DISPATCH kernel=247 count=16 gx=1 gy=1 gz=1
[rtmod] DISPATCH kernel=223 count=64 gx=2 gy=1 gz=1
[rtmod] DISPATCH kernel=58 count=32 gx=1 gy=1 gz=1
[rtmod] DISPATCH kernel=58 count=32 gx=1 gy=1 gz=1
[rtmod] DISPATCH kernel=247 count=32 gx=1 gy=1 gz=1
[rtmod] DISPATCH kernel=9 count=64 gx=1 gy=1 gz=1
[rtmod] FEW name=ScaledDotProductAttention count=64
[rtmod] DISPATCH kernel=452 count=64 gx=1 gy=1 gz=1
[rtmod] DISPATCH kernel=9 count=288 gx=2 gy=1 gz=1
[rtmod] DISPATCH kernel=9 count=288 gx=2 gy=1 gz=1
[rtmod] DISPATCH kernel=23 count=18 gx=1 gy=1 gz=2
[rtmod] DISPATCH kernel=33 count=18 gx=2 gy=1 gz=1
[rtmod] DISPATCH kernel=23 count=64 gx=2 gy=1 gz=2
[rtmod] DISPATCH kernel=10 count=64 gx=1 gy=1 gz=1
[rtmod] DISPATCH kernel=26 count=64 gx=4 gy=1 gz=1
[rtmod] FEW name=Add count=64
[rtmod] DISPATCH kernel=406 count=64 gx=1 gy=1 gz=1
[rtmod] DISPATCH kernel=223 count=64 gx=1 gy=1 gz=1
[rtmod] DISPATCH kernel=26 count=128 gx=8 gy=1 gz=1
[rtmod] DISPATCH kernel=26 count=128 gx=8 gy=1 gz=1
[rtmod] DISPATCH kernel=409 count=128 gx=1 gy=1 gz=1
[rtmod] DISPATCH kernel=29 count=64 gx=16 gy=1 gz=1
[rtmod] FEW name=Add count=64
[rtmod] DISPATCH kernel=406 count=64 gx=1 gy=1 gz=1
[rtmod] DISPATCH kernel=223 count=64 gx=1 gy=1 gz=1
[rtmod] DISPATCH kernel=26 count=32 gx=2 gy=1 gz=1
[rtmod] DISPATCH kernel=26 count=32 gx=2 gy=1 gz=1
[rtmod] DISPATCH kernel=26 count=64 gx=4 gy=1 gz=1
[rtmod] DISPATCH kernel=223 count=32 gx=1 gy=1 gz=1
[rtmod] DISPATCH kernel=247 count=16 gx=1 gy=1 gz=1
[rtmod] DISPATCH kernel=223 count=64 gx=2 gy=1 gz=1
[rtmod] DISPATCH kernel=58 count=32 gx=1 gy=1 gz=1
[rtmod] DISPATCH kernel=58 count=32 gx=1 gy=1 gz=1
[rtmod] DISPATCH kernel=247 count=32 gx=1 gy=1 gz=1
[rtmod] DISPATCH kernel=9 count=64 gx=1 gy=1 gz=1
[rtmod] FEW name=ScaledDotProductAttention count=64
[rtmod] DISPATCH kernel=452 count=64 gx=1 gy=1 gz=1
[rtmod] DISPATCH kernel=9 count=288 gx=2 gy=1 gz=1
[rtmod] DISPATCH kernel=9 count=288 gx=2 gy=1 gz=1
[rtmod] DISPATCH kernel=23 count=18 gx=1 gy=1 gz=2
[rtmod] DISPATCH kernel=33 count=18 gx=2 gy=1 gz=1
[rtmod] DISPATCH kernel=23 count=64 gx=2 gy=1 gz=2
[rtmod] DISPATCH kernel=10 count=64 gx=1 gy=1 gz=1
[rtmod] DISPATCH kernel=26 count=64 gx=4 gy=1 gz=1
[rtmod] FEW name=Add count=64
[rtmod] DISPATCH kernel=406 count=64 gx=1 gy=1 gz=1
[rtmod] DISPATCH kernel=223 count=64 gx=1 gy=1 gz=1
[rtmod] DISPATCH kernel=26 count=128 gx=8 gy=1 gz=1
[rtmod] DISPATCH kernel=26 count=128 gx=8 gy=1 gz=1
[rtmod] DISPATCH kernel=409 count=128 gx=1 gy=1 gz=1
[rtmod] DISPATCH kernel=29 count=64 gx=16 gy=1 gz=1
[rtmod] FEW name=Add count=64
[rtmod] DISPATCH kernel=406 count=64 gx=1 gy=1 gz=1
[rtmod] DISPATCH kernel=223 count=64 gx=1 gy=1 gz=1
[rtmod] DISPATCH kernel=26 count=256 gx=16 gy=1 gz=1
[rtmod] DISPATCH kernel=38 count=1 gx=1 gy=1 gz=1
[rtmod] FEW name=Subtract count=256
[rtmod] DISPATCH kernel=454 count=256 gx=1 gy=1 gz=1
[rtmod] DISPATCH kernel=66 count=1 gx=1 gy=1 gz=1
[rtmod] EV-SIGNAL tid=471452 ev=0xaaab65fb0280 val=1 st=1 host=0
[rtmod] SUBMIT-ENTER tid=471452
[rtmod] SUBMIT tid=471452 cv=26 waits=1 sigs=2 cmds=1
[rtmod] COMMIT-NOOP
[rtmod] EV-WAIT tid=471452 ev=0xaaab65f1a280 val=1 cnt=0 resv=26
[rtmod] DISPATCH kernel=192 count=64 gx=1 gy=1 gz=1
[rtmod] DISPATCH kernel=223 count=64 gx=1 gy=1 gz=1
[rtmod] DISPATCH kernel=26 count=32 gx=2 gy=1 gz=1
[rtmod] DISPATCH kernel=26 count=32 gx=2 gy=1 gz=1
[rtmod] DISPATCH kernel=26 count=64 gx=4 gy=1 gz=1
[rtmod] DISPATCH kernel=223 count=32 gx=1 gy=1 gz=1
[rtmod] DISPATCH kernel=247 count=16 gx=1 gy=1 gz=1
[rtmod] DISPATCH kernel=223 count=64 gx=2 gy=1 gz=1
[rtmod] DISPATCH kernel=58 count=32 gx=1 gy=1 gz=1
[rtmod] DISPATCH kernel=58 count=32 gx=1 gy=1 gz=1
[rtmod] DISPATCH kernel=247 count=32 gx=1 gy=1 gz=1
[rtmod] DISPATCH kernel=9 count=64 gx=1 gy=1 gz=1
[rtmod] FEW name=ScaledDotProductAttention count=64
[rtmod] DISPATCH kernel=452 count=64 gx=1 gy=1 gz=1
[rtmod] DISPATCH kernel=9 count=320 gx=2 gy=1 gz=1
[rtmod] DISPATCH kernel=9 count=320 gx=2 gy=1 gz=1
[rtmod] DISPATCH kernel=23 count=20 gx=1 gy=1 gz=2
[rtmod] DISPATCH kernel=33 count=20 gx=2 gy=1 gz=1
[rtmod] DISPATCH kernel=23 count=64 gx=2 gy=1 gz=2
[rtmod] DISPATCH kernel=10 count=64 gx=1 gy=1 gz=1
[rtmod] DISPATCH kernel=26 count=64 gx=4 gy=1 gz=1
[rtmod] FEW name=Add count=64
[rtmod] DISPATCH kernel=406 count=64 gx=1 gy=1 gz=1
[rtmod] DISPATCH kernel=223 count=64 gx=1 gy=1 gz=1
[rtmod] DISPATCH kernel=26 count=128 gx=8 gy=1 gz=1
[rtmod] DISPATCH kernel=26 count=128 gx=8 gy=1 gz=1
[rtmod] DISPATCH kernel=409 count=128 gx=1 gy=1 gz=1
[rtmod] DISPATCH kernel=29 count=64 gx=16 gy=1 gz=1
[rtmod] FEW name=Add count=64
[rtmod] DISPATCH kernel=406 count=64 gx=1 gy=1 gz=1
[rtmod] DISPATCH kernel=223 count=64 gx=1 gy=1 gz=1
[rtmod] DISPATCH kernel=26 count=32 gx=2 gy=1 gz=1
[rtmod] DISPATCH kernel=26 count=32 gx=2 gy=1 gz=1
[rtmod] DISPATCH kernel=26 count=64 gx=4 gy=1 gz=1
[rtmod] DISPATCH kernel=223 count=32 gx=1 gy=1 gz=1
[rtmod] DISPATCH kernel=247 count=16 gx=1 gy=1 gz=1
[rtmod] DISPATCH kernel=223 count=64 gx=2 gy=1 gz=1
[rtmod] DISPATCH kernel=58 count=32 gx=1 gy=1 gz=1
[rtmod] DISPATCH kernel=58 count=32 gx=1 gy=1 gz=1
[rtmod] DISPATCH kernel=247 count=32 gx=1 gy=1 gz=1
[rtmod] DISPATCH kernel=9 count=64 gx=1 gy=1 gz=1
[rtmod] FEW name=ScaledDotProductAttention count=64
[rtmod] DISPATCH kernel=452 count=64 gx=1 gy=1 gz=1
[rtmod] DISPATCH kernel=9 count=320 gx=2 gy=1 gz=1
[rtmod] DISPATCH kernel=9 count=320 gx=2 gy=1 gz=1
[rtmod] DISPATCH kernel=23 count=20 gx=1 gy=1 gz=2
[rtmod] DISPATCH kernel=33 count=20 gx=2 gy=1 gz=1
[rtmod] DISPATCH kernel=23 count=64 gx=2 gy=1 gz=2
[rtmod] DISPATCH kernel=10 count=64 gx=1 gy=1 gz=1
[rtmod] DISPATCH kernel=26 count=64 gx=4 gy=1 gz=1
[rtmod] FEW name=Add count=64
[rtmod] DISPATCH kernel=406 count=64 gx=1 gy=1 gz=1
[rtmod] DISPATCH kernel=223 count=64 gx=1 gy=1 gz=1
[rtmod] DISPATCH kernel=26 count=128 gx=8 gy=1 gz=1
[rtmod] DISPATCH kernel=26 count=128 gx=8 gy=1 gz=1
[rtmod] DISPATCH kernel=409 count=128 gx=1 gy=1 gz=1
[rtmod] DISPATCH kernel=29 count=64 gx=16 gy=1 gz=1
[rtmod] FEW name=Add count=64
[rtmod] DISPATCH kernel=406 count=64 gx=1 gy=1 gz=1
[rtmod] DISPATCH kernel=223 count=64 gx=1 gy=1 gz=1
[rtmod] DISPATCH kernel=26 count=256 gx=16 gy=1 gz=1
[rtmod] DISPATCH kernel=38 count=1 gx=1 gy=1 gz=1
[rtmod] FEW name=Subtract count=256
[rtmod] DISPATCH kernel=454 count=256 gx=1 gy=1 gz=1
[rtmod] DISPATCH kernel=66 count=1 gx=1 gy=1 gz=1
[rtmod] EV-SIGNAL tid=471452 ev=0xaaab659db750 val=1 st=1 host=0
[rtmod] SUBMIT-ENTER tid=471452
[rtmod] SUBMIT tid=471452 cv=27 waits=1 sigs=2 cmds=1
[rtmod] COMMIT-NOOP
[rtmod] EV-WAIT tid=471452 ev=0xaaab65fb0280 val=1 cnt=0 resv=27
[rtmod] DISPATCH kernel=192 count=64 gx=1 gy=1 gz=1
[rtmod] DISPATCH kernel=223 count=64 gx=1 gy=1 gz=1
[rtmod] DISPATCH kernel=26 count=32 gx=2 gy=1 gz=1
[rtmod] DISPATCH kernel=26 count=32 gx=2 gy=1 gz=1
[rtmod] DISPATCH kernel=26 count=64 gx=4 gy=1 gz=1
[rtmod] DISPATCH kernel=223 count=32 gx=1 gy=1 gz=1
[rtmod] DISPATCH kernel=247 count=16 gx=1 gy=1 gz=1
[rtmod] DISPATCH kernel=223 count=64 gx=2 gy=1 gz=1
[rtmod] DISPATCH kernel=58 count=32 gx=1 gy=1 gz=1
[rtmod] DISPATCH kernel=58 count=32 gx=1 gy=1 gz=1
[rtmod] DISPATCH kernel=247 count=32 gx=1 gy=1 gz=1
[rtmod] DISPATCH kernel=9 count=64 gx=1 gy=1 gz=1
[rtmod] FEW name=ScaledDotProductAttention count=64
[rtmod] DISPATCH kernel=452 count=64 gx=1 gy=1 gz=1
[rtmod] DISPATCH kernel=9 count=352 gx=2 gy=1 gz=1
[rtmod] DISPATCH kernel=9 count=352 gx=2 gy=1 gz=1
[rtmod] DISPATCH kernel=23 count=22 gx=1 gy=1 gz=2
[rtmod] DISPATCH kernel=33 count=22 gx=2 gy=1 gz=1
[rtmod] DISPATCH kernel=23 count=64 gx=2 gy=1 gz=2
[rtmod] DISPATCH kernel=10 count=64 gx=1 gy=1 gz=1
[rtmod] DISPATCH kernel=26 count=64 gx=4 gy=1 gz=1
[rtmod] FEW name=Add count=64
[rtmod] DISPATCH kernel=406 count=64 gx=1 gy=1 gz=1
[rtmod] DISPATCH kernel=223 count=64 gx=1 gy=1 gz=1
[rtmod] DISPATCH kernel=26 count=128 gx=8 gy=1 gz=1
[rtmod] DISPATCH kernel=26 count=128 gx=8 gy=1 gz=1
[rtmod] DISPATCH kernel=409 count=128 gx=1 gy=1 gz=1
[rtmod] DISPATCH kernel=29 count=64 gx=16 gy=1 gz=1
[rtmod] FEW name=Add count=64
[rtmod] DISPATCH kernel=406 count=64 gx=1 gy=1 gz=1
[rtmod] DISPATCH kernel=223 count=64 gx=1 gy=1 gz=1
[rtmod] DISPATCH kernel=26 count=32 gx=2 gy=1 gz=1
[rtmod] DISPATCH kernel=26 count=32 gx=2 gy=1 gz=1
[rtmod] DISPATCH kernel=26 count=64 gx=4 gy=1 gz=1
[rtmod] DISPATCH kernel=223 count=32 gx=1 gy=1 gz=1
[rtmod] DISPATCH kernel=247 count=16 gx=1 gy=1 gz=1
[rtmod] DISPATCH kernel=223 count=64 gx=2 gy=1 gz=1
[rtmod] DISPATCH kernel=58 count=32 gx=1 gy=1 gz=1
[rtmod] DISPATCH kernel=58 count=32 gx=1 gy=1 gz=1
[rtmod] DISPATCH kernel=247 count=32 gx=1 gy=1 gz=1
[rtmod] DISPATCH kernel=9 count=64 gx=1 gy=1 gz=1
[rtmod] FEW name=ScaledDotProductAttention count=64
[rtmod] DISPATCH kernel=452 count=64 gx=1 gy=1 gz=1
[rtmod] DISPATCH kernel=9 count=352 gx=2 gy=1 gz=1
[rtmod] DISPATCH kernel=9 count=352 gx=2 gy=1 gz=1
[rtmod] DISPATCH kernel=23 count=22 gx=1 gy=1 gz=2
[rtmod] DISPATCH kernel=33 count=22 gx=2 gy=1 gz=1
[rtmod] DISPATCH kernel=23 count=64 gx=2 gy=1 gz=2
[rtmod] DISPATCH kernel=10 count=64 gx=1 gy=1 gz=1
[rtmod] DISPATCH kernel=26 count=64 gx=4 gy=1 gz=1
[rtmod] FEW name=Add count=64
[rtmod] DISPATCH kernel=406 count=64 gx=1 gy=1 gz=1
[rtmod] DISPATCH kernel=223 count=64 gx=1 gy=1 gz=1
[rtmod] DISPATCH kernel=26 count=128 gx=8 gy=1 gz=1
[rtmod] DISPATCH kernel=26 count=128 gx=8 gy=1 gz=1
[rtmod] DISPATCH kernel=409 count=128 gx=1 gy=1 gz=1
[rtmod] DISPATCH kernel=29 count=64 gx=16 gy=1 gz=1
[rtmod] FEW name=Add count=64
[rtmod] DISPATCH kernel=406 count=64 gx=1 gy=1 gz=1
[rtmod] DISPATCH kernel=223 count=64 gx=1 gy=1 gz=1
[rtmod] DISPATCH kernel=26 count=256 gx=16 gy=1 gz=1
[rtmod] DISPATCH kernel=38 count=1 gx=1 gy=1 gz=1
[rtmod] FEW name=Subtract count=256
[rtmod] DISPATCH kernel=454 count=256 gx=1 gy=1 gz=1
[rtmod] DISPATCH kernel=66 count=1 gx=1 gy=1 gz=1
[rtmod] EV-SIGNAL tid=471452 ev=0xaaab65f1a280 val=1 st=1 host=0
[rtmod] SUBMIT-ENTER tid=471452
[rtmod] SUBMIT tid=471452 cv=28 waits=1 sigs=2 cmds=1
[rtmod] COMMIT-NOOP
[rtmod] EV-WAIT tid=471452 ev=0xaaab659db750 val=1 cnt=0 resv=28
[rtmod] DISPATCH kernel=192 count=64 gx=1 gy=1 gz=1
[rtmod] DISPATCH kernel=223 count=64 gx=1 gy=1 gz=1
[rtmod] DISPATCH kernel=26 count=32 gx=2 gy=1 gz=1
[rtmod] DISPATCH kernel=26 count=32 gx=2 gy=1 gz=1
[rtmod] DISPATCH kernel=26 count=64 gx=4 gy=1 gz=1
[rtmod] DISPATCH kernel=223 count=32 gx=1 gy=1 gz=1
[rtmod] DISPATCH kernel=247 count=16 gx=1 gy=1 gz=1
[rtmod] DISPATCH kernel=223 count=64 gx=2 gy=1 gz=1
[rtmod] DISPATCH kernel=58 count=32 gx=1 gy=1 gz=1
[rtmod] DISPATCH kernel=58 count=32 gx=1 gy=1 gz=1
[rtmod] DISPATCH kernel=247 count=32 gx=1 gy=1 gz=1
[rtmod] DISPATCH kernel=9 count=64 gx=1 gy=1 gz=1
[rtmod] FEW name=ScaledDotProductAttention count=64
[rtmod] DISPATCH kernel=452 count=64 gx=1 gy=1 gz=1
[rtmod] DISPATCH kernel=9 count=384 gx=2 gy=1 gz=1
[rtmod] DISPATCH kernel=9 count=384 gx=2 gy=1 gz=1
[rtmod] DISPATCH kernel=23 count=24 gx=1 gy=1 gz=2
[rtmod] DISPATCH kernel=33 count=24 gx=2 gy=1 gz=1
[rtmod] DISPATCH kernel=23 count=64 gx=2 gy=1 gz=2
[rtmod] DISPATCH kernel=10 count=64 gx=1 gy=1 gz=1
[rtmod] DISPATCH kernel=26 count=64 gx=4 gy=1 gz=1
[rtmod] FEW name=Add count=64
[rtmod] DISPATCH kernel=406 count=64 gx=1 gy=1 gz=1
[rtmod] DISPATCH kernel=223 count=64 gx=1 gy=1 gz=1
[rtmod] DISPATCH kernel=26 count=128 gx=8 gy=1 gz=1
[rtmod] DISPATCH kernel=26 count=128 gx=8 gy=1 gz=1
[rtmod] DISPATCH kernel=409 count=128 gx=1 gy=1 gz=1
[rtmod] DISPATCH kernel=29 count=64 gx=16 gy=1 gz=1
[rtmod] FEW name=Add count=64
[rtmod] DISPATCH kernel=406 count=64 gx=1 gy=1 gz=1
[rtmod] DISPATCH kernel=223 count=64 gx=1 gy=1 gz=1
[rtmod] DISPATCH kernel=26 count=32 gx=2 gy=1 gz=1
[rtmod] DISPATCH kernel=26 count=32 gx=2 gy=1 gz=1
[rtmod] DISPATCH kernel=26 count=64 gx=4 gy=1 gz=1
[rtmod] DISPATCH kernel=223 count=32 gx=1 gy=1 gz=1
[rtmod] DISPATCH kernel=247 count=16 gx=1 gy=1 gz=1
[rtmod] DISPATCH kernel=223 count=64 gx=2 gy=1 gz=1
[rtmod] DISPATCH kernel=58 count=32 gx=1 gy=1 gz=1
[rtmod] DISPATCH kernel=58 count=32 gx=1 gy=1 gz=1
[rtmod] DISPATCH kernel=247 count=32 gx=1 gy=1 gz=1
[rtmod] DISPATCH kernel=9 count=64 gx=1 gy=1 gz=1
[rtmod] FEW name=ScaledDotProductAttention count=64
[rtmod] DISPATCH kernel=452 count=64 gx=1 gy=1 gz=1
[rtmod] DISPATCH kernel=9 count=384 gx=2 gy=1 gz=1
[rtmod] DISPATCH kernel=9 count=384 gx=2 gy=1 gz=1
[rtmod] DISPATCH kernel=23 count=24 gx=1 gy=1 gz=2
[rtmod] DISPATCH kernel=33 count=24 gx=2 gy=1 gz=1
[rtmod] DISPATCH kernel=23 count=64 gx=2 gy=1 gz=2
[rtmod] DISPATCH kernel=10 count=64 gx=1 gy=1 gz=1
[rtmod] DISPATCH kernel=26 count=64 gx=4 gy=1 gz=1
[rtmod] FEW name=Add count=64
[rtmod] DISPATCH kernel=406 count=64 gx=1 gy=1 gz=1
[rtmod] DISPATCH kernel=223 count=64 gx=1 gy=1 gz=1
[rtmod] DISPATCH kernel=26 count=128 gx=8 gy=1 gz=1
[rtmod] DISPATCH kernel=26 count=128 gx=8 gy=1 gz=1
[rtmod] DISPATCH kernel=409 count=128 gx=1 gy=1 gz=1
[rtmod] DISPATCH kernel=29 count=64 gx=16 gy=1 gz=1
[rtmod] FEW name=Add count=64
[rtmod] DISPATCH kernel=406 count=64 gx=1 gy=1 gz=1
[rtmod] DISPATCH kernel=223 count=64 gx=1 gy=1 gz=1
[rtmod] DISPATCH kernel=26 count=256 gx=16 gy=1 gz=1
[rtmod] DISPATCH kernel=38 count=1 gx=1 gy=1 gz=1
[rtmod] FEW name=Subtract count=256
[rtmod] DISPATCH kernel=454 count=256 gx=1 gy=1 gz=1
[rtmod] DISPATCH kernel=66 count=1 gx=1 gy=1 gz=1
[rtmod] EV-SIGNAL tid=471452 ev=0xaaab65fb0280 val=1 st=1 host=0
[rtmod] SUBMIT-ENTER tid=471452
[rtmod] SUBMIT tid=471452 cv=29 waits=1 sigs=2 cmds=1
[rtmod] COMMIT-NOOP
[rtmod] EV-WAIT tid=471452 ev=0xaaab65f1a280 val=1 cnt=0 resv=29
[rtmod] DISPATCH kernel=192 count=64 gx=1 gy=1 gz=1
[rtmod] DISPATCH kernel=223 count=64 gx=1 gy=1 gz=1
[rtmod] DISPATCH kernel=26 count=32 gx=2 gy=1 gz=1
[rtmod] DISPATCH kernel=26 count=32 gx=2 gy=1 gz=1
[rtmod] DISPATCH kernel=26 count=64 gx=4 gy=1 gz=1
[rtmod] DISPATCH kernel=223 count=32 gx=1 gy=1 gz=1
[rtmod] DISPATCH kernel=247 count=16 gx=1 gy=1 gz=1
[rtmod] DISPATCH kernel=223 count=64 gx=2 gy=1 gz=1
[rtmod] DISPATCH kernel=58 count=32 gx=1 gy=1 gz=1
[rtmod] DISPATCH kernel=58 count=32 gx=1 gy=1 gz=1
[rtmod] DISPATCH kernel=247 count=32 gx=1 gy=1 gz=1
[rtmod] DISPATCH kernel=9 count=64 gx=1 gy=1 gz=1
[rtmod] FEW name=ScaledDotProductAttention count=64
[rtmod] DISPATCH kernel=452 count=64 gx=1 gy=1 gz=1
[rtmod] DISPATCH kernel=9 count=416 gx=2 gy=1 gz=1
[rtmod] DISPATCH kernel=9 count=416 gx=2 gy=1 gz=1
[rtmod] DISPATCH kernel=23 count=26 gx=1 gy=1 gz=2
[rtmod] DISPATCH kernel=33 count=26 gx=2 gy=1 gz=1
[rtmod] DISPATCH kernel=23 count=64 gx=2 gy=1 gz=2
[rtmod] DISPATCH kernel=10 count=64 gx=1 gy=1 gz=1
[rtmod] DISPATCH kernel=26 count=64 gx=4 gy=1 gz=1
[rtmod] FEW name=Add count=64
[rtmod] DISPATCH kernel=406 count=64 gx=1 gy=1 gz=1
[rtmod] DISPATCH kernel=223 count=64 gx=1 gy=1 gz=1
[rtmod] DISPATCH kernel=26 count=128 gx=8 gy=1 gz=1
[rtmod] DISPATCH kernel=26 count=128 gx=8 gy=1 gz=1
[rtmod] DISPATCH kernel=409 count=128 gx=1 gy=1 gz=1
[rtmod] DISPATCH kernel=29 count=64 gx=16 gy=1 gz=1
[rtmod] FEW name=Add count=64
[rtmod] DISPATCH kernel=406 count=64 gx=1 gy=1 gz=1
[rtmod] DISPATCH kernel=223 count=64 gx=1 gy=1 gz=1
[rtmod] DISPATCH kernel=26 count=32 gx=2 gy=1 gz=1
[rtmod] DISPATCH kernel=26 count=32 gx=2 gy=1 gz=1
[rtmod] DISPATCH kernel=26 count=64 gx=4 gy=1 gz=1
[rtmod] DISPATCH kernel=223 count=32 gx=1 gy=1 gz=1
[rtmod] DISPATCH kernel=247 count=16 gx=1 gy=1 gz=1
[rtmod] DISPATCH kernel=223 count=64 gx=2 gy=1 gz=1
[rtmod] DISPATCH kernel=58 count=32 gx=1 gy=1 gz=1
[rtmod] DISPATCH kernel=58 count=32 gx=1 gy=1 gz=1
[rtmod] DISPATCH kernel=247 count=32 gx=1 gy=1 gz=1
[rtmod] DISPATCH kernel=9 count=64 gx=1 gy=1 gz=1
[rtmod] FEW name=ScaledDotProductAttention count=64
[rtmod] DISPATCH kernel=452 count=64 gx=1 gy=1 gz=1
[rtmod] DISPATCH kernel=9 count=416 gx=2 gy=1 gz=1
[rtmod] DISPATCH kernel=9 count=416 gx=2 gy=1 gz=1
[rtmod] DISPATCH kernel=23 count=26 gx=1 gy=1 gz=2
[rtmod] DISPATCH kernel=33 count=26 gx=2 gy=1 gz=1
[rtmod] DISPATCH kernel=23 count=64 gx=2 gy=1 gz=2
[rtmod] DISPATCH kernel=10 count=64 gx=1 gy=1 gz=1
[rtmod] DISPATCH kernel=26 count=64 gx=4 gy=1 gz=1
[rtmod] FEW name=Add count=64
[rtmod] DISPATCH kernel=406 count=64 gx=1 gy=1 gz=1
[rtmod] DISPATCH kernel=223 count=64 gx=1 gy=1 gz=1
[rtmod] DISPATCH kernel=26 count=128 gx=8 gy=1 gz=1
[rtmod] DISPATCH kernel=26 count=128 gx=8 gy=1 gz=1
[rtmod] DISPATCH kernel=409 count=128 gx=1 gy=1 gz=1
[rtmod] DISPATCH kernel=29 count=64 gx=16 gy=1 gz=1
[rtmod] FEW name=Add count=64
[rtmod] DISPATCH kernel=406 count=64 gx=1 gy=1 gz=1
[rtmod] DISPATCH kernel=223 count=64 gx=1 gy=1 gz=1
[rtmod] DISPATCH kernel=26 count=256 gx=16 gy=1 gz=1
[rtmod] DISPATCH kernel=38 count=1 gx=1 gy=1 gz=1
[rtmod] FEW name=Subtract count=256
[rtmod] DISPATCH kernel=454 count=256 gx=1 gy=1 gz=1
[rtmod] DISPATCH kernel=66 count=1 gx=1 gy=1 gz=1
[rtmod] EV-SIGNAL tid=471452 ev=0xaaab659db750 val=1 st=1 host=0
[rtmod] SUBMIT-ENTER tid=471452
[rtmod] SUBMIT tid=471452 cv=30 waits=1 sigs=2 cmds=1
[rtmod] COMMIT-NOOP
[rtmod] EV-WAIT tid=471452 ev=0xaaab65fb0280 val=1 cnt=0 resv=30
[rtmod] DISPATCH kernel=192 count=64 gx=1 gy=1 gz=1
[rtmod] DISPATCH kernel=223 count=64 gx=1 gy=1 gz=1
[rtmod] DISPATCH kernel=26 count=32 gx=2 gy=1 gz=1
[rtmod] DISPATCH kernel=26 count=32 gx=2 gy=1 gz=1
[rtmod] DISPATCH kernel=26 count=64 gx=4 gy=1 gz=1
[rtmod] DISPATCH kernel=223 count=32 gx=1 gy=1 gz=1
[rtmod] DISPATCH kernel=247 count=16 gx=1 gy=1 gz=1
[rtmod] DISPATCH kernel=223 count=64 gx=2 gy=1 gz=1
[rtmod] DISPATCH kernel=58 count=32 gx=1 gy=1 gz=1
[rtmod] DISPATCH kernel=58 count=32 gx=1 gy=1 gz=1
[rtmod] DISPATCH kernel=247 count=32 gx=1 gy=1 gz=1
[rtmod] DISPATCH kernel=9 count=64 gx=1 gy=1 gz=1
[rtmod] FEW name=ScaledDotProductAttention count=64
[rtmod] DISPATCH kernel=452 count=64 gx=1 gy=1 gz=1
[rtmod] DISPATCH kernel=9 count=448 gx=2 gy=1 gz=1
[rtmod] DISPATCH kernel=9 count=448 gx=2 gy=1 gz=1
[rtmod] DISPATCH kernel=23 count=28 gx=1 gy=1 gz=2
[rtmod] DISPATCH kernel=33 count=28 gx=2 gy=1 gz=1
[rtmod] DISPATCH kernel=23 count=64 gx=2 gy=1 gz=2
[rtmod] DISPATCH kernel=10 count=64 gx=1 gy=1 gz=1
[rtmod] DISPATCH kernel=26 count=64 gx=4 gy=1 gz=1
[rtmod] FEW name=Add count=64
[rtmod] DISPATCH kernel=406 count=64 gx=1 gy=1 gz=1
[rtmod] DISPATCH kernel=223 count=64 gx=1 gy=1 gz=1
[rtmod] DISPATCH kernel=26 count=128 gx=8 gy=1 gz=1
[rtmod] DISPATCH kernel=26 count=128 gx=8 gy=1 gz=1
[rtmod] DISPATCH kernel=409 count=128 gx=1 gy=1 gz=1
[rtmod] DISPATCH kernel=29 count=64 gx=16 gy=1 gz=1
[rtmod] FEW name=Add count=64
[rtmod] DISPATCH kernel=406 count=64 gx=1 gy=1 gz=1
[rtmod] DISPATCH kernel=223 count=64 gx=1 gy=1 gz=1
[rtmod] DISPATCH kernel=26 count=32 gx=2 gy=1 gz=1
[rtmod] DISPATCH kernel=26 count=32 gx=2 gy=1 gz=1
[rtmod] DISPATCH kernel=26 count=64 gx=4 gy=1 gz=1
[rtmod] DISPATCH kernel=223 count=32 gx=1 gy=1 gz=1
[rtmod] DISPATCH kernel=247 count=16 gx=1 gy=1 gz=1
[rtmod] DISPATCH kernel=223 count=64 gx=2 gy=1 gz=1
[rtmod] DISPATCH kernel=58 count=32 gx=1 gy=1 gz=1
[rtmod] DISPATCH kernel=58 count=32 gx=1 gy=1 gz=1
[rtmod] DISPATCH kernel=247 count=32 gx=1 gy=1 gz=1
[rtmod] DISPATCH kernel=9 count=64 gx=1 gy=1 gz=1
[rtmod] FEW name=ScaledDotProductAttention count=64
[rtmod] DISPATCH kernel=452 count=64 gx=1 gy=1 gz=1
[rtmod] DISPATCH kernel=9 count=448 gx=2 gy=1 gz=1
[rtmod] DISPATCH kernel=9 count=448 gx=2 gy=1 gz=1
[rtmod] DISPATCH kernel=23 count=28 gx=1 gy=1 gz=2
[rtmod] DISPATCH kernel=33 count=28 gx=2 gy=1 gz=1
[rtmod] DISPATCH kernel=23 count=64 gx=2 gy=1 gz=2
[rtmod] DISPATCH kernel=10 count=64 gx=1 gy=1 gz=1
[rtmod] DISPATCH kernel=26 count=64 gx=4 gy=1 gz=1
[rtmod] FEW name=Add count=64
[rtmod] DISPATCH kernel=406 count=64 gx=1 gy=1 gz=1
[rtmod] DISPATCH kernel=223 count=64 gx=1 gy=1 gz=1
[rtmod] DISPATCH kernel=26 count=128 gx=8 gy=1 gz=1
[rtmod] DISPATCH kernel=26 count=128 gx=8 gy=1 gz=1
[rtmod] DISPATCH kernel=409 count=128 gx=1 gy=1 gz=1
[rtmod] DISPATCH kernel=29 count=64 gx=16 gy=1 gz=1
[rtmod] FEW name=Add count=64
[rtmod] DISPATCH kernel=406 count=64 gx=1 gy=1 gz=1
[rtmod] DISPATCH kernel=223 count=64 gx=1 gy=1 gz=1
[rtmod] DISPATCH kernel=26 count=256 gx=16 gy=1 gz=1
[rtmod] DISPATCH kernel=38 count=1 gx=1 gy=1 gz=1
[rtmod] FEW name=Subtract count=256
[rtmod] DISPATCH kernel=454 count=256 gx=1 gy=1 gz=1
[rtmod] DISPATCH kernel=66 count=1 gx=1 gy=1 gz=1
[rtmod] EV-SIGNAL tid=471452 ev=0xaaab65f1a280 val=1 st=1 host=0
[rtmod] SUBMIT-ENTER tid=471452
[rtmod] SUBMIT tid=471452 cv=31 waits=1 sigs=2 cmds=1
[rtmod] COMMIT-NOOP
[rtmod] EV-WAIT tid=471452 ev=0xaaab659db750 val=1 cnt=0 resv=31
[rtmod] DISPATCH kernel=192 count=64 gx=1 gy=1 gz=1
[rtmod] DISPATCH kernel=223 count=64 gx=1 gy=1 gz=1
[rtmod] DISPATCH kernel=26 count=32 gx=2 gy=1 gz=1
[rtmod] DISPATCH kernel=26 count=32 gx=2 gy=1 gz=1
[rtmod] DISPATCH kernel=26 count=64 gx=4 gy=1 gz=1
[rtmod] DISPATCH kernel=223 count=32 gx=1 gy=1 gz=1
[rtmod] DISPATCH kernel=247 count=16 gx=1 gy=1 gz=1
[rtmod] DISPATCH kernel=223 count=64 gx=2 gy=1 gz=1
[rtmod] DISPATCH kernel=58 count=32 gx=1 gy=1 gz=1
[rtmod] DISPATCH kernel=58 count=32 gx=1 gy=1 gz=1
[rtmod] DISPATCH kernel=247 count=32 gx=1 gy=1 gz=1
[rtmod] DISPATCH kernel=9 count=64 gx=1 gy=1 gz=1
[rtmod] FEW name=ScaledDotProductAttention count=64
[rtmod] DISPATCH kernel=452 count=64 gx=1 gy=1 gz=1
[rtmod] DISPATCH kernel=9 count=480 gx=2 gy=1 gz=1
[rtmod] DISPATCH kernel=9 count=480 gx=2 gy=1 gz=1
[rtmod] DISPATCH kernel=23 count=30 gx=1 gy=1 gz=2
[rtmod] DISPATCH kernel=33 count=30 gx=2 gy=1 gz=1
[rtmod] DISPATCH kernel=23 count=64 gx=2 gy=1 gz=2
[rtmod] DISPATCH kernel=10 count=64 gx=1 gy=1 gz=1
[rtmod] DISPATCH kernel=26 count=64 gx=4 gy=1 gz=1
[rtmod] FEW name=Add count=64
[rtmod] DISPATCH kernel=406 count=64 gx=1 gy=1 gz=1
[rtmod] DISPATCH kernel=223 count=64 gx=1 gy=1 gz=1
[rtmod] DISPATCH kernel=26 count=128 gx=8 gy=1 gz=1
[rtmod] DISPATCH kernel=26 count=128 gx=8 gy=1 gz=1
[rtmod] DISPATCH kernel=409 count=128 gx=1 gy=1 gz=1
[rtmod] DISPATCH kernel=29 count=64 gx=16 gy=1 gz=1
[rtmod] FEW name=Add count=64
[rtmod] DISPATCH kernel=406 count=64 gx=1 gy=1 gz=1
[rtmod] DISPATCH kernel=223 count=64 gx=1 gy=1 gz=1
[rtmod] DISPATCH kernel=26 count=32 gx=2 gy=1 gz=1
[rtmod] DISPATCH kernel=26 count=32 gx=2 gy=1 gz=1
[rtmod] DISPATCH kernel=26 count=64 gx=4 gy=1 gz=1
[rtmod] DISPATCH kernel=223 count=32 gx=1 gy=1 gz=1
[rtmod] DISPATCH kernel=247 count=16 gx=1 gy=1 gz=1
[rtmod] DISPATCH kernel=223 count=64 gx=2 gy=1 gz=1
[rtmod] DISPATCH kernel=58 count=32 gx=1 gy=1 gz=1
[rtmod] DISPATCH kernel=58 count=32 gx=1 gy=1 gz=1
[rtmod] DISPATCH kernel=247 count=32 gx=1 gy=1 gz=1
[rtmod] DISPATCH kernel=9 count=64 gx=1 gy=1 gz=1
[rtmod] FEW name=ScaledDotProductAttention count=64
[rtmod] DISPATCH kernel=452 count=64 gx=1 gy=1 gz=1
[rtmod] DISPATCH kernel=9 count=480 gx=2 gy=1 gz=1
[rtmod] DISPATCH kernel=9 count=480 gx=2 gy=1 gz=1
[rtmod] DISPATCH kernel=23 count=30 gx=1 gy=1 gz=2
[rtmod] DISPATCH kernel=33 count=30 gx=2 gy=1 gz=1
[rtmod] DISPATCH kernel=23 count=64 gx=2 gy=1 gz=2
[rtmod] DISPATCH kernel=10 count=64 gx=1 gy=1 gz=1
[rtmod] DISPATCH kernel=26 count=64 gx=4 gy=1 gz=1
[rtmod] FEW name=Add count=64
[rtmod] DISPATCH kernel=406 count=64 gx=1 gy=1 gz=1
[rtmod] DISPATCH kernel=223 count=64 gx=1 gy=1 gz=1
[rtmod] DISPATCH kernel=26 count=128 gx=8 gy=1 gz=1
[rtmod] DISPATCH kernel=26 count=128 gx=8 gy=1 gz=1
[rtmod] DISPATCH kernel=409 count=128 gx=1 gy=1 gz=1
[rtmod] DISPATCH kernel=29 count=64 gx=16 gy=1 gz=1
[rtmod] FEW name=Add count=64
[rtmod] DISPATCH kernel=406 count=64 gx=1 gy=1 gz=1
[rtmod] DISPATCH kernel=223 count=64 gx=1 gy=1 gz=1
[rtmod] DISPATCH kernel=26 count=256 gx=16 gy=1 gz=1
[rtmod] DISPATCH kernel=38 count=1 gx=1 gy=1 gz=1
[rtmod] FEW name=Subtract count=256
[rtmod] DISPATCH kernel=454 count=256 gx=1 gy=1 gz=1
[rtmod] DISPATCH kernel=66 count=1 gx=1 gy=1 gz=1
[rtmod] EV-SIGNAL tid=471452 ev=0xaaab65fb0280 val=1 st=1 host=0
[rtmod] SUBMIT-ENTER tid=471452
[rtmod] SUBMIT tid=471452 cv=32 waits=1 sigs=2 cmds=1
[rtmod] COMMIT-NOOP
[rtmod] EV-WAIT tid=471452 ev=0xaaab65f1a280 val=1 cnt=0 resv=32
[rtmod] DISPATCH kernel=192 count=64 gx=1 gy=1 gz=1
[rtmod] DISPATCH kernel=223 count=64 gx=1 gy=1 gz=1
[rtmod] DISPATCH kernel=26 count=32 gx=2 gy=1 gz=1
[rtmod] DISPATCH kernel=26 count=32 gx=2 gy=1 gz=1
[rtmod] DISPATCH kernel=26 count=64 gx=4 gy=1 gz=1
[rtmod] DISPATCH kernel=223 count=32 gx=1 gy=1 gz=1
[rtmod] DISPATCH kernel=247 count=16 gx=1 gy=1 gz=1
[rtmod] DISPATCH kernel=223 count=64 gx=2 gy=1 gz=1
[rtmod] DISPATCH kernel=58 count=32 gx=1 gy=1 gz=1
[rtmod] DISPATCH kernel=58 count=32 gx=1 gy=1 gz=1
[rtmod] DISPATCH kernel=247 count=32 gx=1 gy=1 gz=1
[rtmod] DISPATCH kernel=9 count=64 gx=1 gy=1 gz=1
[rtmod] FEW name=ScaledDotProductAttention count=64
[rtmod] DISPATCH kernel=452 count=64 gx=1 gy=1 gz=1
[rtmod] DISPATCH kernel=9 count=512 gx=2 gy=1 gz=1
[rtmod] DISPATCH kernel=9 count=512 gx=2 gy=1 gz=1
[rtmod] DISPATCH kernel=23 count=32 gx=1 gy=1 gz=2
[rtmod] DISPATCH kernel=33 count=32 gx=2 gy=1 gz=1
[rtmod] DISPATCH kernel=23 count=64 gx=2 gy=1 gz=2
[rtmod] DISPATCH kernel=10 count=64 gx=1 gy=1 gz=1
[rtmod] DISPATCH kernel=26 count=64 gx=4 gy=1 gz=1
[rtmod] FEW name=Add count=64
[rtmod] DISPATCH kernel=406 count=64 gx=1 gy=1 gz=1
[rtmod] DISPATCH kernel=223 count=64 gx=1 gy=1 gz=1
[rtmod] DISPATCH kernel=26 count=128 gx=8 gy=1 gz=1
[rtmod] DISPATCH kernel=26 count=128 gx=8 gy=1 gz=1
[rtmod] DISPATCH kernel=409 count=128 gx=1 gy=1 gz=1
[rtmod] DISPATCH kernel=29 count=64 gx=16 gy=1 gz=1
[rtmod] FEW name=Add count=64
[rtmod] DISPATCH kernel=406 count=64 gx=1 gy=1 gz=1
[rtmod] DISPATCH kernel=223 count=64 gx=1 gy=1 gz=1
[rtmod] DISPATCH kernel=26 count=32 gx=2 gy=1 gz=1
[rtmod] DISPATCH kernel=26 count=32 gx=2 gy=1 gz=1
[rtmod] DISPATCH kernel=26 count=64 gx=4 gy=1 gz=1
[rtmod] DISPATCH kernel=223 count=32 gx=1 gy=1 gz=1
[rtmod] DISPATCH kernel=247 count=16 gx=1 gy=1 gz=1
[rtmod] DISPATCH kernel=223 count=64 gx=2 gy=1 gz=1
[rtmod] DISPATCH kernel=58 count=32 gx=1 gy=1 gz=1
[rtmod] DISPATCH kernel=58 count=32 gx=1 gy=1 gz=1
[rtmod] DISPATCH kernel=247 count=32 gx=1 gy=1 gz=1
[rtmod] DISPATCH kernel=9 count=64 gx=1 gy=1 gz=1
[rtmod] FEW name=ScaledDotProductAttention count=64
[rtmod] DISPATCH kernel=452 count=64 gx=1 gy=1 gz=1
[rtmod] DISPATCH kernel=9 count=512 gx=2 gy=1 gz=1
[rtmod] DISPATCH kernel=9 count=512 gx=2 gy=1 gz=1
[rtmod] DISPATCH kernel=23 count=32 gx=1 gy=1 gz=2
[rtmod] DISPATCH kernel=33 count=32 gx=2 gy=1 gz=1
[rtmod] DISPATCH kernel=23 count=64 gx=2 gy=1 gz=2
[rtmod] DISPATCH kernel=10 count=64 gx=1 gy=1 gz=1
[rtmod] DISPATCH kernel=26 count=64 gx=4 gy=1 gz=1
[rtmod] FEW name=Add count=64
[rtmod] DISPATCH kernel=406 count=64 gx=1 gy=1 gz=1
[rtmod] DISPATCH kernel=223 count=64 gx=1 gy=1 gz=1
[rtmod] DISPATCH kernel=26 count=128 gx=8 gy=1 gz=1
[rtmod] DISPATCH kernel=26 count=128 gx=8 gy=1 gz=1
[rtmod] DISPATCH kernel=409 count=128 gx=1 gy=1 gz=1
[rtmod] DISPATCH kernel=29 count=64 gx=16 gy=1 gz=1
[rtmod] FEW name=Add count=64
[rtmod] DISPATCH kernel=406 count=64 gx=1 gy=1 gz=1
[rtmod] DISPATCH kernel=223 count=64 gx=1 gy=1 gz=1
[rtmod] DISPATCH kernel=26 count=256 gx=16 gy=1 gz=1
[rtmod] DISPATCH kernel=38 count=1 gx=1 gy=1 gz=1
[rtmod] FEW name=Subtract count=256
[rtmod] DISPATCH kernel=454 count=256 gx=1 gy=1 gz=1
[rtmod] DISPATCH kernel=66 count=1 gx=1 gy=1 gz=1
[rtmod] EV-SIGNAL tid=471452 ev=0xaaab659db750 val=1 st=1 host=0
[rtmod] SUBMIT-ENTER tid=471452
[rtmod] SUBMIT tid=471452 cv=33 waits=1 sigs=2 cmds=1
[rtmod] COMMIT-NOOP
[rtmod] EV-WAIT tid=471452 ev=0xaaab65fb0280 val=1 cnt=0 resv=33
[rtmod] DISPATCH kernel=192 count=64 gx=1 gy=1 gz=1
[rtmod] DISPATCH kernel=223 count=64 gx=1 gy=1 gz=1
[rtmod] DISPATCH kernel=26 count=32 gx=2 gy=1 gz=1
[rtmod] DISPATCH kernel=26 count=32 gx=2 gy=1 gz=1
[rtmod] DISPATCH kernel=26 count=64 gx=4 gy=1 gz=1
[rtmod] DISPATCH kernel=223 count=32 gx=1 gy=1 gz=1
[rtmod] DISPATCH kernel=247 count=16 gx=1 gy=1 gz=1
[rtmod] DISPATCH kernel=223 count=64 gx=2 gy=1 gz=1
[rtmod] DISPATCH kernel=58 count=32 gx=1 gy=1 gz=1
[rtmod] DISPATCH kernel=58 count=32 gx=1 gy=1 gz=1
[rtmod] DISPATCH kernel=247 count=32 gx=1 gy=1 gz=1
[rtmod] DISPATCH kernel=9 count=64 gx=1 gy=1 gz=1
[rtmod] FEW name=ScaledDotProductAttention count=64
[rtmod] DISPATCH kernel=452 count=64 gx=1 gy=1 gz=1
[rtmod] DISPATCH kernel=9 count=544 gx=3 gy=1 gz=1
[rtmod] DISPATCH kernel=9 count=544 gx=3 gy=1 gz=1
[rtmod] DISPATCH kernel=23 count=34 gx=2 gy=1 gz=2
[rtmod] DISPATCH kernel=33 count=34 gx=2 gy=1 gz=1
[rtmod] DISPATCH kernel=23 count=64 gx=2 gy=1 gz=2
[rtmod] DISPATCH kernel=10 count=64 gx=1 gy=1 gz=1
[rtmod] DISPATCH kernel=26 count=64 gx=4 gy=1 gz=1
[rtmod] FEW name=Add count=64
[rtmod] DISPATCH kernel=406 count=64 gx=1 gy=1 gz=1
[rtmod] DISPATCH kernel=223 count=64 gx=1 gy=1 gz=1
[rtmod] DISPATCH kernel=26 count=128 gx=8 gy=1 gz=1
[rtmod] DISPATCH kernel=26 count=128 gx=8 gy=1 gz=1
[rtmod] DISPATCH kernel=409 count=128 gx=1 gy=1 gz=1
[rtmod] DISPATCH kernel=29 count=64 gx=16 gy=1 gz=1
[rtmod] FEW name=Add count=64
[rtmod] DISPATCH kernel=406 count=64 gx=1 gy=1 gz=1
[rtmod] DISPATCH kernel=223 count=64 gx=1 gy=1 gz=1
[rtmod] DISPATCH kernel=26 count=32 gx=2 gy=1 gz=1
[rtmod] DISPATCH kernel=26 count=32 gx=2 gy=1 gz=1
[rtmod] DISPATCH kernel=26 count=64 gx=4 gy=1 gz=1
[rtmod] DISPATCH kernel=223 count=32 gx=1 gy=1 gz=1
[rtmod] DISPATCH kernel=247 count=16 gx=1 gy=1 gz=1
[rtmod] DISPATCH kernel=223 count=64 gx=2 gy=1 gz=1
[rtmod] DISPATCH kernel=58 count=32 gx=1 gy=1 gz=1
[rtmod] DISPATCH kernel=58 count=32 gx=1 gy=1 gz=1
[rtmod] DISPATCH kernel=247 count=32 gx=1 gy=1 gz=1
[rtmod] DISPATCH kernel=9 count=64 gx=1 gy=1 gz=1
[rtmod] FEW name=ScaledDotProductAttention count=64
[rtmod] DISPATCH kernel=452 count=64 gx=1 gy=1 gz=1
[rtmod] DISPATCH kernel=9 count=544 gx=3 gy=1 gz=1
[rtmod] DISPATCH kernel=9 count=544 gx=3 gy=1 gz=1
[rtmod] DISPATCH kernel=23 count=34 gx=2 gy=1 gz=2
[rtmod] DISPATCH kernel=33 count=34 gx=2 gy=1 gz=1
[rtmod] DISPATCH kernel=23 count=64 gx=2 gy=1 gz=2
[rtmod] DISPATCH kernel=10 count=64 gx=1 gy=1 gz=1
[rtmod] DISPATCH kernel=26 count=64 gx=4 gy=1 gz=1
[rtmod] FEW name=Add count=64
[rtmod] DISPATCH kernel=406 count=64 gx=1 gy=1 gz=1
[rtmod] DISPATCH kernel=223 count=64 gx=1 gy=1 gz=1
[rtmod] DISPATCH kernel=26 count=128 gx=8 gy=1 gz=1
[rtmod] DISPATCH kernel=26 count=128 gx=8 gy=1 gz=1
[rtmod] DISPATCH kernel=409 count=128 gx=1 gy=1 gz=1
[rtmod] DISPATCH kernel=29 count=64 gx=16 gy=1 gz=1
[rtmod] FEW name=Add count=64
[rtmod] DISPATCH kernel=406 count=64 gx=1 gy=1 gz=1
[rtmod] DISPATCH kernel=223 count=64 gx=1 gy=1 gz=1
[rtmod] DISPATCH kernel=26 count=256 gx=16 gy=1 gz=1
[rtmod] DISPATCH kernel=38 count=1 gx=1 gy=1 gz=1
[rtmod] FEW name=Subtract count=256
[rtmod] DISPATCH kernel=454 count=256 gx=1 gy=1 gz=1
[rtmod] DISPATCH kernel=66 count=1 gx=1 gy=1 gz=1
[rtmod] EV-SIGNAL tid=471452 ev=0xaaab65f1a280 val=1 st=1 host=0
[rtmod] SUBMIT-ENTER tid=471452
[rtmod] SUBMIT tid=471452 cv=34 waits=1 sigs=2 cmds=1
[rtmod] COMMIT-NOOP
[rtmod] EV-WAIT tid=471452 ev=0xaaab659db750 val=1 cnt=0 resv=34
[rtmod] DISPATCH kernel=192 count=64 gx=1 gy=1 gz=1
[rtmod] DISPATCH kernel=223 count=64 gx=1 gy=1 gz=1
[rtmod] DISPATCH kernel=26 count=32 gx=2 gy=1 gz=1
[rtmod] DISPATCH kernel=26 count=32 gx=2 gy=1 gz=1
[rtmod] DISPATCH kernel=26 count=64 gx=4 gy=1 gz=1
[rtmod] DISPATCH kernel=223 count=32 gx=1 gy=1 gz=1
[rtmod] DISPATCH kernel=247 count=16 gx=1 gy=1 gz=1
[rtmod] DISPATCH kernel=223 count=64 gx=2 gy=1 gz=1
[rtmod] DISPATCH kernel=58 count=32 gx=1 gy=1 gz=1
[rtmod] DISPATCH kernel=58 count=32 gx=1 gy=1 gz=1
[rtmod] DISPATCH kernel=247 count=32 gx=1 gy=1 gz=1
[rtmod] DISPATCH kernel=9 count=64 gx=1 gy=1 gz=1
[rtmod] FEW name=ScaledDotProductAttention count=64
[rtmod] DISPATCH kernel=452 count=64 gx=1 gy=1 gz=1
[rtmod] DISPATCH kernel=9 count=576 gx=3 gy=1 gz=1
[rtmod] DISPATCH kernel=9 count=576 gx=3 gy=1 gz=1
[rtmod] DISPATCH kernel=23 count=36 gx=2 gy=1 gz=2
[rtmod] DISPATCH kernel=33 count=36 gx=2 gy=1 gz=1
[rtmod] DISPATCH kernel=23 count=64 gx=2 gy=1 gz=2
[rtmod] DISPATCH kernel=10 count=64 gx=1 gy=1 gz=1
[rtmod] DISPATCH kernel=26 count=64 gx=4 gy=1 gz=1
[rtmod] FEW name=Add count=64
[rtmod] DISPATCH kernel=406 count=64 gx=1 gy=1 gz=1
[rtmod] DISPATCH kernel=223 count=64 gx=1 gy=1 gz=1
[rtmod] DISPATCH kernel=26 count=128 gx=8 gy=1 gz=1
[rtmod] DISPATCH kernel=26 count=128 gx=8 gy=1 gz=1
[rtmod] DISPATCH kernel=409 count=128 gx=1 gy=1 gz=1
[rtmod] DISPATCH kernel=29 count=64 gx=16 gy=1 gz=1
[rtmod] FEW name=Add count=64
[rtmod] DISPATCH kernel=406 count=64 gx=1 gy=1 gz=1
[rtmod] DISPATCH kernel=223 count=64 gx=1 gy=1 gz=1
[rtmod] DISPATCH kernel=26 count=32 gx=2 gy=1 gz=1
[rtmod] DISPATCH kernel=26 count=32 gx=2 gy=1 gz=1
[rtmod] DISPATCH kernel=26 count=64 gx=4 gy=1 gz=1
[rtmod] DISPATCH kernel=223 count=32 gx=1 gy=1 gz=1
[rtmod] DISPATCH kernel=247 count=16 gx=1 gy=1 gz=1
[rtmod] DISPATCH kernel=223 count=64 gx=2 gy=1 gz=1
[rtmod] DISPATCH kernel=58 count=32 gx=1 gy=1 gz=1
[rtmod] DISPATCH kernel=58 count=32 gx=1 gy=1 gz=1
[rtmod] DISPATCH kernel=247 count=32 gx=1 gy=1 gz=1
[rtmod] DISPATCH kernel=9 count=64 gx=1 gy=1 gz=1
[rtmod] FEW name=ScaledDotProductAttention count=64
[rtmod] DISPATCH kernel=452 count=64 gx=1 gy=1 gz=1
[rtmod] DISPATCH kernel=9 count=576 gx=3 gy=1 gz=1
[rtmod] DISPATCH kernel=9 count=576 gx=3 gy=1 gz=1
[rtmod] DISPATCH kernel=23 count=36 gx=2 gy=1 gz=2
[rtmod] DISPATCH kernel=33 count=36 gx=2 gy=1 gz=1
[rtmod] DISPATCH kernel=23 count=64 gx=2 gy=1 gz=2
[rtmod] DISPATCH kernel=10 count=64 gx=1 gy=1 gz=1
[rtmod] DISPATCH kernel=26 count=64 gx=4 gy=1 gz=1
[rtmod] FEW name=Add count=64
[rtmod] DISPATCH kernel=406 count=64 gx=1 gy=1 gz=1
[rtmod] DISPATCH kernel=223 count=64 gx=1 gy=1 gz=1
[rtmod] DISPATCH kernel=26 count=128 gx=8 gy=1 gz=1
[rtmod] DISPATCH kernel=26 count=128 gx=8 gy=1 gz=1
[rtmod] DISPATCH kernel=409 count=128 gx=1 gy=1 gz=1
[rtmod] DISPATCH kernel=29 count=64 gx=16 gy=1 gz=1
[rtmod] FEW name=Add count=64
[rtmod] DISPATCH kernel=406 count=64 gx=1 gy=1 gz=1
[rtmod] DISPATCH kernel=223 count=64 gx=1 gy=1 gz=1
[rtmod] DISPATCH kernel=26 count=256 gx=16 gy=1 gz=1
[rtmod] DISPATCH kernel=38 count=1 gx=1 gy=1 gz=1
[rtmod] FEW name=Subtract count=256
[rtmod] DISPATCH kernel=454 count=256 gx=1 gy=1 gz=1
[rtmod] DISPATCH kernel=66 count=1 gx=1 gy=1 gz=1
[rtmod] EV-SIGNAL tid=471452 ev=0xaaab65fb0280 val=1 st=1 host=0
[rtmod] SUBMIT-ENTER tid=471452
[rtmod] SUBMIT tid=471452 cv=35 waits=1 sigs=2 cmds=1
[rtmod] COMMIT-NOOP
[rtmod] EV-WAIT tid=471452 ev=0xaaab65f1a280 val=1 cnt=0 resv=35
[rtmod] DISPATCH kernel=192 count=64 gx=1 gy=1 gz=1
[rtmod] DISPATCH kernel=223 count=64 gx=1 gy=1 gz=1
[rtmod] DISPATCH kernel=26 count=32 gx=2 gy=1 gz=1
[rtmod] DISPATCH kernel=26 count=32 gx=2 gy=1 gz=1
[rtmod] DISPATCH kernel=26 count=64 gx=4 gy=1 gz=1
[rtmod] DISPATCH kernel=223 count=32 gx=1 gy=1 gz=1
[rtmod] DISPATCH kernel=247 count=16 gx=1 gy=1 gz=1
[rtmod] DISPATCH kernel=223 count=64 gx=2 gy=1 gz=1
[rtmod] DISPATCH kernel=58 count=32 gx=1 gy=1 gz=1
[rtmod] DISPATCH kernel=58 count=32 gx=1 gy=1 gz=1
[rtmod] DISPATCH kernel=247 count=32 gx=1 gy=1 gz=1
[rtmod] DISPATCH kernel=9 count=64 gx=1 gy=1 gz=1
[rtmod] FEW name=ScaledDotProductAttention count=64
[rtmod] DISPATCH kernel=452 count=64 gx=1 gy=1 gz=1
[rtmod] DISPATCH kernel=9 count=608 gx=3 gy=1 gz=1
[rtmod] DISPATCH kernel=9 count=608 gx=3 gy=1 gz=1
[rtmod] DISPATCH kernel=23 count=38 gx=2 gy=1 gz=2
[rtmod] DISPATCH kernel=33 count=38 gx=2 gy=1 gz=1
[rtmod] DISPATCH kernel=23 count=64 gx=2 gy=1 gz=2
[rtmod] DISPATCH kernel=10 count=64 gx=1 gy=1 gz=1
[rtmod] DISPATCH kernel=26 count=64 gx=4 gy=1 gz=1
[rtmod] FEW name=Add count=64
[rtmod] DISPATCH kernel=406 count=64 gx=1 gy=1 gz=1
[rtmod] DISPATCH kernel=223 count=64 gx=1 gy=1 gz=1
[rtmod] DISPATCH kernel=26 count=128 gx=8 gy=1 gz=1
[rtmod] DISPATCH kernel=26 count=128 gx=8 gy=1 gz=1
[rtmod] DISPATCH kernel=409 count=128 gx=1 gy=1 gz=1
[rtmod] DISPATCH kernel=29 count=64 gx=16 gy=1 gz=1
[rtmod] FEW name=Add count=64
[rtmod] DISPATCH kernel=406 count=64 gx=1 gy=1 gz=1
[rtmod] DISPATCH kernel=223 count=64 gx=1 gy=1 gz=1
[rtmod] DISPATCH kernel=26 count=32 gx=2 gy=1 gz=1
[rtmod] DISPATCH kernel=26 count=32 gx=2 gy=1 gz=1
[rtmod] DISPATCH kernel=26 count=64 gx=4 gy=1 gz=1
[rtmod] DISPATCH kernel=223 count=32 gx=1 gy=1 gz=1
[rtmod] DISPATCH kernel=247 count=16 gx=1 gy=1 gz=1
[rtmod] DISPATCH kernel=223 count=64 gx=2 gy=1 gz=1
[rtmod] DISPATCH kernel=58 count=32 gx=1 gy=1 gz=1
[rtmod] DISPATCH kernel=58 count=32 gx=1 gy=1 gz=1
[rtmod] DISPATCH kernel=247 count=32 gx=1 gy=1 gz=1
[rtmod] DISPATCH kernel=9 count=64 gx=1 gy=1 gz=1
[rtmod] FEW name=ScaledDotProductAttention count=64
[rtmod] DISPATCH kernel=452 count=64 gx=1 gy=1 gz=1
[rtmod] DISPATCH kernel=9 count=608 gx=3 gy=1 gz=1
[rtmod] DISPATCH kernel=9 count=608 gx=3 gy=1 gz=1
[rtmod] DISPATCH kernel=23 count=38 gx=2 gy=1 gz=2
[rtmod] DISPATCH kernel=33 count=38 gx=2 gy=1 gz=1
[rtmod] DISPATCH kernel=23 count=64 gx=2 gy=1 gz=2
[rtmod] DISPATCH kernel=10 count=64 gx=1 gy=1 gz=1
[rtmod] DISPATCH kernel=26 count=64 gx=4 gy=1 gz=1
[rtmod] FEW name=Add count=64
[rtmod] DISPATCH kernel=406 count=64 gx=1 gy=1 gz=1
[rtmod] DISPATCH kernel=223 count=64 gx=1 gy=1 gz=1
[rtmod] DISPATCH kernel=26 count=128 gx=8 gy=1 gz=1
[rtmod] DISPATCH kernel=26 count=128 gx=8 gy=1 gz=1
[rtmod] DISPATCH kernel=409 count=128 gx=1 gy=1 gz=1
[rtmod] DISPATCH kernel=29 count=64 gx=16 gy=1 gz=1
[rtmod] FEW name=Add count=64
[rtmod] DISPATCH kernel=406 count=64 gx=1 gy=1 gz=1
[rtmod] DISPATCH kernel=223 count=64 gx=1 gy=1 gz=1
[rtmod] DISPATCH kernel=26 count=256 gx=16 gy=1 gz=1
[rtmod] DISPATCH kernel=38 count=1 gx=1 gy=1 gz=1
[rtmod] FEW name=Subtract count=256
[rtmod] DISPATCH kernel=454 count=256 gx=1 gy=1 gz=1
[rtmod] DISPATCH kernel=66 count=1 gx=1 gy=1 gz=1
[rtmod] EV-SIGNAL tid=471452 ev=0xaaab659db750 val=1 st=1 host=0
[rtmod] SUBMIT-ENTER tid=471452
[rtmod] SUBMIT tid=471452 cv=36 waits=1 sigs=2 cmds=1
[rtmod] COMMIT-NOOP
[rtmod] EV-WAIT tid=471452 ev=0xaaab65fb0280 val=1 cnt=0 resv=36
[rtmod] DISPATCH kernel=192 count=64 gx=1 gy=1 gz=1
[rtmod] DISPATCH kernel=223 count=64 gx=1 gy=1 gz=1
[rtmod] DISPATCH kernel=26 count=32 gx=2 gy=1 gz=1
[rtmod] DISPATCH kernel=26 count=32 gx=2 gy=1 gz=1
[rtmod] DISPATCH kernel=26 count=64 gx=4 gy=1 gz=1
[rtmod] DISPATCH kernel=223 count=32 gx=1 gy=1 gz=1
[rtmod] DISPATCH kernel=247 count=16 gx=1 gy=1 gz=1
[rtmod] DISPATCH kernel=223 count=64 gx=2 gy=1 gz=1
[rtmod] DISPATCH kernel=58 count=32 gx=1 gy=1 gz=1
[rtmod] DISPATCH kernel=58 count=32 gx=1 gy=1 gz=1
[rtmod] DISPATCH kernel=247 count=32 gx=1 gy=1 gz=1
[rtmod] DISPATCH kernel=9 count=64 gx=1 gy=1 gz=1
[rtmod] FEW name=ScaledDotProductAttention count=64
[rtmod] DISPATCH kernel=452 count=64 gx=1 gy=1 gz=1
[rtmod] DISPATCH kernel=9 count=640 gx=3 gy=1 gz=1
[rtmod] DISPATCH kernel=9 count=640 gx=3 gy=1 gz=1
[rtmod] DISPATCH kernel=23 count=40 gx=2 gy=1 gz=2
[rtmod] DISPATCH kernel=33 count=40 gx=2 gy=1 gz=1
[rtmod] DISPATCH kernel=23 count=64 gx=2 gy=1 gz=2
[rtmod] DISPATCH kernel=10 count=64 gx=1 gy=1 gz=1
[rtmod] DISPATCH kernel=26 count=64 gx=4 gy=1 gz=1
[rtmod] FEW name=Add count=64
[rtmod] DISPATCH kernel=406 count=64 gx=1 gy=1 gz=1
[rtmod] DISPATCH kernel=223 count=64 gx=1 gy=1 gz=1
[rtmod] DISPATCH kernel=26 count=128 gx=8 gy=1 gz=1
[rtmod] DISPATCH kernel=26 count=128 gx=8 gy=1 gz=1
[rtmod] DISPATCH kernel=409 count=128 gx=1 gy=1 gz=1
[rtmod] DISPATCH kernel=29 count=64 gx=16 gy=1 gz=1
[rtmod] FEW name=Add count=64
[rtmod] DISPATCH kernel=406 count=64 gx=1 gy=1 gz=1
[rtmod] DISPATCH kernel=223 count=64 gx=1 gy=1 gz=1
[rtmod] DISPATCH kernel=26 count=32 gx=2 gy=1 gz=1
[rtmod] DISPATCH kernel=26 count=32 gx=2 gy=1 gz=1
[rtmod] DISPATCH kernel=26 count=64 gx=4 gy=1 gz=1
[rtmod] DISPATCH kernel=223 count=32 gx=1 gy=1 gz=1
[rtmod] DISPATCH kernel=247 count=16 gx=1 gy=1 gz=1
[rtmod] DISPATCH kernel=223 count=64 gx=2 gy=1 gz=1
[rtmod] DISPATCH kernel=58 count=32 gx=1 gy=1 gz=1
[rtmod] DISPATCH kernel=58 count=32 gx=1 gy=1 gz=1
[rtmod] DISPATCH kernel=247 count=32 gx=1 gy=1 gz=1
[rtmod] DISPATCH kernel=9 count=64 gx=1 gy=1 gz=1
[rtmod] FEW name=ScaledDotProductAttention count=64
[rtmod] DISPATCH kernel=452 count=64 gx=1 gy=1 gz=1
[rtmod] DISPATCH kernel=9 count=640 gx=3 gy=1 gz=1
[rtmod] DISPATCH kernel=9 count=640 gx=3 gy=1 gz=1
[rtmod] DISPATCH kernel=23 count=40 gx=2 gy=1 gz=2
[rtmod] DISPATCH kernel=33 count=40 gx=2 gy=1 gz=1
[rtmod] DISPATCH kernel=23 count=64 gx=2 gy=1 gz=2
[rtmod] DISPATCH kernel=10 count=64 gx=1 gy=1 gz=1
[rtmod] DISPATCH kernel=26 count=64 gx=4 gy=1 gz=1
[rtmod] FEW name=Add count=64
[rtmod] DISPATCH kernel=406 count=64 gx=1 gy=1 gz=1
[rtmod] DISPATCH kernel=223 count=64 gx=1 gy=1 gz=1
[rtmod] DISPATCH kernel=26 count=128 gx=8 gy=1 gz=1
[rtmod] DISPATCH kernel=26 count=128 gx=8 gy=1 gz=1
[rtmod] DISPATCH kernel=409 count=128 gx=1 gy=1 gz=1
[rtmod] DISPATCH kernel=29 count=64 gx=16 gy=1 gz=1
[rtmod] FEW name=Add count=64
[rtmod] DISPATCH kernel=406 count=64 gx=1 gy=1 gz=1
[rtmod] DISPATCH kernel=223 count=64 gx=1 gy=1 gz=1
[rtmod] DISPATCH kernel=26 count=256 gx=16 gy=1 gz=1
[rtmod] DISPATCH kernel=38 count=1 gx=1 gy=1 gz=1
[rtmod] FEW name=Subtract count=256
[rtmod] DISPATCH kernel=454 count=256 gx=1 gy=1 gz=1
[rtmod] DISPATCH kernel=66 count=1 gx=1 gy=1 gz=1
[rtmod] EV-SIGNAL tid=471452 ev=0xaaab65f1a280 val=1 st=1 host=0
[rtmod] SUBMIT-ENTER tid=471452
[rtmod] SUBMIT tid=471452 cv=37 waits=1 sigs=2 cmds=1
[rtmod] COMMIT-NOOP
[rtmod] EV-WAIT tid=471452 ev=0xaaab659db750 val=1 cnt=0 resv=37
[rtmod] DISPATCH kernel=328 count=4 gx=1 gy=1 gz=1
[rtmod] FENCE-UPDATE count=0 st=0
[rtmod] EV-SIGNAL tid=471452 ev=0xaaab65fb0280 val=1 st=0 host=0
[rtmod] SUBMIT-ENTER tid=471452
[rtmod] SUBMIT tid=471452 cv=38 waits=1 sigs=2 cmds=1
[rtmod] EV-WAIT-ENC tid=471452 ev=0xaaab65fb0280 val=1 st=1
[rtmod] DISPATCH kernel=192 count=192 gx=1 gy=1 gz=1
[rtmod] DISPATCH kernel=223 count=192 gx=3 gy=1 gz=1
[rtmod] DISPATCH kernel=26 count=96 gx=2 gy=1 gz=1
[rtmod] DISPATCH kernel=26 count=96 gx=2 gy=1 gz=1
[rtmod] DISPATCH kernel=26 count=192 gx=4 gy=1 gz=1
[rtmod] DISPATCH kernel=223 count=96 gx=3 gy=1 gz=1
[rtmod] DISPATCH kernel=58 count=8192 gx=32 gy=1 gz=1
[rtmod] DISPATCH kernel=247 count=48 gx=1 gy=1 gz=1
[rtmod] DISPATCH kernel=58 count=8192 gx=32 gy=1 gz=1
[rtmod] DISPATCH kernel=223 count=192 gx=6 gy=1 gz=1
[rtmod] DISPATCH kernel=58 count=96 gx=1 gy=1 gz=1
[rtmod] DISPATCH kernel=58 count=96 gx=1 gy=1 gz=1
[rtmod] DISPATCH kernel=247 count=96 gx=1 gy=1 gz=1
[rtmod] DISPATCH kernel=9 count=192 gx=1 gy=1 gz=1
[rtmod] FEW name=ScaledDotProductAttention count=192
[rtmod] DISPATCH kernel=452 count=192 gx=1 gy=1 gz=1
[rtmod] DISPATCH kernel=9 count=96 gx=1 gy=1 gz=1
[rtmod] DISPATCH kernel=9 count=96 gx=1 gy=1 gz=1
[rtmod] DISPATCH kernel=23 count=18 gx=1 gy=1 gz=2
[rtmod] DISPATCH kernel=33 count=18 gx=6 gy=1 gz=1
[rtmod] DISPATCH kernel=23 count=192 gx=2 gy=1 gz=2
[rtmod] DISPATCH kernel=10 count=192 gx=1 gy=1 gz=1
[rtmod] DISPATCH kernel=58 count=192 gx=1 gy=1 gz=1
[rtmod] DISPATCH kernel=26 count=192 gx=4 gy=1 gz=1
[rtmod] FEW name=Add count=192
[rtmod] DISPATCH kernel=406 count=192 gx=1 gy=1 gz=1
[rtmod] DISPATCH kernel=223 count=192 gx=3 gy=1 gz=1
[rtmod] DISPATCH kernel=26 count=384 gx=8 gy=1 gz=1
[rtmod] DISPATCH kernel=26 count=384 gx=8 gy=1 gz=1
[rtmod] DISPATCH kernel=409 count=384 gx=1 gy=1 gz=1
[rtmod] DISPATCH kernel=26 count=192 gx=4 gy=1 gz=1
[rtmod] FEW name=Add count=192
[rtmod] DISPATCH kernel=406 count=192 gx=1 gy=1 gz=1
[rtmod] DISPATCH kernel=223 count=192 gx=3 gy=1 gz=1
[rtmod] DISPATCH kernel=26 count=96 gx=2 gy=1 gz=1
[rtmod] DISPATCH kernel=26 count=96 gx=2 gy=1 gz=1
[rtmod] DISPATCH kernel=223 count=96 gx=3 gy=1 gz=1
[rtmod] DISPATCH kernel=58 count=8192 gx=32 gy=1 gz=1
[rtmod] DISPATCH kernel=247 count=48 gx=1 gy=1 gz=1
[rtmod] DISPATCH kernel=58 count=8192 gx=32 gy=1 gz=1
[rtmod] DISPATCH kernel=58 count=96 gx=1 gy=1 gz=1
[rtmod] DISPATCH kernel=58 count=96 gx=1 gy=1 gz=1
[rtmod] COMMIT-NOOP
[rtmod] EV-SIGNAL tid=471452 ev=0xaaab65efcc80 val=1 st=1 host=0
[rtmod] SUBMIT-ENTER tid=471452
[rtmod] SUBMIT tid=471452 cv=39 waits=2 sigs=2 cmds=1
[rtmod] COMMIT-NOOP
[rtmod] EV-WAIT tid=471452 ev=0xaaab65efcc80 val=1 cnt=0 resv=39
[rtmod] DISPATCH kernel=192 count=192 gx=1 gy=1 gz=1
[rtmod] DISPATCH kernel=223 count=192 gx=3 gy=1 gz=1
[rtmod] DISPATCH kernel=26 count=96 gx=2 gy=1 gz=1
[rtmod] DISPATCH kernel=26 count=96 gx=2 gy=1 gz=1
[rtmod] DISPATCH kernel=26 count=192 gx=4 gy=1 gz=1
[rtmod] DISPATCH kernel=223 count=96 gx=3 gy=1 gz=1
[rtmod] DISPATCH kernel=58 count=8192 gx=32 gy=1 gz=1
[rtmod] DISPATCH kernel=247 count=48 gx=1 gy=1 gz=1
[rtmod] DISPATCH kernel=58 count=8192 gx=32 gy=1 gz=1
[rtmod] DISPATCH kernel=223 count=192 gx=6 gy=1 gz=1
[rtmod] DISPATCH kernel=58 count=96 gx=1 gy=1 gz=1
[rtmod] DISPATCH kernel=58 count=96 gx=1 gy=1 gz=1
[rtmod] DISPATCH kernel=247 count=96 gx=1 gy=1 gz=1
[rtmod] DISPATCH kernel=9 count=192 gx=1 gy=1 gz=1
[rtmod] FEW name=ScaledDotProductAttention count=192
[rtmod] DISPATCH kernel=452 count=192 gx=1 gy=1 gz=1
[rtmod] DISPATCH kernel=9 count=96 gx=1 gy=1 gz=1
[rtmod] DISPATCH kernel=9 count=96 gx=1 gy=1 gz=1
[rtmod] DISPATCH kernel=23 count=18 gx=1 gy=1 gz=2
[rtmod] DISPATCH kernel=33 count=18 gx=6 gy=1 gz=1
[rtmod] DISPATCH kernel=23 count=192 gx=2 gy=1 gz=2
[rtmod] DISPATCH kernel=10 count=192 gx=1 gy=1 gz=1
[rtmod] DISPATCH kernel=58 count=192 gx=1 gy=1 gz=1
[rtmod] DISPATCH kernel=26 count=192 gx=4 gy=1 gz=1
[rtmod] FEW name=Add count=192
[rtmod] DISPATCH kernel=406 count=192 gx=1 gy=1 gz=1
[rtmod] DISPATCH kernel=223 count=192 gx=3 gy=1 gz=1
[rtmod] DISPATCH kernel=26 count=384 gx=8 gy=1 gz=1
[rtmod] DISPATCH kernel=26 count=384 gx=8 gy=1 gz=1
[rtmod] DISPATCH kernel=409 count=384 gx=1 gy=1 gz=1
[rtmod] DISPATCH kernel=26 count=192 gx=4 gy=1 gz=1
[rtmod] FEW name=Add count=192
[rtmod] DISPATCH kernel=406 count=192 gx=1 gy=1 gz=1
[rtmod] DISPATCH kernel=223 count=192 gx=3 gy=1 gz=1
[rtmod] DISPATCH kernel=26 count=96 gx=2 gy=1 gz=1
[rtmod] DISPATCH kernel=26 count=96 gx=2 gy=1 gz=1
[rtmod] DISPATCH kernel=223 count=96 gx=3 gy=1 gz=1
[rtmod] DISPATCH kernel=58 count=8192 gx=32 gy=1 gz=1
[rtmod] DISPATCH kernel=247 count=48 gx=1 gy=1 gz=1
[rtmod] DISPATCH kernel=58 count=8192 gx=32 gy=1 gz=1
[rtmod] DISPATCH kernel=58 count=96 gx=1 gy=1 gz=1
[rtmod] DISPATCH kernel=58 count=96 gx=1 gy=1 gz=1
[rtmod] EV-SIGNAL tid=471452 ev=0xaaab659db750 val=1 st=1 host=0
[rtmod] SUBMIT-ENTER tid=471452
[rtmod] SUBMIT tid=471452 cv=40 waits=1 sigs=2 cmds=1
[rtmod] COMMIT-NOOP
[rtmod] EV-WAIT tid=471452 ev=0xaaab659db750 val=1 cnt=0 resv=40
[rtmod] DISPATCH kernel=192 count=64 gx=1 gy=1 gz=1
[rtmod] DISPATCH kernel=223 count=64 gx=1 gy=1 gz=1
[rtmod] DISPATCH kernel=26 count=32 gx=2 gy=1 gz=1
[rtmod] DISPATCH kernel=26 count=32 gx=2 gy=1 gz=1
[rtmod] DISPATCH kernel=26 count=64 gx=4 gy=1 gz=1
[rtmod] DISPATCH kernel=223 count=32 gx=1 gy=1 gz=1
[rtmod] DISPATCH kernel=247 count=16 gx=1 gy=1 gz=1
[rtmod] DISPATCH kernel=223 count=64 gx=2 gy=1 gz=1
[rtmod] DISPATCH kernel=58 count=32 gx=1 gy=1 gz=1
[rtmod] DISPATCH kernel=58 count=32 gx=1 gy=1 gz=1
[rtmod] DISPATCH kernel=247 count=32 gx=1 gy=1 gz=1
[rtmod] DISPATCH kernel=9 count=64 gx=1 gy=1 gz=1
[rtmod] FEW name=ScaledDotProductAttention count=64
[rtmod] DISPATCH kernel=452 count=64 gx=1 gy=1 gz=1
[rtmod] DISPATCH kernel=9 count=128 gx=1 gy=1 gz=1
[rtmod] DISPATCH kernel=9 count=128 gx=1 gy=1 gz=1
[rtmod] DISPATCH kernel=23 count=8 gx=1 gy=1 gz=2
[rtmod] DISPATCH kernel=33 count=8 gx=2 gy=1 gz=1
[rtmod] DISPATCH kernel=23 count=64 gx=2 gy=1 gz=2
[rtmod] DISPATCH kernel=10 count=64 gx=1 gy=1 gz=1
[rtmod] DISPATCH kernel=26 count=64 gx=4 gy=1 gz=1
[rtmod] FEW name=Add count=64
[rtmod] DISPATCH kernel=406 count=64 gx=1 gy=1 gz=1
[rtmod] DISPATCH kernel=223 count=64 gx=1 gy=1 gz=1
[rtmod] DISPATCH kernel=26 count=128 gx=8 gy=1 gz=1
[rtmod] DISPATCH kernel=26 count=128 gx=8 gy=1 gz=1
[rtmod] DISPATCH kernel=409 count=128 gx=1 gy=1 gz=1
[rtmod] DISPATCH kernel=29 count=64 gx=16 gy=1 gz=1
[rtmod] FEW name=Add count=64
[rtmod] DISPATCH kernel=406 count=64 gx=1 gy=1 gz=1
[rtmod] DISPATCH kernel=223 count=64 gx=1 gy=1 gz=1
[rtmod] DISPATCH kernel=26 count=32 gx=2 gy=1 gz=1
[rtmod] DISPATCH kernel=26 count=32 gx=2 gy=1 gz=1
[rtmod] DISPATCH kernel=26 count=64 gx=4 gy=1 gz=1
[rtmod] DISPATCH kernel=223 count=32 gx=1 gy=1 gz=1
[rtmod] DISPATCH kernel=247 count=16 gx=1 gy=1 gz=1
[rtmod] DISPATCH kernel=223 count=64 gx=2 gy=1 gz=1
[rtmod] DISPATCH kernel=58 count=32 gx=1 gy=1 gz=1
[rtmod] DISPATCH kernel=58 count=32 gx=1 gy=1 gz=1
[rtmod] DISPATCH kernel=247 count=32 gx=1 gy=1 gz=1
[rtmod] DISPATCH kernel=9 count=64 gx=1 gy=1 gz=1
[rtmod] FEW name=ScaledDotProductAttention count=64
[rtmod] DISPATCH kernel=452 count=64 gx=1 gy=1 gz=1
[rtmod] DISPATCH kernel=9 count=128 gx=1 gy=1 gz=1
[rtmod] DISPATCH kernel=9 count=128 gx=1 gy=1 gz=1
[rtmod] DISPATCH kernel=23 count=8 gx=1 gy=1 gz=2
[rtmod] DISPATCH kernel=33 count=8 gx=2 gy=1 gz=1
[rtmod] DISPATCH kernel=23 count=64 gx=2 gy=1 gz=2
[rtmod] DISPATCH kernel=10 count=64 gx=1 gy=1 gz=1
[rtmod] DISPATCH kernel=26 count=64 gx=4 gy=1 gz=1
[rtmod] FEW name=Add count=64
[rtmod] DISPATCH kernel=406 count=64 gx=1 gy=1 gz=1
[rtmod] DISPATCH kernel=223 count=64 gx=1 gy=1 gz=1
[rtmod] DISPATCH kernel=26 count=128 gx=8 gy=1 gz=1
[rtmod] DISPATCH kernel=26 count=128 gx=8 gy=1 gz=1
[rtmod] DISPATCH kernel=409 count=128 gx=1 gy=1 gz=1
[rtmod] DISPATCH kernel=29 count=64 gx=16 gy=1 gz=1
[rtmod] FEW name=Add count=64
[rtmod] DISPATCH kernel=406 count=64 gx=1 gy=1 gz=1
[rtmod] DISPATCH kernel=223 count=64 gx=1 gy=1 gz=1
[rtmod] DISPATCH kernel=26 count=256 gx=16 gy=1 gz=1
[rtmod] DISPATCH kernel=38 count=1 gx=1 gy=1 gz=1
[rtmod] FEW name=Subtract count=256
[rtmod] DISPATCH kernel=454 count=256 gx=1 gy=1 gz=1
[rtmod] DISPATCH kernel=66 count=1 gx=1 gy=1 gz=1
[rtmod] EV-SIGNAL tid=471452 ev=0xaaab65efcc80 val=1 st=1 host=0
[rtmod] SUBMIT-ENTER tid=471452
[rtmod] SUBMIT tid=471452 cv=41 waits=1 sigs=2 cmds=1
[rtmod] COMMIT-NOOP
[rtmod] DISPATCH kernel=192 count=64 gx=1 gy=1 gz=1
[rtmod] DISPATCH kernel=223 count=64 gx=1 gy=1 gz=1
[rtmod] DISPATCH kernel=26 count=32 gx=2 gy=1 gz=1
[rtmod] DISPATCH kernel=26 count=32 gx=2 gy=1 gz=1
[rtmod] DISPATCH kernel=26 count=64 gx=4 gy=1 gz=1
[rtmod] DISPATCH kernel=223 count=32 gx=1 gy=1 gz=1
[rtmod] DISPATCH kernel=247 count=16 gx=1 gy=1 gz=1
[rtmod] DISPATCH kernel=223 count=64 gx=2 gy=1 gz=1
[rtmod] DISPATCH kernel=58 count=32 gx=1 gy=1 gz=1
[rtmod] DISPATCH kernel=58 count=32 gx=1 gy=1 gz=1
[rtmod] DISPATCH kernel=247 count=32 gx=1 gy=1 gz=1
[rtmod] DISPATCH kernel=9 count=64 gx=1 gy=1 gz=1
[rtmod] FEW name=ScaledDotProductAttention count=64
[rtmod] DISPATCH kernel=452 count=64 gx=1 gy=1 gz=1
[rtmod] DISPATCH kernel=9 count=160 gx=1 gy=1 gz=1
[rtmod] DISPATCH kernel=9 count=160 gx=1 gy=1 gz=1
[rtmod] DISPATCH kernel=23 count=10 gx=1 gy=1 gz=2
[rtmod] DISPATCH kernel=33 count=10 gx=2 gy=1 gz=1
[rtmod] DISPATCH kernel=23 count=64 gx=2 gy=1 gz=2
[rtmod] DISPATCH kernel=10 count=64 gx=1 gy=1 gz=1
[rtmod] DISPATCH kernel=26 count=64 gx=4 gy=1 gz=1
[rtmod] FEW name=Add count=64
[rtmod] DISPATCH kernel=406 count=64 gx=1 gy=1 gz=1
[rtmod] DISPATCH kernel=223 count=64 gx=1 gy=1 gz=1
[rtmod] DISPATCH kernel=26 count=128 gx=8 gy=1 gz=1
[rtmod] DISPATCH kernel=26 count=128 gx=8 gy=1 gz=1
[rtmod] DISPATCH kernel=409 count=128 gx=1 gy=1 gz=1
[rtmod] DISPATCH kernel=29 count=64 gx=16 gy=1 gz=1
[rtmod] FEW name=Add count=64
[rtmod] DISPATCH kernel=406 count=64 gx=1 gy=1 gz=1
[rtmod] DISPATCH kernel=223 count=64 gx=1 gy=1 gz=1
[rtmod] DISPATCH kernel=26 count=32 gx=2 gy=1 gz=1
[rtmod] DISPATCH kernel=26 count=32 gx=2 gy=1 gz=1
[rtmod] DISPATCH kernel=26 count=64 gx=4 gy=1 gz=1
[rtmod] DISPATCH kernel=223 count=32 gx=1 gy=1 gz=1
[rtmod] DISPATCH kernel=247 count=16 gx=1 gy=1 gz=1
[rtmod] DISPATCH kernel=223 count=64 gx=2 gy=1 gz=1
[rtmod] DISPATCH kernel=58 count=32 gx=1 gy=1 gz=1
[rtmod] DISPATCH kernel=58 count=32 gx=1 gy=1 gz=1
[rtmod] DISPATCH kernel=247 count=32 gx=1 gy=1 gz=1
[rtmod] DISPATCH kernel=9 count=64 gx=1 gy=1 gz=1
[rtmod] FEW name=ScaledDotProductAttention count=64
[rtmod] DISPATCH kernel=452 count=64 gx=1 gy=1 gz=1
[rtmod] DISPATCH kernel=9 count=160 gx=1 gy=1 gz=1
[rtmod] DISPATCH kernel=9 count=160 gx=1 gy=1 gz=1
[rtmod] DISPATCH kernel=23 count=10 gx=1 gy=1 gz=2
[rtmod] DISPATCH kernel=33 count=10 gx=2 gy=1 gz=1
[rtmod] DISPATCH kernel=23 count=64 gx=2 gy=1 gz=2
[rtmod] DISPATCH kernel=10 count=64 gx=1 gy=1 gz=1
[rtmod] DISPATCH kernel=26 count=64 gx=4 gy=1 gz=1
[rtmod] FEW name=Add count=64
[rtmod] DISPATCH kernel=406 count=64 gx=1 gy=1 gz=1
[rtmod] DISPATCH kernel=223 count=64 gx=1 gy=1 gz=1
[rtmod] DISPATCH kernel=26 count=128 gx=8 gy=1 gz=1
[rtmod] DISPATCH kernel=26 count=128 gx=8 gy=1 gz=1
[rtmod] DISPATCH kernel=409 count=128 gx=1 gy=1 gz=1
[rtmod] DISPATCH kernel=29 count=64 gx=16 gy=1 gz=1
[rtmod] FEW name=Add count=64
[rtmod] DISPATCH kernel=406 count=64 gx=1 gy=1 gz=1
[rtmod] DISPATCH kernel=223 count=64 gx=1 gy=1 gz=1
[rtmod] DISPATCH kernel=26 count=256 gx=16 gy=1 gz=1
[rtmod] DISPATCH kernel=38 count=1 gx=1 gy=1 gz=1
[rtmod] FEW name=Subtract count=256
[rtmod] DISPATCH kernel=454 count=256 gx=1 gy=1 gz=1
[rtmod] DISPATCH kernel=66 count=1 gx=1 gy=1 gz=1
[rtmod] EV-SIGNAL tid=471452 ev=0xaaab65fb0280 val=1 st=1 host=0
[rtmod] SUBMIT-ENTER tid=471452
[rtmod] SUBMIT tid=471452 cv=42 waits=1 sigs=2 cmds=1
[rtmod] COMMIT-NOOP
[rtmod] DISPATCH kernel=192 count=64 gx=1 gy=1 gz=1
[rtmod] DISPATCH kernel=223 count=64 gx=1 gy=1 gz=1
[rtmod] DISPATCH kernel=26 count=32 gx=2 gy=1 gz=1
[rtmod] DISPATCH kernel=26 count=32 gx=2 gy=1 gz=1
[rtmod] DISPATCH kernel=26 count=64 gx=4 gy=1 gz=1
[rtmod] DISPATCH kernel=223 count=32 gx=1 gy=1 gz=1
[rtmod] DISPATCH kernel=247 count=16 gx=1 gy=1 gz=1
[rtmod] DISPATCH kernel=223 count=64 gx=2 gy=1 gz=1
[rtmod] DISPATCH kernel=58 count=32 gx=1 gy=1 gz=1
[rtmod] DISPATCH kernel=58 count=32 gx=1 gy=1 gz=1
[rtmod] DISPATCH kernel=247 count=32 gx=1 gy=1 gz=1
[rtmod] DISPATCH kernel=9 count=64 gx=1 gy=1 gz=1
[rtmod] FEW name=ScaledDotProductAttention count=64
[rtmod] DISPATCH kernel=452 count=64 gx=1 gy=1 gz=1
[rtmod] DISPATCH kernel=9 count=192 gx=1 gy=1 gz=1
[rtmod] DISPATCH kernel=9 count=192 gx=1 gy=1 gz=1
[rtmod] DISPATCH kernel=23 count=12 gx=1 gy=1 gz=2
[rtmod] DISPATCH kernel=33 count=12 gx=2 gy=1 gz=1
[rtmod] DISPATCH kernel=23 count=64 gx=2 gy=1 gz=2
[rtmod] DISPATCH kernel=10 count=64 gx=1 gy=1 gz=1
[rtmod] DISPATCH kernel=26 count=64 gx=4 gy=1 gz=1
[rtmod] FEW name=Add count=64
[rtmod] DISPATCH kernel=406 count=64 gx=1 gy=1 gz=1
[rtmod] DISPATCH kernel=223 count=64 gx=1 gy=1 gz=1
[rtmod] DISPATCH kernel=26 count=128 gx=8 gy=1 gz=1
[rtmod] DISPATCH kernel=26 count=128 gx=8 gy=1 gz=1
[rtmod] DISPATCH kernel=409 count=128 gx=1 gy=1 gz=1
[rtmod] DISPATCH kernel=29 count=64 gx=16 gy=1 gz=1
[rtmod] FEW name=Add count=64
[rtmod] DISPATCH kernel=406 count=64 gx=1 gy=1 gz=1
[rtmod] DISPATCH kernel=223 count=64 gx=1 gy=1 gz=1
[rtmod] DISPATCH kernel=26 count=32 gx=2 gy=1 gz=1
[rtmod] DISPATCH kernel=26 count=32 gx=2 gy=1 gz=1
[rtmod] DISPATCH kernel=26 count=64 gx=4 gy=1 gz=1
[rtmod] DISPATCH kernel=223 count=32 gx=1 gy=1 gz=1
[rtmod] DISPATCH kernel=247 count=16 gx=1 gy=1 gz=1
[rtmod] DISPATCH kernel=223 count=64 gx=2 gy=1 gz=1
[rtmod] DISPATCH kernel=58 count=32 gx=1 gy=1 gz=1
[rtmod] DISPATCH kernel=58 count=32 gx=1 gy=1 gz=1
[rtmod] DISPATCH kernel=247 count=32 gx=1 gy=1 gz=1
[rtmod] DISPATCH kernel=9 count=64 gx=1 gy=1 gz=1
[rtmod] FEW name=ScaledDotProductAttention count=64
[rtmod] DISPATCH kernel=452 count=64 gx=1 gy=1 gz=1
[rtmod] DISPATCH kernel=9 count=192 gx=1 gy=1 gz=1
[rtmod] DISPATCH kernel=9 count=192 gx=1 gy=1 gz=1
[rtmod] DISPATCH kernel=23 count=12 gx=1 gy=1 gz=2
[rtmod] DISPATCH kernel=33 count=12 gx=2 gy=1 gz=1
[rtmod] DISPATCH kernel=23 count=64 gx=2 gy=1 gz=2
[rtmod] DISPATCH kernel=10 count=64 gx=1 gy=1 gz=1
[rtmod] DISPATCH kernel=26 count=64 gx=4 gy=1 gz=1
[rtmod] FEW name=Add count=64
[rtmod] DISPATCH kernel=406 count=64 gx=1 gy=1 gz=1
[rtmod] DISPATCH kernel=223 count=64 gx=1 gy=1 gz=1
[rtmod] DISPATCH kernel=26 count=128 gx=8 gy=1 gz=1
[rtmod] DISPATCH kernel=26 count=128 gx=8 gy=1 gz=1
[rtmod] DISPATCH kernel=409 count=128 gx=1 gy=1 gz=1
[rtmod] DISPATCH kernel=29 count=64 gx=16 gy=1 gz=1
[rtmod] FEW name=Add count=64
[rtmod] DISPATCH kernel=406 count=64 gx=1 gy=1 gz=1
[rtmod] DISPATCH kernel=223 count=64 gx=1 gy=1 gz=1
[rtmod] DISPATCH kernel=26 count=256 gx=16 gy=1 gz=1
[rtmod] DISPATCH kernel=38 count=1 gx=1 gy=1 gz=1
[rtmod] FEW name=Subtract count=256
[rtmod] DISPATCH kernel=454 count=256 gx=1 gy=1 gz=1
[rtmod] DISPATCH kernel=66 count=1 gx=1 gy=1 gz=1
[rtmod] EV-SIGNAL tid=471452 ev=0xaaab65f1a280 val=1 st=1 host=0
[rtmod] SUBMIT-ENTER tid=471452
[rtmod] SUBMIT tid=471452 cv=43 waits=1 sigs=2 cmds=1
[rtmod] COMMIT-NOOP
[rtmod] EV-WAIT-ENC tid=471452 ev=0xaaab65fb0280 val=1 st=0
[rtmod] EV-WAIT-ENC tid=471452 ev=0xaaab65f1a280 val=1 st=0
[rtmod] FENCE-UPDATE count=0 st=0
[rtmod] EV-SIGNAL tid=471452 ev=0xaaab65f696e0 val=1 st=0 host=0
[rtmod] SUBMIT-ENTER tid=471452
[rtmod] SUBMIT tid=471452 cv=44 waits=3 sigs=2 cmds=1
[rtmod] FENCE-UPDATE count=0 st=1
[rtmod] EV-SIGNAL tid=471452 ev=0xaaab66025b20 val=1 st=1 host=0
[rtmod] SUBMIT-ENTER tid=471452
[rtmod] SUBMIT tid=471452 cv=45 waits=1 sigs=2 cmds=0
[rtmod] EV-WAIT-ENC tid=471452 ev=0xaaab66025b20 val=1 st=0
[rtmod] EV-WAIT-ENC tid=471452 ev=0xaaab65f696e0 val=1 st=0
[rtmod] FENCE-UPDATE count=1 st=0
[rtmod] EV-SIGNAL tid=471452 ev=0xaaab65f696e0 val=2 st=0 host=0
[rtmod] SUBMIT-ENTER tid=471452
[rtmod] SUBMIT tid=471452 cv=46 waits=3 sigs=2 cmds=1
[rtmod] EV-WAIT-ENC tid=471452 ev=0xaaab65f696e0 val=2 st=1
[rtmod] DISPATCH kernel=192 count=256 gx=1 gy=1 gz=1
[rtmod] DISPATCH kernel=223 count=256 gx=4 gy=1 gz=1
[rtmod] DISPATCH kernel=26 count=128 gx=2 gy=1 gz=1
[rtmod] DISPATCH kernel=26 count=128 gx=2 gy=1 gz=1
[rtmod] DISPATCH kernel=26 count=256 gx=4 gy=1 gz=1
[rtmod] DISPATCH kernel=223 count=128 gx=4 gy=1 gz=1
[rtmod] DISPATCH kernel=247 count=64 gx=1 gy=1 gz=1
[rtmod] DISPATCH kernel=223 count=256 gx=8 gy=1 gz=1
[rtmod] DISPATCH kernel=58 count=128 gx=1 gy=1 gz=1
[rtmod] DISPATCH kernel=58 count=128 gx=1 gy=1 gz=1
[rtmod] DISPATCH kernel=247 count=128 gx=1 gy=1 gz=1
[rtmod] DISPATCH kernel=9 count=256 gx=1 gy=1 gz=1
[rtmod] FEW name=ScaledDotProductAttention count=256
[rtmod] DISPATCH kernel=452 count=256 gx=1 gy=1 gz=1
[rtmod] DISPATCH kernel=9 count=224 gx=1 gy=1 gz=1
[rtmod] DISPATCH kernel=9 count=224 gx=1 gy=1 gz=1
[rtmod] DISPATCH kernel=23 count=56 gx=1 gy=1 gz=2
[rtmod] DISPATCH kernel=33 count=56 gx=8 gy=1 gz=1
[rtmod] DISPATCH kernel=23 count=256 gx=2 gy=1 gz=2
[rtmod] DISPATCH kernel=10 count=256 gx=1 gy=1 gz=1
[rtmod] DISPATCH kernel=58 count=256 gx=1 gy=1 gz=1
[rtmod] DISPATCH kernel=26 count=256 gx=4 gy=1 gz=1
[rtmod] FEW name=Add count=256
[rtmod] DISPATCH kernel=406 count=256 gx=1 gy=1 gz=1
[rtmod] DISPATCH kernel=223 count=256 gx=4 gy=1 gz=1
[rtmod] DISPATCH kernel=26 count=512 gx=8 gy=1 gz=1
[rtmod] DISPATCH kernel=26 count=512 gx=8 gy=1 gz=1
[rtmod] DISPATCH kernel=409 count=512 gx=1 gy=1 gz=1
[rtmod] DISPATCH kernel=26 count=256 gx=4 gy=1 gz=1
[rtmod] FEW name=Add count=256
[rtmod] DISPATCH kernel=406 count=256 gx=1 gy=1 gz=1
[rtmod] DISPATCH kernel=223 count=256 gx=4 gy=1 gz=1
[rtmod] DISPATCH kernel=26 count=128 gx=2 gy=1 gz=1
[rtmod] DISPATCH kernel=26 count=128 gx=2 gy=1 gz=1
[rtmod] DISPATCH kernel=26 count=256 gx=4 gy=1 gz=1
[rtmod] DISPATCH kernel=223 count=128 gx=4 gy=1 gz=1
[rtmod] DISPATCH kernel=247 count=64 gx=1 gy=1 gz=1
[rtmod] DISPATCH kernel=223 count=256 gx=8 gy=1 gz=1
[rtmod] DISPATCH kernel=58 count=128 gx=1 gy=1 gz=1
[rtmod] DISPATCH kernel=58 count=128 gx=1 gy=1 gz=1
[rtmod] DISPATCH kernel=247 count=128 gx=1 gy=1 gz=1
[rtmod] DISPATCH kernel=9 count=256 gx=1 gy=1 gz=1
[rtmod] FEW name=ScaledDotProductAttention count=256
[rtmod] DISPATCH kernel=452 count=256 gx=1 gy=1 gz=1
[rtmod] DISPATCH kernel=9 count=224 gx=1 gy=1 gz=1
[rtmod] DISPATCH kernel=9 count=224 gx=1 gy=1 gz=1
[rtmod] DISPATCH kernel=23 count=56 gx=1 gy=1 gz=2
[rtmod] DISPATCH kernel=33 count=56 gx=8 gy=1 gz=1
[rtmod] DISPATCH kernel=23 count=256 gx=2 gy=1 gz=2
[rtmod] DISPATCH kernel=10 count=256 gx=1 gy=1 gz=1
[rtmod] DISPATCH kernel=58 count=256 gx=1 gy=1 gz=1
[rtmod] DISPATCH kernel=26 count=256 gx=4 gy=1 gz=1
[rtmod] FEW name=Add count=256
[rtmod] DISPATCH kernel=406 count=256 gx=1 gy=1 gz=1
[rtmod] DISPATCH kernel=223 count=256 gx=4 gy=1 gz=1
[rtmod] DISPATCH kernel=26 count=512 gx=8 gy=1 gz=1
[rtmod] DISPATCH kernel=26 count=512 gx=8 gy=1 gz=1
[rtmod] DISPATCH kernel=409 count=512 gx=1 gy=1 gz=1
[rtmod] DISPATCH kernel=26 count=256 gx=4 gy=1 gz=1
[rtmod] FEW name=Add count=256
[rtmod] DISPATCH kernel=406 count=256 gx=1 gy=1 gz=1
[rtmod] DISPATCH kernel=223 count=256 gx=4 gy=1 gz=1
[rtmod] DISPATCH kernel=26 count=1024 gx=16 gy=1 gz=1
[rtmod] DISPATCH kernel=38 count=4 gx=4 gy=1 gz=1
[rtmod] FEW name=Subtract count=1024
[rtmod] DISPATCH kernel=454 count=1024 gx=4 gy=1 gz=1
[rtmod] DISPATCH kernel=66 count=4 gx=4 gy=1 gz=1
[rtmod] EV-WAIT-ENC tid=471452 ev=0xaaab65f696e0 val=2 st=1
[rtmod] COMMIT-NOOP
[rtmod] EV-SIGNAL tid=471452 ev=0xaaab65f2f140 val=1 st=1 host=0
[rtmod] SUBMIT-ENTER tid=471452
[rtmod] SUBMIT tid=471452 cv=47 waits=3 sigs=2 cmds=1
[rtmod] COMMIT-NOOP
[rtmod] EV-WAIT tid=471452 ev=0xaaab65f2f140 val=1 cnt=0 resv=47
[rtmod] FENCE-UPDATE count=0 st=0
[rtmod] EV-SIGNAL tid=471452 ev=0xaaab6603da30 val=1 st=0 host=0
[rtmod] SUBMIT-ENTER tid=471452
[rtmod] SUBMIT tid=471452 cv=48 waits=1 sigs=2 cmds=1
[rtmod] EV-WAIT-ENC tid=471452 ev=0xaaab6603da30 val=1 st=1
[rtmod] DISPATCH kernel=192 count=128 gx=1 gy=1 gz=1
[rtmod] DISPATCH kernel=223 count=128 gx=2 gy=1 gz=1
[rtmod] DISPATCH kernel=26 count=64 gx=2 gy=1 gz=1
[rtmod] DISPATCH kernel=26 count=64 gx=2 gy=1 gz=1
[rtmod] DISPATCH kernel=26 count=128 gx=4 gy=1 gz=1
[rtmod] DISPATCH kernel=223 count=64 gx=2 gy=1 gz=1
[rtmod] DISPATCH kernel=247 count=32 gx=1 gy=1 gz=1
[rtmod] DISPATCH kernel=223 count=128 gx=4 gy=1 gz=1
[rtmod] DISPATCH kernel=58 count=64 gx=1 gy=1 gz=1
[rtmod] DISPATCH kernel=58 count=64 gx=1 gy=1 gz=1
[rtmod] DISPATCH kernel=247 count=64 gx=1 gy=1 gz=1
[rtmod] DISPATCH kernel=9 count=128 gx=1 gy=1 gz=1
[rtmod] FEW name=ScaledDotProductAttention count=128
[rtmod] DISPATCH kernel=452 count=128 gx=1 gy=1 gz=1
[rtmod] DISPATCH kernel=9 count=256 gx=1 gy=1 gz=1
[rtmod] DISPATCH kernel=9 count=256 gx=1 gy=1 gz=1
[rtmod] DISPATCH kernel=23 count=32 gx=1 gy=1 gz=2
[rtmod] DISPATCH kernel=33 count=32 gx=4 gy=1 gz=1
[rtmod] DISPATCH kernel=23 count=128 gx=2 gy=1 gz=2
[rtmod] DISPATCH kernel=10 count=128 gx=1 gy=1 gz=1
[rtmod] DISPATCH kernel=58 count=128 gx=1 gy=1 gz=1
[rtmod] DISPATCH kernel=26 count=128 gx=4 gy=1 gz=1
[rtmod] FEW name=Add count=128
[rtmod] DISPATCH kernel=406 count=128 gx=1 gy=1 gz=1
[rtmod] DISPATCH kernel=223 count=128 gx=2 gy=1 gz=1
[rtmod] DISPATCH kernel=26 count=256 gx=8 gy=1 gz=1
[rtmod] DISPATCH kernel=26 count=256 gx=8 gy=1 gz=1
[rtmod] DISPATCH kernel=409 count=256 gx=1 gy=1 gz=1
[rtmod] DISPATCH kernel=26 count=128 gx=4 gy=1 gz=1
[rtmod] FEW name=Add count=128
[rtmod] DISPATCH kernel=406 count=128 gx=1 gy=1 gz=1
[rtmod] DISPATCH kernel=223 count=128 gx=2 gy=1 gz=1
[rtmod] DISPATCH kernel=26 count=64 gx=2 gy=1 gz=1
[rtmod] DISPATCH kernel=26 count=64 gx=2 gy=1 gz=1
[rtmod] DISPATCH kernel=26 count=128 gx=4 gy=1 gz=1
[rtmod] DISPATCH kernel=223 count=64 gx=2 gy=1 gz=1
[rtmod] DISPATCH kernel=247 count=32 gx=1 gy=1 gz=1
[rtmod] DISPATCH kernel=223 count=128 gx=4 gy=1 gz=1
[rtmod] DISPATCH kernel=58 count=64 gx=1 gy=1 gz=1
[rtmod] DISPATCH kernel=58 count=64 gx=1 gy=1 gz=1
[rtmod] DISPATCH kernel=247 count=64 gx=1 gy=1 gz=1
[rtmod] DISPATCH kernel=9 count=128 gx=1 gy=1 gz=1
[rtmod] FEW name=ScaledDotProductAttention count=128
[rtmod] DISPATCH kernel=452 count=128 gx=1 gy=1 gz=1
[rtmod] DISPATCH kernel=9 count=256 gx=1 gy=1 gz=1
[rtmod] DISPATCH kernel=9 count=256 gx=1 gy=1 gz=1
[rtmod] DISPATCH kernel=23 count=32 gx=1 gy=1 gz=2
[rtmod] DISPATCH kernel=33 count=32 gx=4 gy=1 gz=1
[rtmod] DISPATCH kernel=23 count=128 gx=2 gy=1 gz=2
[rtmod] DISPATCH kernel=10 count=128 gx=1 gy=1 gz=1
[rtmod] DISPATCH kernel=58 count=128 gx=1 gy=1 gz=1
[rtmod] DISPATCH kernel=26 count=128 gx=4 gy=1 gz=1
[rtmod] FEW name=Add count=128
[rtmod] DISPATCH kernel=406 count=128 gx=1 gy=1 gz=1
[rtmod] DISPATCH kernel=223 count=128 gx=2 gy=1 gz=1
[rtmod] DISPATCH kernel=26 count=256 gx=8 gy=1 gz=1
[rtmod] DISPATCH kernel=26 count=256 gx=8 gy=1 gz=1
[rtmod] DISPATCH kernel=409 count=256 gx=1 gy=1 gz=1
[rtmod] DISPATCH kernel=26 count=128 gx=4 gy=1 gz=1
[rtmod] FEW name=Add count=128
[rtmod] DISPATCH kernel=406 count=128 gx=1 gy=1 gz=1
[rtmod] DISPATCH kernel=223 count=128 gx=2 gy=1 gz=1
[rtmod] DISPATCH kernel=26 count=512 gx=16 gy=1 gz=1
[rtmod] DISPATCH kernel=38 count=1 gx=1 gy=1 gz=1
[rtmod] FEW name=Subtract count=256
[rtmod] DISPATCH kernel=454 count=256 gx=1 gy=1 gz=1
[rtmod] DISPATCH kernel=66 count=1 gx=1 gy=1 gz=1
[rtmod] EV-SIGNAL tid=471452 ev=0xaaab66052340 val=1 st=0 host=0
[rtmod] SUBMIT-ENTER tid=471452
[rtmod] SUBMIT tid=471452 cv=49 waits=1 sigs=2 cmds=0
[rtmod] COMMIT-NOOP
[rtmod] EV-SIGNAL tid=471452 ev=0xaaab659db750 val=1 st=1 host=0
[rtmod] SUBMIT-ENTER tid=471452
[rtmod] SUBMIT tid=471452 cv=50 waits=2 sigs=2 cmds=1
[rtmod] COMMIT-NOOP
[rtmod] DISPATCH kernel=192 count=64 gx=1 gy=1 gz=1
[rtmod] DISPATCH kernel=223 count=64 gx=1 gy=1 gz=1
[rtmod] DISPATCH kernel=26 count=32 gx=2 gy=1 gz=1
[rtmod] DISPATCH kernel=26 count=32 gx=2 gy=1 gz=1
[rtmod] DISPATCH kernel=26 count=64 gx=4 gy=1 gz=1
[rtmod] DISPATCH kernel=223 count=32 gx=1 gy=1 gz=1
[rtmod] DISPATCH kernel=247 count=16 gx=1 gy=1 gz=1
[rtmod] DISPATCH kernel=223 count=64 gx=2 gy=1 gz=1
[rtmod] DISPATCH kernel=58 count=32 gx=1 gy=1 gz=1
[rtmod] DISPATCH kernel=58 count=32 gx=1 gy=1 gz=1
[rtmod] DISPATCH kernel=247 count=32 gx=1 gy=1 gz=1
[rtmod] DISPATCH kernel=9 count=64 gx=1 gy=1 gz=1
[rtmod] FEW name=ScaledDotProductAttention count=64
[rtmod] DISPATCH kernel=452 count=64 gx=1 gy=1 gz=1
[rtmod] DISPATCH kernel=9 count=288 gx=2 gy=1 gz=1
[rtmod] DISPATCH kernel=9 count=288 gx=2 gy=1 gz=1
[rtmod] DISPATCH kernel=23 count=18 gx=1 gy=1 gz=2
[rtmod] DISPATCH kernel=33 count=18 gx=2 gy=1 gz=1
[rtmod] DISPATCH kernel=23 count=64 gx=2 gy=1 gz=2
[rtmod] DISPATCH kernel=10 count=64 gx=1 gy=1 gz=1
[rtmod] DISPATCH kernel=26 count=64 gx=4 gy=1 gz=1
[rtmod] FEW name=Add count=64
[rtmod] DISPATCH kernel=406 count=64 gx=1 gy=1 gz=1
[rtmod] DISPATCH kernel=223 count=64 gx=1 gy=1 gz=1
[rtmod] DISPATCH kernel=26 count=128 gx=8 gy=1 gz=1
[rtmod] DISPATCH kernel=26 count=128 gx=8 gy=1 gz=1
[rtmod] DISPATCH kernel=409 count=128 gx=1 gy=1 gz=1
[rtmod] DISPATCH kernel=29 count=64 gx=16 gy=1 gz=1
[rtmod] FEW name=Add count=64
[rtmod] DISPATCH kernel=406 count=64 gx=1 gy=1 gz=1
[rtmod] DISPATCH kernel=223 count=64 gx=1 gy=1 gz=1
[rtmod] DISPATCH kernel=26 count=32 gx=2 gy=1 gz=1
[rtmod] DISPATCH kernel=26 count=32 gx=2 gy=1 gz=1
[rtmod] DISPATCH kernel=26 count=64 gx=4 gy=1 gz=1
[rtmod] DISPATCH kernel=223 count=32 gx=1 gy=1 gz=1
[rtmod] DISPATCH kernel=247 count=16 gx=1 gy=1 gz=1
[rtmod] DISPATCH kernel=223 count=64 gx=2 gy=1 gz=1
[rtmod] DISPATCH kernel=58 count=32 gx=1 gy=1 gz=1
[rtmod] DISPATCH kernel=58 count=32 gx=1 gy=1 gz=1
[rtmod] DISPATCH kernel=247 count=32 gx=1 gy=1 gz=1
[rtmod] DISPATCH kernel=9 count=64 gx=1 gy=1 gz=1
[rtmod] FEW name=ScaledDotProductAttention count=64
[rtmod] DISPATCH kernel=452 count=64 gx=1 gy=1 gz=1
[rtmod] DISPATCH kernel=9 count=288 gx=2 gy=1 gz=1
[rtmod] DISPATCH kernel=9 count=288 gx=2 gy=1 gz=1
[rtmod] DISPATCH kernel=23 count=18 gx=1 gy=1 gz=2
[rtmod] DISPATCH kernel=33 count=18 gx=2 gy=1 gz=1
[rtmod] DISPATCH kernel=23 count=64 gx=2 gy=1 gz=2
[rtmod] DISPATCH kernel=10 count=64 gx=1 gy=1 gz=1
[rtmod] DISPATCH kernel=26 count=64 gx=4 gy=1 gz=1
[rtmod] FEW name=Add count=64
[rtmod] DISPATCH kernel=406 count=64 gx=1 gy=1 gz=1
[rtmod] DISPATCH kernel=223 count=64 gx=1 gy=1 gz=1
[rtmod] DISPATCH kernel=26 count=128 gx=8 gy=1 gz=1
[rtmod] DISPATCH kernel=26 count=128 gx=8 gy=1 gz=1
[rtmod] DISPATCH kernel=409 count=128 gx=1 gy=1 gz=1
[rtmod] DISPATCH kernel=29 count=64 gx=16 gy=1 gz=1
[rtmod] FEW name=Add count=64
[rtmod] DISPATCH kernel=406 count=64 gx=1 gy=1 gz=1
[rtmod] DISPATCH kernel=223 count=64 gx=1 gy=1 gz=1
[rtmod] DISPATCH kernel=26 count=256 gx=16 gy=1 gz=1
[rtmod] DISPATCH kernel=38 count=1 gx=1 gy=1 gz=1
[rtmod] FEW name=Subtract count=256
[rtmod] DISPATCH kernel=454 count=256 gx=1 gy=1 gz=1
[rtmod] DISPATCH kernel=66 count=1 gx=1 gy=1 gz=1
[rtmod] EV-SIGNAL tid=471452 ev=0xaaab66052050 val=1 st=1 host=0
[rtmod] SUBMIT-ENTER tid=471452
[rtmod] SUBMIT tid=471452 cv=51 waits=1 sigs=2 cmds=1
[rtmod] COMMIT-NOOP
[rtmod] DISPATCH kernel=192 count=64 gx=1 gy=1 gz=1
[rtmod] DISPATCH kernel=223 count=64 gx=1 gy=1 gz=1
[rtmod] DISPATCH kernel=26 count=32 gx=2 gy=1 gz=1
[rtmod] DISPATCH kernel=26 count=32 gx=2 gy=1 gz=1
[rtmod] DISPATCH kernel=26 count=64 gx=4 gy=1 gz=1
[rtmod] DISPATCH kernel=223 count=32 gx=1 gy=1 gz=1
[rtmod] DISPATCH kernel=247 count=16 gx=1 gy=1 gz=1
[rtmod] DISPATCH kernel=223 count=64 gx=2 gy=1 gz=1
[rtmod] DISPATCH kernel=58 count=32 gx=1 gy=1 gz=1
[rtmod] DISPATCH kernel=58 count=32 gx=1 gy=1 gz=1
[rtmod] DISPATCH kernel=247 count=32 gx=1 gy=1 gz=1
[rtmod] DISPATCH kernel=9 count=64 gx=1 gy=1 gz=1
[rtmod] FEW name=ScaledDotProductAttention count=64
[rtmod] DISPATCH kernel=452 count=64 gx=1 gy=1 gz=1
[rtmod] DISPATCH kernel=9 count=320 gx=2 gy=1 gz=1
[rtmod] DISPATCH kernel=9 count=320 gx=2 gy=1 gz=1
[rtmod] DISPATCH kernel=23 count=20 gx=1 gy=1 gz=2
[rtmod] DISPATCH kernel=33 count=20 gx=2 gy=1 gz=1
[rtmod] DISPATCH kernel=23 count=64 gx=2 gy=1 gz=2
[rtmod] DISPATCH kernel=10 count=64 gx=1 gy=1 gz=1
[rtmod] DISPATCH kernel=26 count=64 gx=4 gy=1 gz=1
[rtmod] FEW name=Add count=64
[rtmod] DISPATCH kernel=406 count=64 gx=1 gy=1 gz=1
[rtmod] DISPATCH kernel=223 count=64 gx=1 gy=1 gz=1
[rtmod] DISPATCH kernel=26 count=128 gx=8 gy=1 gz=1
[rtmod] DISPATCH kernel=26 count=128 gx=8 gy=1 gz=1
[rtmod] DISPATCH kernel=409 count=128 gx=1 gy=1 gz=1
[rtmod] DISPATCH kernel=29 count=64 gx=16 gy=1 gz=1
[rtmod] FEW name=Add count=64
[rtmod] DISPATCH kernel=406 count=64 gx=1 gy=1 gz=1
[rtmod] DISPATCH kernel=223 count=64 gx=1 gy=1 gz=1
[rtmod] DISPATCH kernel=26 count=32 gx=2 gy=1 gz=1
[rtmod] DISPATCH kernel=26 count=32 gx=2 gy=1 gz=1
[rtmod] DISPATCH kernel=26 count=64 gx=4 gy=1 gz=1
[rtmod] DISPATCH kernel=223 count=32 gx=1 gy=1 gz=1
[rtmod] DISPATCH kernel=247 count=16 gx=1 gy=1 gz=1
[rtmod] DISPATCH kernel=223 count=64 gx=2 gy=1 gz=1
[rtmod] DISPATCH kernel=58 count=32 gx=1 gy=1 gz=1
[rtmod] DISPATCH kernel=58 count=32 gx=1 gy=1 gz=1
[rtmod] DISPATCH kernel=247 count=32 gx=1 gy=1 gz=1
[rtmod] DISPATCH kernel=9 count=64 gx=1 gy=1 gz=1
[rtmod] FEW name=ScaledDotProductAttention count=64
[rtmod] DISPATCH kernel=452 count=64 gx=1 gy=1 gz=1
[rtmod] DISPATCH kernel=9 count=320 gx=2 gy=1 gz=1
[rtmod] DISPATCH kernel=9 count=320 gx=2 gy=1 gz=1
[rtmod] DISPATCH kernel=23 count=20 gx=1 gy=1 gz=2
[rtmod] DISPATCH kernel=33 count=20 gx=2 gy=1 gz=1
[rtmod] DISPATCH kernel=23 count=64 gx=2 gy=1 gz=2
[rtmod] DISPATCH kernel=10 count=64 gx=1 gy=1 gz=1
[rtmod] DISPATCH kernel=26 count=64 gx=4 gy=1 gz=1
[rtmod] FEW name=Add count=64
[rtmod] DISPATCH kernel=406 count=64 gx=1 gy=1 gz=1
[rtmod] DISPATCH kernel=223 count=64 gx=1 gy=1 gz=1
[rtmod] DISPATCH kernel=26 count=128 gx=8 gy=1 gz=1
[rtmod] DISPATCH kernel=26 count=128 gx=8 gy=1 gz=1
[rtmod] DISPATCH kernel=409 count=128 gx=1 gy=1 gz=1
[rtmod] DISPATCH kernel=29 count=64 gx=16 gy=1 gz=1
[rtmod] FEW name=Add count=64
[rtmod] DISPATCH kernel=406 count=64 gx=1 gy=1 gz=1
[rtmod] DISPATCH kernel=223 count=64 gx=1 gy=1 gz=1
[rtmod] DISPATCH kernel=26 count=256 gx=16 gy=1 gz=1
[rtmod] DISPATCH kernel=38 count=1 gx=1 gy=1 gz=1
[rtmod] FEW name=Subtract count=256
[rtmod] DISPATCH kernel=454 count=256 gx=1 gy=1 gz=1
[rtmod] DISPATCH kernel=66 count=1 gx=1 gy=1 gz=1
[rtmod] EV-SIGNAL tid=471452 ev=0xaaab66057e40 val=1 st=1 host=0
[rtmod] SUBMIT-ENTER tid=471452
[rtmod] SUBMIT tid=471452 cv=52 waits=1 sigs=2 cmds=1
[rtmod] COMMIT-NOOP
[rtmod] EV-WAIT-ENC tid=471452 ev=0xaaab659db750 val=1 st=0
[rtmod] EV-WAIT-ENC tid=471452 ev=0xaaab66052050 val=1 st=0
[rtmod] EV-WAIT-ENC tid=471452 ev=0xaaab66057e40 val=1 st=0
[rtmod] FENCE-UPDATE count=0 st=0
[rtmod] EV-SIGNAL tid=471452 ev=0xaaab66059d20 val=1 st=0 host=0
[rtmod] SUBMIT-ENTER tid=471452
[rtmod] SUBMIT tid=471452 cv=53 waits=4 sigs=2 cmds=1
[rtmod] EV-WAIT-ENC tid=471452 ev=0xaaab66059d20 val=1 st=0
[rtmod] FENCE-UPDATE count=1 st=0
[rtmod] EV-SIGNAL tid=471452 ev=0xaaab66059d20 val=2 st=0 host=0
[rtmod] SUBMIT-ENTER tid=471452
[rtmod] SUBMIT tid=471452 cv=54 waits=2 sigs=2 cmds=1
[rtmod] EV-WAIT-ENC tid=471452 ev=0xaaab66059d20 val=2 st=1
[rtmod] DISPATCH kernel=192 count=256 gx=1 gy=1 gz=1
[rtmod] DISPATCH kernel=223 count=256 gx=4 gy=1 gz=1
[rtmod] DISPATCH kernel=26 count=128 gx=2 gy=1 gz=1
[rtmod] DISPATCH kernel=26 count=128 gx=2 gy=1 gz=1
[rtmod] DISPATCH kernel=26 count=256 gx=4 gy=1 gz=1
[rtmod] DISPATCH kernel=223 count=128 gx=4 gy=1 gz=1
[rtmod] DISPATCH kernel=247 count=64 gx=1 gy=1 gz=1
[rtmod] DISPATCH kernel=223 count=256 gx=8 gy=1 gz=1
[rtmod] DISPATCH kernel=58 count=128 gx=1 gy=1 gz=1
[rtmod] DISPATCH kernel=58 count=128 gx=1 gy=1 gz=1
[rtmod] DISPATCH kernel=247 count=128 gx=1 gy=1 gz=1
[rtmod] DISPATCH kernel=9 count=256 gx=1 gy=1 gz=1
[rtmod] FEW name=ScaledDotProductAttention count=256
[rtmod] DISPATCH kernel=452 count=256 gx=1 gy=1 gz=1
[rtmod] DISPATCH kernel=9 count=352 gx=2 gy=1 gz=1
[rtmod] DISPATCH kernel=9 count=352 gx=2 gy=1 gz=1
[rtmod] DISPATCH kernel=23 count=88 gx=1 gy=1 gz=2
[rtmod] DISPATCH kernel=33 count=88 gx=8 gy=1 gz=1
[rtmod] DISPATCH kernel=23 count=256 gx=2 gy=1 gz=2
[rtmod] DISPATCH kernel=10 count=256 gx=1 gy=1 gz=1
[rtmod] DISPATCH kernel=58 count=256 gx=1 gy=1 gz=1
[rtmod] DISPATCH kernel=26 count=256 gx=4 gy=1 gz=1
[rtmod] FEW name=Add count=256
[rtmod] DISPATCH kernel=406 count=256 gx=1 gy=1 gz=1
[rtmod] DISPATCH kernel=223 count=256 gx=4 gy=1 gz=1
[rtmod] DISPATCH kernel=26 count=512 gx=8 gy=1 gz=1
[rtmod] DISPATCH kernel=26 count=512 gx=8 gy=1 gz=1
[rtmod] DISPATCH kernel=409 count=512 gx=1 gy=1 gz=1
[rtmod] DISPATCH kernel=26 count=256 gx=4 gy=1 gz=1
[rtmod] FEW name=Add count=256
[rtmod] DISPATCH kernel=406 count=256 gx=1 gy=1 gz=1
[rtmod] DISPATCH kernel=223 count=256 gx=4 gy=1 gz=1
[rtmod] DISPATCH kernel=26 count=128 gx=2 gy=1 gz=1
[rtmod] DISPATCH kernel=26 count=128 gx=2 gy=1 gz=1
[rtmod] DISPATCH kernel=26 count=256 gx=4 gy=1 gz=1
[rtmod] DISPATCH kernel=223 count=128 gx=4 gy=1 gz=1
[rtmod] DISPATCH kernel=247 count=64 gx=1 gy=1 gz=1
[rtmod] DISPATCH kernel=223 count=256 gx=8 gy=1 gz=1
[rtmod] DISPATCH kernel=58 count=128 gx=1 gy=1 gz=1
[rtmod] DISPATCH kernel=58 count=128 gx=1 gy=1 gz=1
[rtmod] DISPATCH kernel=247 count=128 gx=1 gy=1 gz=1
[rtmod] DISPATCH kernel=9 count=256 gx=1 gy=1 gz=1
[rtmod] FEW name=ScaledDotProductAttention count=256
[rtmod] DISPATCH kernel=452 count=256 gx=1 gy=1 gz=1
[rtmod] DISPATCH kernel=9 count=352 gx=2 gy=1 gz=1
[rtmod] DISPATCH kernel=9 count=352 gx=2 gy=1 gz=1
[rtmod] DISPATCH kernel=23 count=88 gx=1 gy=1 gz=2
[rtmod] DISPATCH kernel=33 count=88 gx=8 gy=1 gz=1
[rtmod] DISPATCH kernel=23 count=256 gx=2 gy=1 gz=2
[rtmod] DISPATCH kernel=10 count=256 gx=1 gy=1 gz=1
[rtmod] DISPATCH kernel=58 count=256 gx=1 gy=1 gz=1
[rtmod] DISPATCH kernel=26 count=256 gx=4 gy=1 gz=1
[rtmod] FEW name=Add count=256
[rtmod] DISPATCH kernel=406 count=256 gx=1 gy=1 gz=1
[rtmod] DISPATCH kernel=223 count=256 gx=4 gy=1 gz=1
[rtmod] DISPATCH kernel=26 count=512 gx=8 gy=1 gz=1
[rtmod] DISPATCH kernel=26 count=512 gx=8 gy=1 gz=1
[rtmod] DISPATCH kernel=409 count=512 gx=1 gy=1 gz=1
[rtmod] DISPATCH kernel=26 count=256 gx=4 gy=1 gz=1
[rtmod] FEW name=Add count=256
[rtmod] DISPATCH kernel=406 count=256 gx=1 gy=1 gz=1
[rtmod] DISPATCH kernel=223 count=256 gx=4 gy=1 gz=1
[rtmod] DISPATCH kernel=26 count=1024 gx=16 gy=1 gz=1
[rtmod] DISPATCH kernel=38 count=4 gx=4 gy=1 gz=1
[rtmod] FEW name=Subtract count=1024
[rtmod] DISPATCH kernel=454 count=1024 gx=4 gy=1 gz=1
[rtmod] DISPATCH kernel=66 count=4 gx=4 gy=1 gz=1
[rtmod] EV-WAIT-ENC tid=471452 ev=0xaaab66059d20 val=2 st=1
[rtmod] COMMIT-NOOP
[rtmod] EV-SIGNAL tid=471452 ev=0xaaab66059960 val=1 st=1 host=0
[rtmod] SUBMIT-ENTER tid=471452
[rtmod] SUBMIT tid=471452 cv=55 waits=3 sigs=2 cmds=1
[rtmod] COMMIT-NOOP
[rtmod] EV-WAIT tid=471452 ev=0xaaab66059960 val=1 cnt=0 resv=55
[rtmod] FENCE-UPDATE count=0 st=0
[rtmod] EV-SIGNAL tid=471452 ev=0xaaab66025b20 val=1 st=0 host=0
[rtmod] SUBMIT-ENTER tid=471452
[rtmod] SUBMIT tid=471452 cv=56 waits=1 sigs=2 cmds=1
[rtmod] EV-WAIT-ENC tid=471452 ev=0xaaab66025b20 val=1 st=1
[rtmod] DISPATCH kernel=192 count=128 gx=1 gy=1 gz=1
[rtmod] DISPATCH kernel=223 count=128 gx=2 gy=1 gz=1
[rtmod] DISPATCH kernel=26 count=64 gx=2 gy=1 gz=1
[rtmod] DISPATCH kernel=26 count=64 gx=2 gy=1 gz=1
[rtmod] DISPATCH kernel=26 count=128 gx=4 gy=1 gz=1
[rtmod] DISPATCH kernel=223 count=64 gx=2 gy=1 gz=1
[rtmod] DISPATCH kernel=247 count=32 gx=1 gy=1 gz=1
[rtmod] DISPATCH kernel=223 count=128 gx=4 gy=1 gz=1
[rtmod] DISPATCH kernel=58 count=64 gx=1 gy=1 gz=1
[rtmod] DISPATCH kernel=58 count=64 gx=1 gy=1 gz=1
[rtmod] DISPATCH kernel=247 count=64 gx=1 gy=1 gz=1
[rtmod] DISPATCH kernel=9 count=128 gx=1 gy=1 gz=1
[rtmod] FEW name=ScaledDotProductAttention count=128
[rtmod] DISPATCH kernel=452 count=128 gx=1 gy=1 gz=1
[rtmod] DISPATCH kernel=9 count=384 gx=2 gy=1 gz=1
[rtmod] DISPATCH kernel=9 count=384 gx=2 gy=1 gz=1
[rtmod] DISPATCH kernel=23 count=48 gx=1 gy=1 gz=2
[rtmod] DISPATCH kernel=33 count=48 gx=4 gy=1 gz=1
[rtmod] DISPATCH kernel=23 count=128 gx=2 gy=1 gz=2
[rtmod] DISPATCH kernel=10 count=128 gx=1 gy=1 gz=1
[rtmod] DISPATCH kernel=58 count=128 gx=1 gy=1 gz=1
[rtmod] DISPATCH kernel=26 count=128 gx=4 gy=1 gz=1
[rtmod] FEW name=Add count=128
[rtmod] DISPATCH kernel=406 count=128 gx=1 gy=1 gz=1
[rtmod] DISPATCH kernel=223 count=128 gx=2 gy=1 gz=1
[rtmod] DISPATCH kernel=26 count=256 gx=8 gy=1 gz=1
[rtmod] DISPATCH kernel=26 count=256 gx=8 gy=1 gz=1
[rtmod] DISPATCH kernel=409 count=256 gx=1 gy=1 gz=1
[rtmod] DISPATCH kernel=26 count=128 gx=4 gy=1 gz=1
[rtmod] FEW name=Add count=128
[rtmod] DISPATCH kernel=406 count=128 gx=1 gy=1 gz=1
[rtmod] DISPATCH kernel=223 count=128 gx=2 gy=1 gz=1
[rtmod] DISPATCH kernel=26 count=64 gx=2 gy=1 gz=1
[rtmod] DISPATCH kernel=26 count=64 gx=2 gy=1 gz=1
[rtmod] DISPATCH kernel=26 count=128 gx=4 gy=1 gz=1
[rtmod] DISPATCH kernel=223 count=64 gx=2 gy=1 gz=1
[rtmod] DISPATCH kernel=247 count=32 gx=1 gy=1 gz=1
[rtmod] DISPATCH kernel=223 count=128 gx=4 gy=1 gz=1
[rtmod] DISPATCH kernel=58 count=64 gx=1 gy=1 gz=1
[rtmod] DISPATCH kernel=58 count=64 gx=1 gy=1 gz=1
[rtmod] DISPATCH kernel=247 count=64 gx=1 gy=1 gz=1
[rtmod] DISPATCH kernel=9 count=128 gx=1 gy=1 gz=1
[rtmod] FEW name=ScaledDotProductAttention count=128
[rtmod] DISPATCH kernel=452 count=128 gx=1 gy=1 gz=1
[rtmod] DISPATCH kernel=9 count=384 gx=2 gy=1 gz=1
[rtmod] DISPATCH kernel=9 count=384 gx=2 gy=1 gz=1
[rtmod] DISPATCH kernel=23 count=48 gx=1 gy=1 gz=2
[rtmod] DISPATCH kernel=33 count=48 gx=4 gy=1 gz=1
[rtmod] DISPATCH kernel=23 count=128 gx=2 gy=1 gz=2
[rtmod] DISPATCH kernel=10 count=128 gx=1 gy=1 gz=1
[rtmod] DISPATCH kernel=58 count=128 gx=1 gy=1 gz=1
[rtmod] DISPATCH kernel=26 count=128 gx=4 gy=1 gz=1
[rtmod] FEW name=Add count=128
[rtmod] DISPATCH kernel=406 count=128 gx=1 gy=1 gz=1
[rtmod] DISPATCH kernel=223 count=128 gx=2 gy=1 gz=1
[rtmod] DISPATCH kernel=26 count=256 gx=8 gy=1 gz=1
[rtmod] DISPATCH kernel=26 count=256 gx=8 gy=1 gz=1
[rtmod] DISPATCH kernel=409 count=256 gx=1 gy=1 gz=1
[rtmod] DISPATCH kernel=26 count=128 gx=4 gy=1 gz=1
[rtmod] FEW name=Add count=128
[rtmod] DISPATCH kernel=406 count=128 gx=1 gy=1 gz=1
[rtmod] DISPATCH kernel=223 count=128 gx=2 gy=1 gz=1
[rtmod] DISPATCH kernel=26 count=512 gx=16 gy=1 gz=1
[rtmod] DISPATCH kernel=38 count=1 gx=1 gy=1 gz=1
[rtmod] FEW name=Subtract count=256
[rtmod] DISPATCH kernel=454 count=256 gx=1 gy=1 gz=1
[rtmod] DISPATCH kernel=66 count=1 gx=1 gy=1 gz=1
[rtmod] EV-SIGNAL tid=471452 ev=0xaaab65f696e0 val=1 st=0 host=0
[rtmod] SUBMIT-ENTER tid=471452
[rtmod] SUBMIT tid=471452 cv=57 waits=1 sigs=2 cmds=0
[rtmod] COMMIT-NOOP
[rtmod] EV-SIGNAL tid=471452 ev=0xaaab65f2f140 val=1 st=1 host=0
[rtmod] SUBMIT-ENTER tid=471452
[rtmod] SUBMIT tid=471452 cv=58 waits=2 sigs=2 cmds=1
[rtmod] COMMIT-NOOP
[rtmod] DISPATCH kernel=192 count=64 gx=1 gy=1 gz=1
[rtmod] DISPATCH kernel=223 count=64 gx=1 gy=1 gz=1
[rtmod] DISPATCH kernel=26 count=32 gx=2 gy=1 gz=1
[rtmod] DISPATCH kernel=26 count=32 gx=2 gy=1 gz=1
[rtmod] DISPATCH kernel=26 count=64 gx=4 gy=1 gz=1
[rtmod] DISPATCH kernel=223 count=32 gx=1 gy=1 gz=1
[rtmod] DISPATCH kernel=247 count=16 gx=1 gy=1 gz=1
[rtmod] DISPATCH kernel=223 count=64 gx=2 gy=1 gz=1
[rtmod] DISPATCH kernel=58 count=32 gx=1 gy=1 gz=1
[rtmod] DISPATCH kernel=58 count=32 gx=1 gy=1 gz=1
[rtmod] DISPATCH kernel=247 count=32 gx=1 gy=1 gz=1
[rtmod] DISPATCH kernel=9 count=64 gx=1 gy=1 gz=1
[rtmod] FEW name=ScaledDotProductAttention count=64
[rtmod] DISPATCH kernel=452 count=64 gx=1 gy=1 gz=1
[rtmod] DISPATCH kernel=9 count=416 gx=2 gy=1 gz=1
[rtmod] DISPATCH kernel=9 count=416 gx=2 gy=1 gz=1
[rtmod] DISPATCH kernel=23 count=26 gx=1 gy=1 gz=2
[rtmod] DISPATCH kernel=33 count=26 gx=2 gy=1 gz=1
[rtmod] DISPATCH kernel=23 count=64 gx=2 gy=1 gz=2
[rtmod] DISPATCH kernel=10 count=64 gx=1 gy=1 gz=1
[rtmod] DISPATCH kernel=26 count=64 gx=4 gy=1 gz=1
[rtmod] FEW name=Add count=64
[rtmod] DISPATCH kernel=406 count=64 gx=1 gy=1 gz=1
[rtmod] DISPATCH kernel=223 count=64 gx=1 gy=1 gz=1
[rtmod] DISPATCH kernel=26 count=128 gx=8 gy=1 gz=1
[rtmod] DISPATCH kernel=26 count=128 gx=8 gy=1 gz=1
[rtmod] DISPATCH kernel=409 count=128 gx=1 gy=1 gz=1
[rtmod] DISPATCH kernel=29 count=64 gx=16 gy=1 gz=1
[rtmod] FEW name=Add count=64
[rtmod] DISPATCH kernel=406 count=64 gx=1 gy=1 gz=1
[rtmod] DISPATCH kernel=223 count=64 gx=1 gy=1 gz=1
[rtmod] DISPATCH kernel=26 count=32 gx=2 gy=1 gz=1
[rtmod] DISPATCH kernel=26 count=32 gx=2 gy=1 gz=1
[rtmod] DISPATCH kernel=26 count=64 gx=4 gy=1 gz=1
[rtmod] DISPATCH kernel=223 count=32 gx=1 gy=1 gz=1
[rtmod] DISPATCH kernel=247 count=16 gx=1 gy=1 gz=1
[rtmod] DISPATCH kernel=223 count=64 gx=2 gy=1 gz=1
[rtmod] DISPATCH kernel=58 count=32 gx=1 gy=1 gz=1
[rtmod] DISPATCH kernel=58 count=32 gx=1 gy=1 gz=1
[rtmod] DISPATCH kernel=247 count=32 gx=1 gy=1 gz=1
[rtmod] DISPATCH kernel=9 count=64 gx=1 gy=1 gz=1
[rtmod] FEW name=ScaledDotProductAttention count=64
[rtmod] DISPATCH kernel=452 count=64 gx=1 gy=1 gz=1
[rtmod] DISPATCH kernel=9 count=416 gx=2 gy=1 gz=1
[rtmod] DISPATCH kernel=9 count=416 gx=2 gy=1 gz=1
[rtmod] DISPATCH kernel=23 count=26 gx=1 gy=1 gz=2
[rtmod] DISPATCH kernel=33 count=26 gx=2 gy=1 gz=1
[rtmod] DISPATCH kernel=23 count=64 gx=2 gy=1 gz=2
[rtmod] DISPATCH kernel=10 count=64 gx=1 gy=1 gz=1
[rtmod] DISPATCH kernel=26 count=64 gx=4 gy=1 gz=1
[rtmod] FEW name=Add count=64
[rtmod] DISPATCH kernel=406 count=64 gx=1 gy=1 gz=1
[rtmod] DISPATCH kernel=223 count=64 gx=1 gy=1 gz=1
[rtmod] DISPATCH kernel=26 count=128 gx=8 gy=1 gz=1
[rtmod] DISPATCH kernel=26 count=128 gx=8 gy=1 gz=1
[rtmod] DISPATCH kernel=409 count=128 gx=1 gy=1 gz=1
[rtmod] DISPATCH kernel=29 count=64 gx=16 gy=1 gz=1
[rtmod] FEW name=Add count=64
[rtmod] DISPATCH kernel=406 count=64 gx=1 gy=1 gz=1
[rtmod] DISPATCH kernel=223 count=64 gx=1 gy=1 gz=1
[rtmod] DISPATCH kernel=26 count=256 gx=16 gy=1 gz=1
[rtmod] DISPATCH kernel=38 count=1 gx=1 gy=1 gz=1
[rtmod] FEW name=Subtract count=256
[rtmod] DISPATCH kernel=454 count=256 gx=1 gy=1 gz=1
[rtmod] DISPATCH kernel=66 count=1 gx=1 gy=1 gz=1
[rtmod] EV-SIGNAL tid=471452 ev=0xaaab65f1a280 val=1 st=1 host=0
[rtmod] SUBMIT-ENTER tid=471452
[rtmod] SUBMIT tid=471452 cv=59 waits=1 sigs=2 cmds=1
[rtmod] COMMIT-NOOP
[rtmod] DISPATCH kernel=192 count=64 gx=1 gy=1 gz=1
[rtmod] DISPATCH kernel=223 count=64 gx=1 gy=1 gz=1
[rtmod] DISPATCH kernel=26 count=32 gx=2 gy=1 gz=1
[rtmod] DISPATCH kernel=26 count=32 gx=2 gy=1 gz=1
[rtmod] DISPATCH kernel=26 count=64 gx=4 gy=1 gz=1
[rtmod] DISPATCH kernel=223 count=32 gx=1 gy=1 gz=1
[rtmod] DISPATCH kernel=247 count=16 gx=1 gy=1 gz=1
[rtmod] DISPATCH kernel=223 count=64 gx=2 gy=1 gz=1
[rtmod] DISPATCH kernel=58 count=32 gx=1 gy=1 gz=1
[rtmod] DISPATCH kernel=58 count=32 gx=1 gy=1 gz=1
[rtmod] DISPATCH kernel=247 count=32 gx=1 gy=1 gz=1
[rtmod] DISPATCH kernel=9 count=64 gx=1 gy=1 gz=1
[rtmod] FEW name=ScaledDotProductAttention count=64
[rtmod] DISPATCH kernel=452 count=64 gx=1 gy=1 gz=1
[rtmod] DISPATCH kernel=9 count=448 gx=2 gy=1 gz=1
[rtmod] DISPATCH kernel=9 count=448 gx=2 gy=1 gz=1
[rtmod] DISPATCH kernel=23 count=28 gx=1 gy=1 gz=2
[rtmod] DISPATCH kernel=33 count=28 gx=2 gy=1 gz=1
[rtmod] DISPATCH kernel=23 count=64 gx=2 gy=1 gz=2
[rtmod] DISPATCH kernel=10 count=64 gx=1 gy=1 gz=1
[rtmod] DISPATCH kernel=26 count=64 gx=4 gy=1 gz=1
[rtmod] FEW name=Add count=64
[rtmod] DISPATCH kernel=406 count=64 gx=1 gy=1 gz=1
[rtmod] DISPATCH kernel=223 count=64 gx=1 gy=1 gz=1
[rtmod] DISPATCH kernel=26 count=128 gx=8 gy=1 gz=1
[rtmod] DISPATCH kernel=26 count=128 gx=8 gy=1 gz=1
[rtmod] DISPATCH kernel=409 count=128 gx=1 gy=1 gz=1
[rtmod] DISPATCH kernel=29 count=64 gx=16 gy=1 gz=1
[rtmod] FEW name=Add count=64
[rtmod] DISPATCH kernel=406 count=64 gx=1 gy=1 gz=1
[rtmod] DISPATCH kernel=223 count=64 gx=1 gy=1 gz=1
[rtmod] DISPATCH kernel=26 count=32 gx=2 gy=1 gz=1
[rtmod] DISPATCH kernel=26 count=32 gx=2 gy=1 gz=1
[rtmod] DISPATCH kernel=26 count=64 gx=4 gy=1 gz=1
[rtmod] DISPATCH kernel=223 count=32 gx=1 gy=1 gz=1
[rtmod] DISPATCH kernel=247 count=16 gx=1 gy=1 gz=1
[rtmod] DISPATCH kernel=223 count=64 gx=2 gy=1 gz=1
[rtmod] DISPATCH kernel=58 count=32 gx=1 gy=1 gz=1
[rtmod] DISPATCH kernel=58 count=32 gx=1 gy=1 gz=1
[rtmod] DISPATCH kernel=247 count=32 gx=1 gy=1 gz=1
[rtmod] DISPATCH kernel=9 count=64 gx=1 gy=1 gz=1
[rtmod] FEW name=ScaledDotProductAttention count=64
[rtmod] DISPATCH kernel=452 count=64 gx=1 gy=1 gz=1
[rtmod] DISPATCH kernel=9 count=448 gx=2 gy=1 gz=1
[rtmod] DISPATCH kernel=9 count=448 gx=2 gy=1 gz=1
[rtmod] DISPATCH kernel=23 count=28 gx=1 gy=1 gz=2
[rtmod] DISPATCH kernel=33 count=28 gx=2 gy=1 gz=1
[rtmod] DISPATCH kernel=23 count=64 gx=2 gy=1 gz=2
[rtmod] DISPATCH kernel=10 count=64 gx=1 gy=1 gz=1
[rtmod] DISPATCH kernel=26 count=64 gx=4 gy=1 gz=1
[rtmod] FEW name=Add count=64
[rtmod] DISPATCH kernel=406 count=64 gx=1 gy=1 gz=1
[rtmod] DISPATCH kernel=223 count=64 gx=1 gy=1 gz=1
[rtmod] DISPATCH kernel=26 count=128 gx=8 gy=1 gz=1
[rtmod] DISPATCH kernel=26 count=128 gx=8 gy=1 gz=1
[rtmod] DISPATCH kernel=409 count=128 gx=1 gy=1 gz=1
[rtmod] DISPATCH kernel=29 count=64 gx=16 gy=1 gz=1
[rtmod] FEW name=Add count=64
[rtmod] DISPATCH kernel=406 count=64 gx=1 gy=1 gz=1
[rtmod] DISPATCH kernel=223 count=64 gx=1 gy=1 gz=1
[rtmod] DISPATCH kernel=26 count=256 gx=16 gy=1 gz=1
[rtmod] DISPATCH kernel=38 count=1 gx=1 gy=1 gz=1
[rtmod] FEW name=Subtract count=256
[rtmod] DISPATCH kernel=454 count=256 gx=1 gy=1 gz=1
[rtmod] DISPATCH kernel=66 count=1 gx=1 gy=1 gz=1
[rtmod] EV-SIGNAL tid=471452 ev=0xaaab65fb0280 val=1 st=1 host=0
[rtmod] SUBMIT-ENTER tid=471452
[rtmod] SUBMIT tid=471452 cv=60 waits=1 sigs=2 cmds=1
[rtmod] COMMIT-NOOP
[rtmod] EV-WAIT-ENC tid=471452 ev=0xaaab65f2f140 val=1 st=0
[rtmod] EV-WAIT-ENC tid=471452 ev=0xaaab65f1a280 val=1 st=0
[rtmod] EV-WAIT-ENC tid=471452 ev=0xaaab65fb0280 val=1 st=0
[rtmod] FENCE-UPDATE count=0 st=0
[rtmod] EV-SIGNAL tid=471452 ev=0xaaab66065d60 val=1 st=0 host=0
[rtmod] SUBMIT-ENTER tid=471452
[rtmod] SUBMIT tid=471452 cv=61 waits=4 sigs=2 cmds=1
[rtmod] EV-WAIT-ENC tid=471452 ev=0xaaab66065d60 val=1 st=0
[rtmod] FENCE-UPDATE count=1 st=0
[rtmod] EV-SIGNAL tid=471452 ev=0xaaab66065d60 val=2 st=0 host=0
[rtmod] SUBMIT-ENTER tid=471452
[rtmod] SUBMIT tid=471452 cv=62 waits=2 sigs=2 cmds=1
[rtmod] EV-WAIT-ENC tid=471452 ev=0xaaab66065d60 val=2 st=1
[rtmod] DISPATCH kernel=192 count=256 gx=1 gy=1 gz=1
[rtmod] DISPATCH kernel=223 count=256 gx=4 gy=1 gz=1
[rtmod] DISPATCH kernel=26 count=128 gx=2 gy=1 gz=1
[rtmod] DISPATCH kernel=26 count=128 gx=2 gy=1 gz=1
[rtmod] DISPATCH kernel=26 count=256 gx=4 gy=1 gz=1
[rtmod] DISPATCH kernel=223 count=128 gx=4 gy=1 gz=1
[rtmod] DISPATCH kernel=247 count=64 gx=1 gy=1 gz=1
[rtmod] DISPATCH kernel=223 count=256 gx=8 gy=1 gz=1
[rtmod] DISPATCH kernel=58 count=128 gx=1 gy=1 gz=1
[rtmod] DISPATCH kernel=58 count=128 gx=1 gy=1 gz=1
[rtmod] DISPATCH kernel=247 count=128 gx=1 gy=1 gz=1
[rtmod] DISPATCH kernel=9 count=256 gx=1 gy=1 gz=1
[rtmod] FEW name=ScaledDotProductAttention count=256
[rtmod] DISPATCH kernel=452 count=256 gx=1 gy=1 gz=1
[rtmod] DISPATCH kernel=9 count=480 gx=2 gy=1 gz=1
[rtmod] DISPATCH kernel=9 count=480 gx=2 gy=1 gz=1
[rtmod] DISPATCH kernel=23 count=120 gx=1 gy=1 gz=2
[rtmod] DISPATCH kernel=33 count=120 gx=8 gy=1 gz=1
[rtmod] DISPATCH kernel=23 count=256 gx=2 gy=1 gz=2
[rtmod] DISPATCH kernel=10 count=256 gx=1 gy=1 gz=1
[rtmod] DISPATCH kernel=58 count=256 gx=1 gy=1 gz=1
[rtmod] DISPATCH kernel=26 count=256 gx=4 gy=1 gz=1
[rtmod] FEW name=Add count=256
[rtmod] DISPATCH kernel=406 count=256 gx=1 gy=1 gz=1
[rtmod] DISPATCH kernel=223 count=256 gx=4 gy=1 gz=1
[rtmod] DISPATCH kernel=26 count=512 gx=8 gy=1 gz=1
[rtmod] DISPATCH kernel=26 count=512 gx=8 gy=1 gz=1
[rtmod] DISPATCH kernel=409 count=512 gx=1 gy=1 gz=1
[rtmod] DISPATCH kernel=26 count=256 gx=4 gy=1 gz=1
[rtmod] FEW name=Add count=256
[rtmod] DISPATCH kernel=406 count=256 gx=1 gy=1 gz=1
[rtmod] DISPATCH kernel=223 count=256 gx=4 gy=1 gz=1
[rtmod] DISPATCH kernel=26 count=128 gx=2 gy=1 gz=1
[rtmod] DISPATCH kernel=26 count=128 gx=2 gy=1 gz=1
[rtmod] DISPATCH kernel=26 count=256 gx=4 gy=1 gz=1
[rtmod] DISPATCH kernel=223 count=128 gx=4 gy=1 gz=1
[rtmod] DISPATCH kernel=247 count=64 gx=1 gy=1 gz=1
[rtmod] DISPATCH kernel=223 count=256 gx=8 gy=1 gz=1
[rtmod] DISPATCH kernel=58 count=128 gx=1 gy=1 gz=1
[rtmod] DISPATCH kernel=58 count=128 gx=1 gy=1 gz=1
[rtmod] DISPATCH kernel=247 count=128 gx=1 gy=1 gz=1
[rtmod] DISPATCH kernel=9 count=256 gx=1 gy=1 gz=1
[rtmod] FEW name=ScaledDotProductAttention count=256
[rtmod] DISPATCH kernel=452 count=256 gx=1 gy=1 gz=1
[rtmod] DISPATCH kernel=9 count=480 gx=2 gy=1 gz=1
[rtmod] DISPATCH kernel=9 count=480 gx=2 gy=1 gz=1
[rtmod] DISPATCH kernel=23 count=120 gx=1 gy=1 gz=2
[rtmod] DISPATCH kernel=33 count=120 gx=8 gy=1 gz=1
[rtmod] DISPATCH kernel=23 count=256 gx=2 gy=1 gz=2
[rtmod] DISPATCH kernel=10 count=256 gx=1 gy=1 gz=1
[rtmod] DISPATCH kernel=58 count=256 gx=1 gy=1 gz=1
[rtmod] DISPATCH kernel=26 count=256 gx=4 gy=1 gz=1
[rtmod] FEW name=Add count=256
[rtmod] DISPATCH kernel=406 count=256 gx=1 gy=1 gz=1
[rtmod] DISPATCH kernel=223 count=256 gx=4 gy=1 gz=1
[rtmod] DISPATCH kernel=26 count=512 gx=8 gy=1 gz=1
[rtmod] DISPATCH kernel=26 count=512 gx=8 gy=1 gz=1
[rtmod] DISPATCH kernel=409 count=512 gx=1 gy=1 gz=1
[rtmod] DISPATCH kernel=26 count=256 gx=4 gy=1 gz=1
[rtmod] FEW name=Add count=256
[rtmod] DISPATCH kernel=406 count=256 gx=1 gy=1 gz=1
[rtmod] DISPATCH kernel=223 count=256 gx=4 gy=1 gz=1
[rtmod] DISPATCH kernel=26 count=1024 gx=16 gy=1 gz=1
[rtmod] DISPATCH kernel=38 count=4 gx=4 gy=1 gz=1
[rtmod] FEW name=Subtract count=1024
[rtmod] DISPATCH kernel=454 count=1024 gx=4 gy=1 gz=1
[rtmod] DISPATCH kernel=66 count=4 gx=4 gy=1 gz=1
[rtmod] EV-WAIT-ENC tid=471452 ev=0xaaab66065d60 val=2 st=1
[rtmod] COMMIT-NOOP
[rtmod] EV-SIGNAL tid=471452 ev=0xaaab65efcc80 val=1 st=1 host=0
[rtmod] SUBMIT-ENTER tid=471452
[rtmod] SUBMIT tid=471452 cv=63 waits=3 sigs=2 cmds=1
[rtmod] COMMIT-NOOP
[rtmod] EV-WAIT tid=471452 ev=0xaaab65efcc80 val=1 cnt=0 resv=63
[rtmod] FENCE-UPDATE count=0 st=0
[rtmod] EV-SIGNAL tid=471452 ev=0xaaab66057e40 val=1 st=0 host=0
[rtmod] SUBMIT-ENTER tid=471452
[rtmod] SUBMIT tid=471452 cv=64 waits=1 sigs=2 cmds=1
[rtmod] EV-WAIT-ENC tid=471452 ev=0xaaab66057e40 val=1 st=1
[rtmod] DISPATCH kernel=192 count=128 gx=1 gy=1 gz=1
[rtmod] DISPATCH kernel=223 count=128 gx=2 gy=1 gz=1
[rtmod] DISPATCH kernel=26 count=64 gx=2 gy=1 gz=1
[rtmod] DISPATCH kernel=26 count=64 gx=2 gy=1 gz=1
[rtmod] DISPATCH kernel=26 count=128 gx=4 gy=1 gz=1
[rtmod] DISPATCH kernel=223 count=64 gx=2 gy=1 gz=1
[rtmod] DISPATCH kernel=247 count=32 gx=1 gy=1 gz=1
[rtmod] DISPATCH kernel=223 count=128 gx=4 gy=1 gz=1
[rtmod] DISPATCH kernel=58 count=64 gx=1 gy=1 gz=1
[rtmod] DISPATCH kernel=58 count=64 gx=1 gy=1 gz=1
[rtmod] DISPATCH kernel=247 count=64 gx=1 gy=1 gz=1
[rtmod] DISPATCH kernel=9 count=128 gx=1 gy=1 gz=1
[rtmod] FEW name=ScaledDotProductAttention count=128
[rtmod] DISPATCH kernel=452 count=128 gx=1 gy=1 gz=1
[rtmod] DISPATCH kernel=9 count=512 gx=2 gy=1 gz=1
[rtmod] DISPATCH kernel=9 count=512 gx=2 gy=1 gz=1
[rtmod] DISPATCH kernel=23 count=64 gx=1 gy=1 gz=2
[rtmod] DISPATCH kernel=33 count=64 gx=4 gy=1 gz=1
[rtmod] DISPATCH kernel=23 count=128 gx=2 gy=1 gz=2
[rtmod] DISPATCH kernel=10 count=128 gx=1 gy=1 gz=1
[rtmod] DISPATCH kernel=58 count=128 gx=1 gy=1 gz=1
[rtmod] DISPATCH kernel=26 count=128 gx=4 gy=1 gz=1
[rtmod] FEW name=Add count=128
[rtmod] DISPATCH kernel=406 count=128 gx=1 gy=1 gz=1
[rtmod] DISPATCH kernel=223 count=128 gx=2 gy=1 gz=1
[rtmod] DISPATCH kernel=26 count=256 gx=8 gy=1 gz=1
[rtmod] DISPATCH kernel=26 count=256 gx=8 gy=1 gz=1
[rtmod] DISPATCH kernel=409 count=256 gx=1 gy=1 gz=1
[rtmod] DISPATCH kernel=26 count=128 gx=4 gy=1 gz=1
[rtmod] FEW name=Add count=128
[rtmod] DISPATCH kernel=406 count=128 gx=1 gy=1 gz=1
[rtmod] DISPATCH kernel=223 count=128 gx=2 gy=1 gz=1
[rtmod] DISPATCH kernel=26 count=64 gx=2 gy=1 gz=1
[rtmod] DISPATCH kernel=26 count=64 gx=2 gy=1 gz=1
[rtmod] DISPATCH kernel=26 count=128 gx=4 gy=1 gz=1
[rtmod] DISPATCH kernel=223 count=64 gx=2 gy=1 gz=1
[rtmod] DISPATCH kernel=247 count=32 gx=1 gy=1 gz=1
[rtmod] DISPATCH kernel=223 count=128 gx=4 gy=1 gz=1
[rtmod] DISPATCH kernel=58 count=64 gx=1 gy=1 gz=1
[rtmod] DISPATCH kernel=58 count=64 gx=1 gy=1 gz=1
[rtmod] DISPATCH kernel=247 count=64 gx=1 gy=1 gz=1
[rtmod] DISPATCH kernel=9 count=128 gx=1 gy=1 gz=1
[rtmod] FEW name=ScaledDotProductAttention count=128
[rtmod] DISPATCH kernel=452 count=128 gx=1 gy=1 gz=1
[rtmod] DISPATCH kernel=9 count=512 gx=2 gy=1 gz=1
[rtmod] DISPATCH kernel=9 count=512 gx=2 gy=1 gz=1
[rtmod] DISPATCH kernel=23 count=64 gx=1 gy=1 gz=2
[rtmod] DISPATCH kernel=33 count=64 gx=4 gy=1 gz=1
[rtmod] DISPATCH kernel=23 count=128 gx=2 gy=1 gz=2
[rtmod] DISPATCH kernel=10 count=128 gx=1 gy=1 gz=1
[rtmod] DISPATCH kernel=58 count=128 gx=1 gy=1 gz=1
[rtmod] DISPATCH kernel=26 count=128 gx=4 gy=1 gz=1
[rtmod] FEW name=Add count=128
[rtmod] DISPATCH kernel=406 count=128 gx=1 gy=1 gz=1
[rtmod] DISPATCH kernel=223 count=128 gx=2 gy=1 gz=1
[rtmod] DISPATCH kernel=26 count=256 gx=8 gy=1 gz=1
[rtmod] DISPATCH kernel=26 count=256 gx=8 gy=1 gz=1
[rtmod] DISPATCH kernel=409 count=256 gx=1 gy=1 gz=1
[rtmod] DISPATCH kernel=26 count=128 gx=4 gy=1 gz=1
[rtmod] FEW name=Add count=128
[rtmod] DISPATCH kernel=406 count=128 gx=1 gy=1 gz=1
[rtmod] DISPATCH kernel=223 count=128 gx=2 gy=1 gz=1
[rtmod] DISPATCH kernel=26 count=512 gx=16 gy=1 gz=1
[rtmod] DISPATCH kernel=38 count=1 gx=1 gy=1 gz=1
[rtmod] FEW name=Subtract count=256
[rtmod] DISPATCH kernel=454 count=256 gx=1 gy=1 gz=1
[rtmod] DISPATCH kernel=66 count=1 gx=1 gy=1 gz=1
[rtmod] EV-SIGNAL tid=471452 ev=0xaaab66059d20 val=1 st=0 host=0
[rtmod] SUBMIT-ENTER tid=471452
[rtmod] SUBMIT tid=471452 cv=65 waits=1 sigs=2 cmds=0
[rtmod] COMMIT-NOOP
[rtmod] EV-SIGNAL tid=471452 ev=0xaaab66059960 val=1 st=1 host=0
[rtmod] SUBMIT-ENTER tid=471452
[rtmod] SUBMIT tid=471452 cv=66 waits=2 sigs=2 cmds=1
[rtmod] COMMIT-NOOP
[rtmod] DISPATCH kernel=192 count=64 gx=1 gy=1 gz=1
[rtmod] DISPATCH kernel=223 count=64 gx=1 gy=1 gz=1
[rtmod] DISPATCH kernel=26 count=32 gx=2 gy=1 gz=1
[rtmod] DISPATCH kernel=26 count=32 gx=2 gy=1 gz=1
[rtmod] DISPATCH kernel=26 count=64 gx=4 gy=1 gz=1
[rtmod] DISPATCH kernel=223 count=32 gx=1 gy=1 gz=1
[rtmod] DISPATCH kernel=247 count=16 gx=1 gy=1 gz=1
[rtmod] DISPATCH kernel=223 count=64 gx=2 gy=1 gz=1
[rtmod] DISPATCH kernel=58 count=32 gx=1 gy=1 gz=1
[rtmod] DISPATCH kernel=58 count=32 gx=1 gy=1 gz=1
[rtmod] DISPATCH kernel=247 count=32 gx=1 gy=1 gz=1
[rtmod] DISPATCH kernel=9 count=64 gx=1 gy=1 gz=1
[rtmod] FEW name=ScaledDotProductAttention count=64
[rtmod] DISPATCH kernel=452 count=64 gx=1 gy=1 gz=1
[rtmod] DISPATCH kernel=9 count=544 gx=3 gy=1 gz=1
[rtmod] DISPATCH kernel=9 count=544 gx=3 gy=1 gz=1
[rtmod] DISPATCH kernel=23 count=34 gx=2 gy=1 gz=2
[rtmod] DISPATCH kernel=33 count=34 gx=2 gy=1 gz=1
[rtmod] DISPATCH kernel=23 count=64 gx=2 gy=1 gz=2
[rtmod] DISPATCH kernel=10 count=64 gx=1 gy=1 gz=1
[rtmod] DISPATCH kernel=26 count=64 gx=4 gy=1 gz=1
[rtmod] FEW name=Add count=64
[rtmod] DISPATCH kernel=406 count=64 gx=1 gy=1 gz=1
[rtmod] DISPATCH kernel=223 count=64 gx=1 gy=1 gz=1
[rtmod] DISPATCH kernel=26 count=128 gx=8 gy=1 gz=1
[rtmod] DISPATCH kernel=26 count=128 gx=8 gy=1 gz=1
[rtmod] DISPATCH kernel=409 count=128 gx=1 gy=1 gz=1
[rtmod] DISPATCH kernel=29 count=64 gx=16 gy=1 gz=1
[rtmod] FEW name=Add count=64
[rtmod] DISPATCH kernel=406 count=64 gx=1 gy=1 gz=1
[rtmod] DISPATCH kernel=223 count=64 gx=1 gy=1 gz=1
[rtmod] DISPATCH kernel=26 count=32 gx=2 gy=1 gz=1
[rtmod] DISPATCH kernel=26 count=32 gx=2 gy=1 gz=1
[rtmod] DISPATCH kernel=26 count=64 gx=4 gy=1 gz=1
[rtmod] DISPATCH kernel=223 count=32 gx=1 gy=1 gz=1
[rtmod] DISPATCH kernel=247 count=16 gx=1 gy=1 gz=1
[rtmod] DISPATCH kernel=223 count=64 gx=2 gy=1 gz=1
[rtmod] DISPATCH kernel=58 count=32 gx=1 gy=1 gz=1
[rtmod] DISPATCH kernel=58 count=32 gx=1 gy=1 gz=1
[rtmod] DISPATCH kernel=247 count=32 gx=1 gy=1 gz=1
[rtmod] DISPATCH kernel=9 count=64 gx=1 gy=1 gz=1
[rtmod] FEW name=ScaledDotProductAttention count=64
[rtmod] DISPATCH kernel=452 count=64 gx=1 gy=1 gz=1
[rtmod] DISPATCH kernel=9 count=544 gx=3 gy=1 gz=1
[rtmod] DISPATCH kernel=9 count=544 gx=3 gy=1 gz=1
[rtmod] DISPATCH kernel=23 count=34 gx=2 gy=1 gz=2
[rtmod] DISPATCH kernel=33 count=34 gx=2 gy=1 gz=1
[rtmod] DISPATCH kernel=23 count=64 gx=2 gy=1 gz=2
[rtmod] DISPATCH kernel=10 count=64 gx=1 gy=1 gz=1
[rtmod] DISPATCH kernel=26 count=64 gx=4 gy=1 gz=1
[rtmod] FEW name=Add count=64
[rtmod] DISPATCH kernel=406 count=64 gx=1 gy=1 gz=1
[rtmod] DISPATCH kernel=223 count=64 gx=1 gy=1 gz=1
[rtmod] DISPATCH kernel=26 count=128 gx=8 gy=1 gz=1
[rtmod] DISPATCH kernel=26 count=128 gx=8 gy=1 gz=1
[rtmod] DISPATCH kernel=409 count=128 gx=1 gy=1 gz=1
[rtmod] DISPATCH kernel=29 count=64 gx=16 gy=1 gz=1
[rtmod] FEW name=Add count=64
[rtmod] DISPATCH kernel=406 count=64 gx=1 gy=1 gz=1
[rtmod] DISPATCH kernel=223 count=64 gx=1 gy=1 gz=1
[rtmod] DISPATCH kernel=26 count=256 gx=16 gy=1 gz=1
[rtmod] DISPATCH kernel=38 count=1 gx=1 gy=1 gz=1
[rtmod] FEW name=Subtract count=256
[rtmod] DISPATCH kernel=454 count=256 gx=1 gy=1 gz=1
[rtmod] DISPATCH kernel=66 count=1 gx=1 gy=1 gz=1
[rtmod] EV-SIGNAL tid=471452 ev=0xaaab66052050 val=1 st=1 host=0
[rtmod] SUBMIT-ENTER tid=471452
[rtmod] SUBMIT tid=471452 cv=67 waits=1 sigs=2 cmds=1
[rtmod] COMMIT-NOOP
[rtmod] DISPATCH kernel=192 count=64 gx=1 gy=1 gz=1
[rtmod] DISPATCH kernel=223 count=64 gx=1 gy=1 gz=1
[rtmod] DISPATCH kernel=26 count=32 gx=2 gy=1 gz=1
[rtmod] DISPATCH kernel=26 count=32 gx=2 gy=1 gz=1
[rtmod] DISPATCH kernel=26 count=64 gx=4 gy=1 gz=1
[rtmod] DISPATCH kernel=223 count=32 gx=1 gy=1 gz=1
[rtmod] DISPATCH kernel=247 count=16 gx=1 gy=1 gz=1
[rtmod] DISPATCH kernel=223 count=64 gx=2 gy=1 gz=1
[rtmod] DISPATCH kernel=58 count=32 gx=1 gy=1 gz=1
[rtmod] DISPATCH kernel=58 count=32 gx=1 gy=1 gz=1
[rtmod] DISPATCH kernel=247 count=32 gx=1 gy=1 gz=1
[rtmod] DISPATCH kernel=9 count=64 gx=1 gy=1 gz=1
[rtmod] FEW name=ScaledDotProductAttention count=64
[rtmod] DISPATCH kernel=452 count=64 gx=1 gy=1 gz=1
[rtmod] DISPATCH kernel=9 count=576 gx=3 gy=1 gz=1
[rtmod] DISPATCH kernel=9 count=576 gx=3 gy=1 gz=1
[rtmod] DISPATCH kernel=23 count=36 gx=2 gy=1 gz=2
[rtmod] DISPATCH kernel=33 count=36 gx=2 gy=1 gz=1
[rtmod] DISPATCH kernel=23 count=64 gx=2 gy=1 gz=2
[rtmod] DISPATCH kernel=10 count=64 gx=1 gy=1 gz=1
[rtmod] DISPATCH kernel=26 count=64 gx=4 gy=1 gz=1
[rtmod] FEW name=Add count=64
[rtmod] DISPATCH kernel=406 count=64 gx=1 gy=1 gz=1
[rtmod] DISPATCH kernel=223 count=64 gx=1 gy=1 gz=1
[rtmod] DISPATCH kernel=26 count=128 gx=8 gy=1 gz=1
[rtmod] DISPATCH kernel=26 count=128 gx=8 gy=1 gz=1
[rtmod] DISPATCH kernel=409 count=128 gx=1 gy=1 gz=1
[rtmod] DISPATCH kernel=29 count=64 gx=16 gy=1 gz=1
[rtmod] FEW name=Add count=64
[rtmod] DISPATCH kernel=406 count=64 gx=1 gy=1 gz=1
[rtmod] DISPATCH kernel=223 count=64 gx=1 gy=1 gz=1
[rtmod] DISPATCH kernel=26 count=32 gx=2 gy=1 gz=1
[rtmod] DISPATCH kernel=26 count=32 gx=2 gy=1 gz=1
[rtmod] DISPATCH kernel=26 count=64 gx=4 gy=1 gz=1
[rtmod] DISPATCH kernel=223 count=32 gx=1 gy=1 gz=1
[rtmod] DISPATCH kernel=247 count=16 gx=1 gy=1 gz=1
[rtmod] DISPATCH kernel=223 count=64 gx=2 gy=1 gz=1
[rtmod] DISPATCH kernel=58 count=32 gx=1 gy=1 gz=1
[rtmod] DISPATCH kernel=58 count=32 gx=1 gy=1 gz=1
[rtmod] DISPATCH kernel=247 count=32 gx=1 gy=1 gz=1
[rtmod] DISPATCH kernel=9 count=64 gx=1 gy=1 gz=1
[rtmod] FEW name=ScaledDotProductAttention count=64
[rtmod] DISPATCH kernel=452 count=64 gx=1 gy=1 gz=1
[rtmod] DISPATCH kernel=9 count=576 gx=3 gy=1 gz=1
[rtmod] DISPATCH kernel=9 count=576 gx=3 gy=1 gz=1
[rtmod] DISPATCH kernel=23 count=36 gx=2 gy=1 gz=2
[rtmod] DISPATCH kernel=33 count=36 gx=2 gy=1 gz=1
[rtmod] DISPATCH kernel=23 count=64 gx=2 gy=1 gz=2
[rtmod] DISPATCH kernel=10 count=64 gx=1 gy=1 gz=1
[rtmod] DISPATCH kernel=26 count=64 gx=4 gy=1 gz=1
[rtmod] FEW name=Add count=64
[rtmod] DISPATCH kernel=406 count=64 gx=1 gy=1 gz=1
[rtmod] DISPATCH kernel=223 count=64 gx=1 gy=1 gz=1
[rtmod] DISPATCH kernel=26 count=128 gx=8 gy=1 gz=1
[rtmod] DISPATCH kernel=26 count=128 gx=8 gy=1 gz=1
[rtmod] DISPATCH kernel=409 count=128 gx=1 gy=1 gz=1
[rtmod] DISPATCH kernel=29 count=64 gx=16 gy=1 gz=1
[rtmod] FEW name=Add count=64
[rtmod] DISPATCH kernel=406 count=64 gx=1 gy=1 gz=1
[rtmod] DISPATCH kernel=223 count=64 gx=1 gy=1 gz=1
[rtmod] DISPATCH kernel=26 count=256 gx=16 gy=1 gz=1
[rtmod] DISPATCH kernel=38 count=1 gx=1 gy=1 gz=1
[rtmod] FEW name=Subtract count=256
[rtmod] DISPATCH kernel=454 count=256 gx=1 gy=1 gz=1
[rtmod] DISPATCH kernel=66 count=1 gx=1 gy=1 gz=1
[rtmod] EV-SIGNAL tid=471452 ev=0xaaab659db750 val=1 st=1 host=0
[rtmod] SUBMIT-ENTER tid=471452
[rtmod] SUBMIT tid=471452 cv=68 waits=1 sigs=2 cmds=1
[rtmod] COMMIT-NOOP
[rtmod] EV-WAIT-ENC tid=471452 ev=0xaaab66059960 val=1 st=0
[rtmod] EV-WAIT-ENC tid=471452 ev=0xaaab66052050 val=1 st=0
[rtmod] EV-WAIT-ENC tid=471452 ev=0xaaab659db750 val=1 st=0
[rtmod] FENCE-UPDATE count=0 st=0
[rtmod] EV-SIGNAL tid=471452 ev=0xaaab66052340 val=1 st=0 host=0
[rtmod] SUBMIT-ENTER tid=471452
[rtmod] SUBMIT tid=471452 cv=69 waits=4 sigs=2 cmds=1
[rtmod] EV-WAIT-ENC tid=471452 ev=0xaaab66052340 val=1 st=0
[rtmod] FENCE-UPDATE count=1 st=0
[rtmod] EV-SIGNAL tid=471452 ev=0xaaab66052340 val=2 st=0 host=0
[rtmod] SUBMIT-ENTER tid=471452
[rtmod] SUBMIT tid=471452 cv=70 waits=2 sigs=2 cmds=1
[rtmod] EV-WAIT-ENC tid=471452 ev=0xaaab66052340 val=2 st=1
[rtmod] DISPATCH kernel=192 count=256 gx=1 gy=1 gz=1
[rtmod] DISPATCH kernel=223 count=256 gx=4 gy=1 gz=1
[rtmod] DISPATCH kernel=26 count=128 gx=2 gy=1 gz=1
[rtmod] DISPATCH kernel=26 count=128 gx=2 gy=1 gz=1
[rtmod] DISPATCH kernel=26 count=256 gx=4 gy=1 gz=1
[rtmod] DISPATCH kernel=223 count=128 gx=4 gy=1 gz=1
[rtmod] DISPATCH kernel=247 count=64 gx=1 gy=1 gz=1
[rtmod] DISPATCH kernel=223 count=256 gx=8 gy=1 gz=1
[rtmod] DISPATCH kernel=58 count=128 gx=1 gy=1 gz=1
[rtmod] DISPATCH kernel=58 count=128 gx=1 gy=1 gz=1
[rtmod] DISPATCH kernel=247 count=128 gx=1 gy=1 gz=1
[rtmod] DISPATCH kernel=9 count=256 gx=1 gy=1 gz=1
[rtmod] FEW name=ScaledDotProductAttention count=256
[rtmod] DISPATCH kernel=452 count=256 gx=1 gy=1 gz=1
[rtmod] DISPATCH kernel=9 count=608 gx=3 gy=1 gz=1
[rtmod] DISPATCH kernel=9 count=608 gx=3 gy=1 gz=1
[rtmod] DISPATCH kernel=23 count=152 gx=2 gy=1 gz=2
[rtmod] DISPATCH kernel=33 count=152 gx=8 gy=1 gz=1
[rtmod] DISPATCH kernel=23 count=256 gx=2 gy=1 gz=2
[rtmod] DISPATCH kernel=10 count=256 gx=1 gy=1 gz=1
[rtmod] DISPATCH kernel=58 count=256 gx=1 gy=1 gz=1
[rtmod] DISPATCH kernel=26 count=256 gx=4 gy=1 gz=1
[rtmod] FEW name=Add count=256
[rtmod] DISPATCH kernel=406 count=256 gx=1 gy=1 gz=1
[rtmod] DISPATCH kernel=223 count=256 gx=4 gy=1 gz=1
[rtmod] DISPATCH kernel=26 count=512 gx=8 gy=1 gz=1
[rtmod] DISPATCH kernel=26 count=512 gx=8 gy=1 gz=1
[rtmod] DISPATCH kernel=409 count=512 gx=1 gy=1 gz=1
[rtmod] DISPATCH kernel=26 count=256 gx=4 gy=1 gz=1
[rtmod] FEW name=Add count=256
[rtmod] DISPATCH kernel=406 count=256 gx=1 gy=1 gz=1
[rtmod] DISPATCH kernel=223 count=256 gx=4 gy=1 gz=1
[rtmod] DISPATCH kernel=26 count=128 gx=2 gy=1 gz=1
[rtmod] DISPATCH kernel=26 count=128 gx=2 gy=1 gz=1
[rtmod] DISPATCH kernel=26 count=256 gx=4 gy=1 gz=1
[rtmod] DISPATCH kernel=223 count=128 gx=4 gy=1 gz=1
[rtmod] DISPATCH kernel=247 count=64 gx=1 gy=1 gz=1
[rtmod] DISPATCH kernel=223 count=256 gx=8 gy=1 gz=1
[rtmod] DISPATCH kernel=58 count=128 gx=1 gy=1 gz=1
[rtmod] DISPATCH kernel=58 count=128 gx=1 gy=1 gz=1
[rtmod] DISPATCH kernel=247 count=128 gx=1 gy=1 gz=1
[rtmod] DISPATCH kernel=9 count=256 gx=1 gy=1 gz=1
[rtmod] FEW name=ScaledDotProductAttention count=256
[rtmod] DISPATCH kernel=452 count=256 gx=1 gy=1 gz=1
[rtmod] DISPATCH kernel=9 count=608 gx=3 gy=1 gz=1
[rtmod] DISPATCH kernel=9 count=608 gx=3 gy=1 gz=1
[rtmod] DISPATCH kernel=23 count=152 gx=2 gy=1 gz=2
[rtmod] DISPATCH kernel=33 count=152 gx=8 gy=1 gz=1
[rtmod] DISPATCH kernel=23 count=256 gx=2 gy=1 gz=2
[rtmod] DISPATCH kernel=10 count=256 gx=1 gy=1 gz=1
[rtmod] DISPATCH kernel=58 count=256 gx=1 gy=1 gz=1
[rtmod] DISPATCH kernel=26 count=256 gx=4 gy=1 gz=1
[rtmod] FEW name=Add count=256
[rtmod] DISPATCH kernel=406 count=256 gx=1 gy=1 gz=1
[rtmod] DISPATCH kernel=223 count=256 gx=4 gy=1 gz=1
[rtmod] DISPATCH kernel=26 count=512 gx=8 gy=1 gz=1
[rtmod] DISPATCH kernel=26 count=512 gx=8 gy=1 gz=1
[rtmod] DISPATCH kernel=409 count=512 gx=1 gy=1 gz=1
[rtmod] DISPATCH kernel=26 count=256 gx=4 gy=1 gz=1
[rtmod] FEW name=Add count=256
[rtmod] DISPATCH kernel=406 count=256 gx=1 gy=1 gz=1
[rtmod] DISPATCH kernel=223 count=256 gx=4 gy=1 gz=1
[rtmod] DISPATCH kernel=26 count=1024 gx=16 gy=1 gz=1
[rtmod] DISPATCH kernel=38 count=4 gx=4 gy=1 gz=1
[rtmod] FEW name=Subtract count=1024
[rtmod] DISPATCH kernel=454 count=1024 gx=4 gy=1 gz=1
[rtmod] DISPATCH kernel=66 count=4 gx=4 gy=1 gz=1
[rtmod] EV-WAIT-ENC tid=471452 ev=0xaaab66052340 val=2 st=1
[rtmod] COMMIT-NOOP
[rtmod] EV-SIGNAL tid=471452 ev=0xaaab6603da30 val=1 st=1 host=0
[rtmod] SUBMIT-ENTER tid=471452
[rtmod] SUBMIT tid=471452 cv=71 waits=3 sigs=2 cmds=1
[rtmod] COMMIT-NOOP
[rtmod] EV-WAIT tid=471452 ev=0xaaab6603da30 val=1 cnt=0 resv=71
PASS identical draft: token_ids_equal=True, accepted=12/16
[rtmod] DISPATCH kernel=328 count=4 gx=1 gy=1 gz=1
[rtmod] FENCE-UPDATE count=0 st=0
[rtmod] EV-SIGNAL tid=471452 ev=0xaaab66065d60 val=1 st=0 host=0
[rtmod] SUBMIT-ENTER tid=471452
[rtmod] SUBMIT tid=471452 cv=72 waits=1 sigs=2 cmds=1
[rtmod] EV-WAIT-ENC tid=471452 ev=0xaaab66065d60 val=1 st=1
[rtmod] DISPATCH kernel=192 count=192 gx=1 gy=1 gz=1
[rtmod] DISPATCH kernel=223 count=192 gx=3 gy=1 gz=1
[rtmod] DISPATCH kernel=26 count=96 gx=2 gy=1 gz=1
[rtmod] DISPATCH kernel=26 count=96 gx=2 gy=1 gz=1
[rtmod] DISPATCH kernel=26 count=192 gx=4 gy=1 gz=1
[rtmod] DISPATCH kernel=223 count=96 gx=3 gy=1 gz=1
[rtmod] DISPATCH kernel=58 count=8192 gx=32 gy=1 gz=1
[rtmod] DISPATCH kernel=247 count=48 gx=1 gy=1 gz=1
[rtmod] DISPATCH kernel=58 count=8192 gx=32 gy=1 gz=1
[rtmod] DISPATCH kernel=223 count=192 gx=6 gy=1 gz=1
[rtmod] DISPATCH kernel=58 count=96 gx=1 gy=1 gz=1
[rtmod] DISPATCH kernel=58 count=96 gx=1 gy=1 gz=1
[rtmod] DISPATCH kernel=247 count=96 gx=1 gy=1 gz=1
[rtmod] DISPATCH kernel=9 count=192 gx=1 gy=1 gz=1
[rtmod] FEW name=ScaledDotProductAttention count=192
[rtmod] DISPATCH kernel=452 count=192 gx=1 gy=1 gz=1
[rtmod] DISPATCH kernel=9 count=96 gx=1 gy=1 gz=1
[rtmod] DISPATCH kernel=9 count=96 gx=1 gy=1 gz=1
[rtmod] DISPATCH kernel=23 count=18 gx=1 gy=1 gz=2
[rtmod] DISPATCH kernel=33 count=18 gx=6 gy=1 gz=1
[rtmod] DISPATCH kernel=23 count=192 gx=2 gy=1 gz=2
[rtmod] DISPATCH kernel=10 count=192 gx=1 gy=1 gz=1
[rtmod] DISPATCH kernel=58 count=192 gx=1 gy=1 gz=1
[rtmod] DISPATCH kernel=26 count=192 gx=4 gy=1 gz=1
[rtmod] FEW name=Add count=192
[rtmod] DISPATCH kernel=406 count=192 gx=1 gy=1 gz=1
[rtmod] DISPATCH kernel=223 count=192 gx=3 gy=1 gz=1
[rtmod] DISPATCH kernel=26 count=384 gx=8 gy=1 gz=1
[rtmod] DISPATCH kernel=26 count=384 gx=8 gy=1 gz=1
[rtmod] DISPATCH kernel=409 count=384 gx=1 gy=1 gz=1
[rtmod] DISPATCH kernel=26 count=192 gx=4 gy=1 gz=1
[rtmod] FEW name=Add count=192
[rtmod] DISPATCH kernel=406 count=192 gx=1 gy=1 gz=1
[rtmod] DISPATCH kernel=223 count=192 gx=3 gy=1 gz=1
[rtmod] DISPATCH kernel=26 count=96 gx=2 gy=1 gz=1
[rtmod] DISPATCH kernel=26 count=96 gx=2 gy=1 gz=1
[rtmod] DISPATCH kernel=223 count=96 gx=3 gy=1 gz=1
[rtmod] DISPATCH kernel=58 count=8192 gx=32 gy=1 gz=1
[rtmod] DISPATCH kernel=247 count=48 gx=1 gy=1 gz=1
[rtmod] DISPATCH kernel=58 count=8192 gx=32 gy=1 gz=1
[rtmod] DISPATCH kernel=58 count=96 gx=1 gy=1 gz=1
[rtmod] DISPATCH kernel=58 count=96 gx=1 gy=1 gz=1
[rtmod] COMMIT-NOOP
[rtmod] EV-SIGNAL tid=471452 ev=0xaaab65efcc80 val=1 st=1 host=0
[rtmod] SUBMIT-ENTER tid=471452
[rtmod] SUBMIT tid=471452 cv=73 waits=2 sigs=2 cmds=1
[rtmod] COMMIT-NOOP
[rtmod] EV-WAIT tid=471452 ev=0xaaab65efcc80 val=1 cnt=0 resv=73
[rtmod] DISPATCH kernel=192 count=192 gx=1 gy=1 gz=1
[rtmod] DISPATCH kernel=223 count=192 gx=3 gy=1 gz=1
[rtmod] DISPATCH kernel=26 count=96 gx=2 gy=1 gz=1
[rtmod] DISPATCH kernel=26 count=96 gx=2 gy=1 gz=1
[rtmod] DISPATCH kernel=26 count=192 gx=4 gy=1 gz=1
[rtmod] DISPATCH kernel=223 count=96 gx=3 gy=1 gz=1
[rtmod] DISPATCH kernel=58 count=8192 gx=32 gy=1 gz=1
[rtmod] DISPATCH kernel=247 count=48 gx=1 gy=1 gz=1
[rtmod] DISPATCH kernel=58 count=8192 gx=32 gy=1 gz=1
[rtmod] DISPATCH kernel=223 count=192 gx=6 gy=1 gz=1
[rtmod] DISPATCH kernel=58 count=96 gx=1 gy=1 gz=1
[rtmod] DISPATCH kernel=58 count=96 gx=1 gy=1 gz=1
[rtmod] DISPATCH kernel=247 count=96 gx=1 gy=1 gz=1
[rtmod] DISPATCH kernel=9 count=192 gx=1 gy=1 gz=1
[rtmod] FEW name=ScaledDotProductAttention count=192
[rtmod] DISPATCH kernel=452 count=192 gx=1 gy=1 gz=1
[rtmod] DISPATCH kernel=9 count=96 gx=1 gy=1 gz=1
[rtmod] DISPATCH kernel=9 count=96 gx=1 gy=1 gz=1
[rtmod] DISPATCH kernel=23 count=18 gx=1 gy=1 gz=2
[rtmod] DISPATCH kernel=33 count=18 gx=6 gy=1 gz=1
[rtmod] DISPATCH kernel=23 count=192 gx=2 gy=1 gz=2
[rtmod] DISPATCH kernel=10 count=192 gx=1 gy=1 gz=1
[rtmod] DISPATCH kernel=58 count=192 gx=1 gy=1 gz=1
[rtmod] DISPATCH kernel=26 count=192 gx=4 gy=1 gz=1
[rtmod] FEW name=Add count=192
[rtmod] DISPATCH kernel=406 count=192 gx=1 gy=1 gz=1
[rtmod] DISPATCH kernel=223 count=192 gx=3 gy=1 gz=1
[rtmod] DISPATCH kernel=26 count=384 gx=8 gy=1 gz=1
[rtmod] DISPATCH kernel=26 count=384 gx=8 gy=1 gz=1
[rtmod] DISPATCH kernel=409 count=384 gx=1 gy=1 gz=1
[rtmod] DISPATCH kernel=26 count=192 gx=4 gy=1 gz=1
[rtmod] FEW name=Add count=192
[rtmod] DISPATCH kernel=406 count=192 gx=1 gy=1 gz=1
[rtmod] DISPATCH kernel=223 count=192 gx=3 gy=1 gz=1
[rtmod] DISPATCH kernel=26 count=96 gx=2 gy=1 gz=1
[rtmod] DISPATCH kernel=26 count=96 gx=2 gy=1 gz=1
[rtmod] DISPATCH kernel=223 count=96 gx=3 gy=1 gz=1
[rtmod] DISPATCH kernel=58 count=8192 gx=32 gy=1 gz=1
[rtmod] DISPATCH kernel=247 count=48 gx=1 gy=1 gz=1
[rtmod] DISPATCH kernel=58 count=8192 gx=32 gy=1 gz=1
[rtmod] DISPATCH kernel=58 count=96 gx=1 gy=1 gz=1
[rtmod] DISPATCH kernel=58 count=96 gx=1 gy=1 gz=1
[rtmod] EV-SIGNAL tid=471452 ev=0xaaab6603da30 val=1 st=1 host=0
[rtmod] SUBMIT-ENTER tid=471452
[rtmod] SUBMIT tid=471452 cv=74 waits=1 sigs=2 cmds=1
[rtmod] COMMIT-NOOP
[rtmod] EV-WAIT tid=471452 ev=0xaaab6603da30 val=1 cnt=0 resv=74
[rtmod] DISPATCH kernel=192 count=64 gx=1 gy=1 gz=1
[rtmod] DISPATCH kernel=223 count=64 gx=1 gy=1 gz=1
[rtmod] DISPATCH kernel=26 count=32 gx=2 gy=1 gz=1
[rtmod] DISPATCH kernel=26 count=32 gx=2 gy=1 gz=1
[rtmod] DISPATCH kernel=26 count=64 gx=4 gy=1 gz=1
[rtmod] DISPATCH kernel=223 count=32 gx=1 gy=1 gz=1
[rtmod] DISPATCH kernel=247 count=16 gx=1 gy=1 gz=1
[rtmod] DISPATCH kernel=223 count=64 gx=2 gy=1 gz=1
[rtmod] DISPATCH kernel=58 count=32 gx=1 gy=1 gz=1
[rtmod] DISPATCH kernel=58 count=32 gx=1 gy=1 gz=1
[rtmod] DISPATCH kernel=247 count=32 gx=1 gy=1 gz=1
[rtmod] DISPATCH kernel=9 count=64 gx=1 gy=1 gz=1
[rtmod] FEW name=ScaledDotProductAttention count=64
[rtmod] DISPATCH kernel=452 count=64 gx=1 gy=1 gz=1
[rtmod] DISPATCH kernel=9 count=128 gx=1 gy=1 gz=1
[rtmod] DISPATCH kernel=9 count=128 gx=1 gy=1 gz=1
[rtmod] DISPATCH kernel=23 count=8 gx=1 gy=1 gz=2
[rtmod] DISPATCH kernel=33 count=8 gx=2 gy=1 gz=1
[rtmod] DISPATCH kernel=23 count=64 gx=2 gy=1 gz=2
[rtmod] DISPATCH kernel=10 count=64 gx=1 gy=1 gz=1
[rtmod] DISPATCH kernel=26 count=64 gx=4 gy=1 gz=1
[rtmod] FEW name=Add count=64
[rtmod] DISPATCH kernel=406 count=64 gx=1 gy=1 gz=1
[rtmod] DISPATCH kernel=223 count=64 gx=1 gy=1 gz=1
[rtmod] DISPATCH kernel=26 count=128 gx=8 gy=1 gz=1
[rtmod] DISPATCH kernel=26 count=128 gx=8 gy=1 gz=1
[rtmod] DISPATCH kernel=409 count=128 gx=1 gy=1 gz=1
[rtmod] DISPATCH kernel=29 count=64 gx=16 gy=1 gz=1
[rtmod] FEW name=Add count=64
[rtmod] DISPATCH kernel=406 count=64 gx=1 gy=1 gz=1
[rtmod] DISPATCH kernel=223 count=64 gx=1 gy=1 gz=1
[rtmod] DISPATCH kernel=26 count=32 gx=2 gy=1 gz=1
[rtmod] DISPATCH kernel=26 count=32 gx=2 gy=1 gz=1
[rtmod] DISPATCH kernel=26 count=64 gx=4 gy=1 gz=1
[rtmod] DISPATCH kernel=223 count=32 gx=1 gy=1 gz=1
[rtmod] DISPATCH kernel=247 count=16 gx=1 gy=1 gz=1
[rtmod] DISPATCH kernel=223 count=64 gx=2 gy=1 gz=1
[rtmod] DISPATCH kernel=58 count=32 gx=1 gy=1 gz=1
[rtmod] DISPATCH kernel=58 count=32 gx=1 gy=1 gz=1
[rtmod] DISPATCH kernel=247 count=32 gx=1 gy=1 gz=1
[rtmod] DISPATCH kernel=9 count=64 gx=1 gy=1 gz=1
[rtmod] FEW name=ScaledDotProductAttention count=64
[rtmod] DISPATCH kernel=452 count=64 gx=1 gy=1 gz=1
[rtmod] DISPATCH kernel=9 count=128 gx=1 gy=1 gz=1
[rtmod] DISPATCH kernel=9 count=128 gx=1 gy=1 gz=1
[rtmod] DISPATCH kernel=23 count=8 gx=1 gy=1 gz=2
[rtmod] DISPATCH kernel=33 count=8 gx=2 gy=1 gz=1
[rtmod] DISPATCH kernel=23 count=64 gx=2 gy=1 gz=2
[rtmod] DISPATCH kernel=10 count=64 gx=1 gy=1 gz=1
[rtmod] DISPATCH kernel=26 count=64 gx=4 gy=1 gz=1
[rtmod] FEW name=Add count=64
[rtmod] DISPATCH kernel=406 count=64 gx=1 gy=1 gz=1
[rtmod] DISPATCH kernel=223 count=64 gx=1 gy=1 gz=1
[rtmod] DISPATCH kernel=26 count=128 gx=8 gy=1 gz=1
[rtmod] DISPATCH kernel=26 count=128 gx=8 gy=1 gz=1
[rtmod] DISPATCH kernel=409 count=128 gx=1 gy=1 gz=1
[rtmod] DISPATCH kernel=29 count=64 gx=16 gy=1 gz=1
[rtmod] FEW name=Add count=64
[rtmod] DISPATCH kernel=406 count=64 gx=1 gy=1 gz=1
[rtmod] FEW name=Negative count=16384
[rtmod] DISPATCH kernel=454 count=16384 gx=64 gy=1 gz=1
[rtmod] FENCE-UPDATE count=0 st=0
[rtmod] EV-SIGNAL tid=471452 ev=0xaaab66052340 val=1 st=0 host=0
[rtmod] SUBMIT-ENTER tid=471452
[rtmod] SUBMIT tid=471452 cv=75 waits=1 sigs=2 cmds=1
[rtmod] DISPATCH kernel=223 count=64 gx=1 gy=1 gz=1
[rtmod] EV-WAIT-ENC tid=471452 ev=0xaaab66052340 val=1 st=1
[rtmod] DISPATCH kernel=26 count=256 gx=16 gy=1 gz=1
[rtmod] DISPATCH kernel=38 count=1 gx=1 gy=1 gz=1
[rtmod] FEW name=Subtract count=256
[rtmod] DISPATCH kernel=454 count=256 gx=1 gy=1 gz=1
[rtmod] DISPATCH kernel=66 count=1 gx=1 gy=1 gz=1
[rtmod] EV-SIGNAL tid=471452 ev=0xaaab66065d60 val=1 st=0 host=0
[rtmod] SUBMIT-ENTER tid=471452
[rtmod] SUBMIT tid=471452 cv=76 waits=1 sigs=2 cmds=0
[rtmod] COMMIT-NOOP
[rtmod] EV-SIGNAL tid=471452 ev=0xaaab65efcc80 val=1 st=1 host=0
[rtmod] SUBMIT-ENTER tid=471452
[rtmod] SUBMIT tid=471452 cv=77 waits=2 sigs=2 cmds=1
[rtmod] COMMIT-NOOP
[rtmod] DISPATCH kernel=192 count=64 gx=1 gy=1 gz=1
[rtmod] DISPATCH kernel=223 count=64 gx=1 gy=1 gz=1
[rtmod] DISPATCH kernel=26 count=32 gx=2 gy=1 gz=1
[rtmod] DISPATCH kernel=26 count=32 gx=2 gy=1 gz=1
[rtmod] DISPATCH kernel=26 count=64 gx=4 gy=1 gz=1
[rtmod] DISPATCH kernel=223 count=32 gx=1 gy=1 gz=1
[rtmod] DISPATCH kernel=247 count=16 gx=1 gy=1 gz=1
[rtmod] DISPATCH kernel=223 count=64 gx=2 gy=1 gz=1
[rtmod] DISPATCH kernel=58 count=32 gx=1 gy=1 gz=1
[rtmod] DISPATCH kernel=58 count=32 gx=1 gy=1 gz=1
[rtmod] DISPATCH kernel=247 count=32 gx=1 gy=1 gz=1
[rtmod] DISPATCH kernel=9 count=64 gx=1 gy=1 gz=1
[rtmod] FEW name=ScaledDotProductAttention count=64
[rtmod] DISPATCH kernel=452 count=64 gx=1 gy=1 gz=1
[rtmod] DISPATCH kernel=9 count=160 gx=1 gy=1 gz=1
[rtmod] DISPATCH kernel=9 count=160 gx=1 gy=1 gz=1
[rtmod] DISPATCH kernel=23 count=10 gx=1 gy=1 gz=2
[rtmod] DISPATCH kernel=33 count=10 gx=2 gy=1 gz=1
[rtmod] DISPATCH kernel=23 count=64 gx=2 gy=1 gz=2
[rtmod] DISPATCH kernel=10 count=64 gx=1 gy=1 gz=1
[rtmod] DISPATCH kernel=26 count=64 gx=4 gy=1 gz=1
[rtmod] FEW name=Add count=64
[rtmod] DISPATCH kernel=406 count=64 gx=1 gy=1 gz=1
[rtmod] DISPATCH kernel=223 count=64 gx=1 gy=1 gz=1
[rtmod] DISPATCH kernel=26 count=128 gx=8 gy=1 gz=1
[rtmod] DISPATCH kernel=26 count=128 gx=8 gy=1 gz=1
[rtmod] DISPATCH kernel=409 count=128 gx=1 gy=1 gz=1
[rtmod] DISPATCH kernel=29 count=64 gx=16 gy=1 gz=1
[rtmod] FEW name=Add count=64
[rtmod] DISPATCH kernel=406 count=64 gx=1 gy=1 gz=1
[rtmod] DISPATCH kernel=223 count=64 gx=1 gy=1 gz=1
[rtmod] DISPATCH kernel=26 count=32 gx=2 gy=1 gz=1
[rtmod] DISPATCH kernel=26 count=32 gx=2 gy=1 gz=1
[rtmod] DISPATCH kernel=26 count=64 gx=4 gy=1 gz=1
[rtmod] DISPATCH kernel=223 count=32 gx=1 gy=1 gz=1
[rtmod] DISPATCH kernel=247 count=16 gx=1 gy=1 gz=1
[rtmod] DISPATCH kernel=223 count=64 gx=2 gy=1 gz=1
[rtmod] DISPATCH kernel=58 count=32 gx=1 gy=1 gz=1
[rtmod] DISPATCH kernel=58 count=32 gx=1 gy=1 gz=1
[rtmod] DISPATCH kernel=247 count=32 gx=1 gy=1 gz=1
[rtmod] DISPATCH kernel=9 count=64 gx=1 gy=1 gz=1
[rtmod] FEW name=ScaledDotProductAttention count=64
[rtmod] DISPATCH kernel=452 count=64 gx=1 gy=1 gz=1
[rtmod] DISPATCH kernel=9 count=160 gx=1 gy=1 gz=1
[rtmod] DISPATCH kernel=9 count=160 gx=1 gy=1 gz=1
[rtmod] DISPATCH kernel=23 count=10 gx=1 gy=1 gz=2
[rtmod] DISPATCH kernel=33 count=10 gx=2 gy=1 gz=1
[rtmod] DISPATCH kernel=23 count=64 gx=2 gy=1 gz=2
[rtmod] DISPATCH kernel=10 count=64 gx=1 gy=1 gz=1
[rtmod] DISPATCH kernel=26 count=64 gx=4 gy=1 gz=1
[rtmod] FEW name=Add count=64
[rtmod] DISPATCH kernel=406 count=64 gx=1 gy=1 gz=1
[rtmod] DISPATCH kernel=223 count=64 gx=1 gy=1 gz=1
[rtmod] DISPATCH kernel=26 count=128 gx=8 gy=1 gz=1
[rtmod] DISPATCH kernel=26 count=128 gx=8 gy=1 gz=1
[rtmod] DISPATCH kernel=409 count=128 gx=1 gy=1 gz=1
[rtmod] DISPATCH kernel=29 count=64 gx=16 gy=1 gz=1
[rtmod] FEW name=Add count=64
[rtmod] DISPATCH kernel=406 count=64 gx=1 gy=1 gz=1
[rtmod] DISPATCH kernel=223 count=64 gx=1 gy=1 gz=1
[rtmod] DISPATCH kernel=26 count=256 gx=16 gy=1 gz=1
[rtmod] DISPATCH kernel=38 count=1 gx=1 gy=1 gz=1
[rtmod] FEW name=Subtract count=256
[rtmod] DISPATCH kernel=454 count=256 gx=1 gy=1 gz=1
[rtmod] DISPATCH kernel=66 count=1 gx=1 gy=1 gz=1
[rtmod] EV-SIGNAL tid=471452 ev=0xaaab659db750 val=1 st=1 host=0
[rtmod] SUBMIT-ENTER tid=471452
[rtmod] SUBMIT tid=471452 cv=78 waits=1 sigs=2 cmds=1
[rtmod] COMMIT-NOOP
[rtmod] DISPATCH kernel=192 count=64 gx=1 gy=1 gz=1
[rtmod] DISPATCH kernel=223 count=64 gx=1 gy=1 gz=1
[rtmod] DISPATCH kernel=26 count=32 gx=2 gy=1 gz=1
[rtmod] DISPATCH kernel=26 count=32 gx=2 gy=1 gz=1
[rtmod] DISPATCH kernel=26 count=64 gx=4 gy=1 gz=1
[rtmod] DISPATCH kernel=223 count=32 gx=1 gy=1 gz=1
[rtmod] DISPATCH kernel=247 count=16 gx=1 gy=1 gz=1
[rtmod] DISPATCH kernel=223 count=64 gx=2 gy=1 gz=1
[rtmod] DISPATCH kernel=58 count=32 gx=1 gy=1 gz=1
[rtmod] DISPATCH kernel=58 count=32 gx=1 gy=1 gz=1
[rtmod] DISPATCH kernel=247 count=32 gx=1 gy=1 gz=1
[rtmod] DISPATCH kernel=9 count=64 gx=1 gy=1 gz=1
[rtmod] FEW name=ScaledDotProductAttention count=64
[rtmod] DISPATCH kernel=452 count=64 gx=1 gy=1 gz=1
[rtmod] DISPATCH kernel=9 count=192 gx=1 gy=1 gz=1
[rtmod] DISPATCH kernel=9 count=192 gx=1 gy=1 gz=1
[rtmod] DISPATCH kernel=23 count=12 gx=1 gy=1 gz=2
[rtmod] DISPATCH kernel=33 count=12 gx=2 gy=1 gz=1
[rtmod] DISPATCH kernel=23 count=64 gx=2 gy=1 gz=2
[rtmod] DISPATCH kernel=10 count=64 gx=1 gy=1 gz=1
[rtmod] DISPATCH kernel=26 count=64 gx=4 gy=1 gz=1
[rtmod] FEW name=Add count=64
[rtmod] DISPATCH kernel=406 count=64 gx=1 gy=1 gz=1
[rtmod] DISPATCH kernel=223 count=64 gx=1 gy=1 gz=1
[rtmod] DISPATCH kernel=26 count=128 gx=8 gy=1 gz=1
[rtmod] DISPATCH kernel=26 count=128 gx=8 gy=1 gz=1
[rtmod] DISPATCH kernel=409 count=128 gx=1 gy=1 gz=1
[rtmod] DISPATCH kernel=29 count=64 gx=16 gy=1 gz=1
[rtmod] FEW name=Add count=64
[rtmod] DISPATCH kernel=406 count=64 gx=1 gy=1 gz=1
[rtmod] DISPATCH kernel=223 count=64 gx=1 gy=1 gz=1
[rtmod] DISPATCH kernel=26 count=32 gx=2 gy=1 gz=1
[rtmod] DISPATCH kernel=26 count=32 gx=2 gy=1 gz=1
[rtmod] DISPATCH kernel=26 count=64 gx=4 gy=1 gz=1
[rtmod] DISPATCH kernel=223 count=32 gx=1 gy=1 gz=1
[rtmod] DISPATCH kernel=247 count=16 gx=1 gy=1 gz=1
[rtmod] DISPATCH kernel=223 count=64 gx=2 gy=1 gz=1
[rtmod] DISPATCH kernel=58 count=32 gx=1 gy=1 gz=1
[rtmod] DISPATCH kernel=58 count=32 gx=1 gy=1 gz=1
[rtmod] DISPATCH kernel=247 count=32 gx=1 gy=1 gz=1
[rtmod] DISPATCH kernel=9 count=64 gx=1 gy=1 gz=1
[rtmod] FEW name=ScaledDotProductAttention count=64
[rtmod] DISPATCH kernel=452 count=64 gx=1 gy=1 gz=1
[rtmod] DISPATCH kernel=9 count=192 gx=1 gy=1 gz=1
[rtmod] DISPATCH kernel=9 count=192 gx=1 gy=1 gz=1
[rtmod] DISPATCH kernel=23 count=12 gx=1 gy=1 gz=2
[rtmod] DISPATCH kernel=33 count=12 gx=2 gy=1 gz=1
[rtmod] DISPATCH kernel=23 count=64 gx=2 gy=1 gz=2
[rtmod] DISPATCH kernel=10 count=64 gx=1 gy=1 gz=1
[rtmod] DISPATCH kernel=26 count=64 gx=4 gy=1 gz=1
[rtmod] FEW name=Add count=64
[rtmod] DISPATCH kernel=406 count=64 gx=1 gy=1 gz=1
[rtmod] DISPATCH kernel=223 count=64 gx=1 gy=1 gz=1
[rtmod] DISPATCH kernel=26 count=128 gx=8 gy=1 gz=1
[rtmod] DISPATCH kernel=26 count=128 gx=8 gy=1 gz=1
[rtmod] DISPATCH kernel=409 count=128 gx=1 gy=1 gz=1
[rtmod] DISPATCH kernel=29 count=64 gx=16 gy=1 gz=1
[rtmod] FEW name=Add count=64
[rtmod] DISPATCH kernel=406 count=64 gx=1 gy=1 gz=1
[rtmod] DISPATCH kernel=223 count=64 gx=1 gy=1 gz=1
[rtmod] DISPATCH kernel=26 count=256 gx=16 gy=1 gz=1
[rtmod] DISPATCH kernel=38 count=1 gx=1 gy=1 gz=1
[rtmod] FEW name=Subtract count=256
[rtmod] DISPATCH kernel=454 count=256 gx=1 gy=1 gz=1
[rtmod] DISPATCH kernel=66 count=1 gx=1 gy=1 gz=1
[rtmod] EV-SIGNAL tid=471452 ev=0xaaab66052050 val=1 st=1 host=0
[rtmod] SUBMIT-ENTER tid=471452
[rtmod] SUBMIT tid=471452 cv=79 waits=1 sigs=2 cmds=1
[rtmod] COMMIT-NOOP
[rtmod] EV-WAIT-ENC tid=471452 ev=0xaaab659db750 val=1 st=0
[rtmod] EV-WAIT-ENC tid=471452 ev=0xaaab66052050 val=1 st=0
[rtmod] FENCE-UPDATE count=0 st=0
[rtmod] EV-SIGNAL tid=471452 ev=0xaaab66057e40 val=1 st=0 host=0
[rtmod] SUBMIT-ENTER tid=471452
[rtmod] SUBMIT tid=471452 cv=80 waits=3 sigs=2 cmds=1
[rtmod] FENCE-UPDATE count=0 st=1
[rtmod] EV-SIGNAL tid=471452 ev=0xaaab66059d20 val=1 st=1 host=0
[rtmod] SUBMIT-ENTER tid=471452
[rtmod] SUBMIT tid=471452 cv=81 waits=1 sigs=2 cmds=0
[rtmod] EV-WAIT-ENC tid=471452 ev=0xaaab66059d20 val=1 st=0
[rtmod] EV-WAIT-ENC tid=471452 ev=0xaaab66057e40 val=1 st=0
[rtmod] FENCE-UPDATE count=1 st=0
[rtmod] EV-SIGNAL tid=471452 ev=0xaaab66057e40 val=2 st=0 host=0
[rtmod] SUBMIT-ENTER tid=471452
[rtmod] SUBMIT tid=471452 cv=82 waits=3 sigs=2 cmds=1
[rtmod] EV-WAIT-ENC tid=471452 ev=0xaaab66057e40 val=2 st=1
[rtmod] DISPATCH kernel=192 count=256 gx=1 gy=1 gz=1
[rtmod] DISPATCH kernel=223 count=256 gx=4 gy=1 gz=1
[rtmod] DISPATCH kernel=26 count=128 gx=2 gy=1 gz=1
[rtmod] DISPATCH kernel=26 count=128 gx=2 gy=1 gz=1
[rtmod] DISPATCH kernel=26 count=256 gx=4 gy=1 gz=1
[rtmod] DISPATCH kernel=223 count=128 gx=4 gy=1 gz=1
[rtmod] DISPATCH kernel=247 count=64 gx=1 gy=1 gz=1
[rtmod] DISPATCH kernel=223 count=256 gx=8 gy=1 gz=1
[rtmod] DISPATCH kernel=58 count=128 gx=1 gy=1 gz=1
[rtmod] DISPATCH kernel=58 count=128 gx=1 gy=1 gz=1
[rtmod] DISPATCH kernel=247 count=128 gx=1 gy=1 gz=1
[rtmod] DISPATCH kernel=9 count=256 gx=1 gy=1 gz=1
[rtmod] FEW name=ScaledDotProductAttention count=256
[rtmod] DISPATCH kernel=452 count=256 gx=1 gy=1 gz=1
[rtmod] DISPATCH kernel=9 count=224 gx=1 gy=1 gz=1
[rtmod] DISPATCH kernel=9 count=224 gx=1 gy=1 gz=1
[rtmod] DISPATCH kernel=23 count=56 gx=1 gy=1 gz=2
[rtmod] DISPATCH kernel=33 count=56 gx=8 gy=1 gz=1
[rtmod] DISPATCH kernel=23 count=256 gx=2 gy=1 gz=2
[rtmod] DISPATCH kernel=10 count=256 gx=1 gy=1 gz=1
[rtmod] DISPATCH kernel=58 count=256 gx=1 gy=1 gz=1
[rtmod] DISPATCH kernel=26 count=256 gx=4 gy=1 gz=1
[rtmod] FEW name=Add count=256
[rtmod] DISPATCH kernel=406 count=256 gx=1 gy=1 gz=1
[rtmod] DISPATCH kernel=223 count=256 gx=4 gy=1 gz=1
[rtmod] DISPATCH kernel=26 count=512 gx=8 gy=1 gz=1
[rtmod] DISPATCH kernel=26 count=512 gx=8 gy=1 gz=1
[rtmod] DISPATCH kernel=409 count=512 gx=1 gy=1 gz=1
[rtmod] DISPATCH kernel=26 count=256 gx=4 gy=1 gz=1
[rtmod] FEW name=Add count=256
[rtmod] DISPATCH kernel=406 count=256 gx=1 gy=1 gz=1
[rtmod] DISPATCH kernel=223 count=256 gx=4 gy=1 gz=1
[rtmod] DISPATCH kernel=26 count=128 gx=2 gy=1 gz=1
[rtmod] DISPATCH kernel=26 count=128 gx=2 gy=1 gz=1
[rtmod] DISPATCH kernel=26 count=256 gx=4 gy=1 gz=1
[rtmod] DISPATCH kernel=223 count=128 gx=4 gy=1 gz=1
[rtmod] DISPATCH kernel=247 count=64 gx=1 gy=1 gz=1
[rtmod] DISPATCH kernel=223 count=256 gx=8 gy=1 gz=1
[rtmod] DISPATCH kernel=58 count=128 gx=1 gy=1 gz=1
[rtmod] DISPATCH kernel=58 count=128 gx=1 gy=1 gz=1
[rtmod] DISPATCH kernel=247 count=128 gx=1 gy=1 gz=1
[rtmod] DISPATCH kernel=9 count=256 gx=1 gy=1 gz=1
[rtmod] FEW name=ScaledDotProductAttention count=256
[rtmod] DISPATCH kernel=452 count=256 gx=1 gy=1 gz=1
[rtmod] DISPATCH kernel=9 count=224 gx=1 gy=1 gz=1
[rtmod] DISPATCH kernel=9 count=224 gx=1 gy=1 gz=1
[rtmod] DISPATCH kernel=23 count=56 gx=1 gy=1 gz=2
[rtmod] DISPATCH kernel=33 count=56 gx=8 gy=1 gz=1
[rtmod] DISPATCH kernel=23 count=256 gx=2 gy=1 gz=2
[rtmod] DISPATCH kernel=10 count=256 gx=1 gy=1 gz=1
[rtmod] DISPATCH kernel=58 count=256 gx=1 gy=1 gz=1
[rtmod] DISPATCH kernel=26 count=256 gx=4 gy=1 gz=1
[rtmod] FEW name=Add count=256
[rtmod] DISPATCH kernel=406 count=256 gx=1 gy=1 gz=1
[rtmod] DISPATCH kernel=223 count=256 gx=4 gy=1 gz=1
[rtmod] DISPATCH kernel=26 count=512 gx=8 gy=1 gz=1
[rtmod] DISPATCH kernel=26 count=512 gx=8 gy=1 gz=1
[rtmod] DISPATCH kernel=409 count=512 gx=1 gy=1 gz=1
[rtmod] DISPATCH kernel=26 count=256 gx=4 gy=1 gz=1
[rtmod] FEW name=Add count=256
[rtmod] DISPATCH kernel=406 count=256 gx=1 gy=1 gz=1
[rtmod] DISPATCH kernel=223 count=256 gx=4 gy=1 gz=1
[rtmod] DISPATCH kernel=26 count=1024 gx=16 gy=1 gz=1
[rtmod] DISPATCH kernel=38 count=4 gx=4 gy=1 gz=1
[rtmod] FEW name=Subtract count=1024
[rtmod] DISPATCH kernel=454 count=1024 gx=4 gy=1 gz=1
[rtmod] DISPATCH kernel=66 count=4 gx=4 gy=1 gz=1
[rtmod] EV-WAIT-ENC tid=471452 ev=0xaaab66057e40 val=2 st=1
[rtmod] COMMIT-NOOP
[rtmod] EV-SIGNAL tid=471452 ev=0xaaab66059960 val=1 st=1 host=0
[rtmod] SUBMIT-ENTER tid=471452
[rtmod] SUBMIT tid=471452 cv=83 waits=3 sigs=2 cmds=1
[rtmod] COMMIT-NOOP
[rtmod] EV-WAIT tid=471452 ev=0xaaab66059960 val=1 cnt=0 resv=83
[rtmod] DISPATCH kernel=192 count=64 gx=1 gy=1 gz=1
[rtmod] DISPATCH kernel=223 count=64 gx=1 gy=1 gz=1
[rtmod] DISPATCH kernel=26 count=32 gx=2 gy=1 gz=1
[rtmod] DISPATCH kernel=26 count=32 gx=2 gy=1 gz=1
[rtmod] DISPATCH kernel=26 count=64 gx=4 gy=1 gz=1
[rtmod] DISPATCH kernel=223 count=32 gx=1 gy=1 gz=1
[rtmod] DISPATCH kernel=247 count=16 gx=1 gy=1 gz=1
[rtmod] DISPATCH kernel=223 count=64 gx=2 gy=1 gz=1
[rtmod] DISPATCH kernel=58 count=32 gx=1 gy=1 gz=1
[rtmod] DISPATCH kernel=58 count=32 gx=1 gy=1 gz=1
[rtmod] DISPATCH kernel=247 count=32 gx=1 gy=1 gz=1
[rtmod] DISPATCH kernel=9 count=64 gx=1 gy=1 gz=1
[rtmod] FEW name=ScaledDotProductAttention count=64
[rtmod] DISPATCH kernel=452 count=64 gx=1 gy=1 gz=1
[rtmod] DISPATCH kernel=9 count=160 gx=1 gy=1 gz=1
[rtmod] DISPATCH kernel=9 count=160 gx=1 gy=1 gz=1
[rtmod] DISPATCH kernel=23 count=10 gx=1 gy=1 gz=2
[rtmod] DISPATCH kernel=33 count=10 gx=2 gy=1 gz=1
[rtmod] DISPATCH kernel=23 count=64 gx=2 gy=1 gz=2
[rtmod] DISPATCH kernel=10 count=64 gx=1 gy=1 gz=1
[rtmod] DISPATCH kernel=26 count=64 gx=4 gy=1 gz=1
[rtmod] FEW name=Add count=64
[rtmod] DISPATCH kernel=406 count=64 gx=1 gy=1 gz=1
[rtmod] DISPATCH kernel=223 count=64 gx=1 gy=1 gz=1
[rtmod] DISPATCH kernel=26 count=128 gx=8 gy=1 gz=1
[rtmod] DISPATCH kernel=26 count=128 gx=8 gy=1 gz=1
[rtmod] DISPATCH kernel=409 count=128 gx=1 gy=1 gz=1
[rtmod] DISPATCH kernel=29 count=64 gx=16 gy=1 gz=1
[rtmod] FEW name=Add count=64
[rtmod] DISPATCH kernel=406 count=64 gx=1 gy=1 gz=1
[rtmod] DISPATCH kernel=223 count=64 gx=1 gy=1 gz=1
[rtmod] DISPATCH kernel=26 count=32 gx=2 gy=1 gz=1
[rtmod] DISPATCH kernel=26 count=32 gx=2 gy=1 gz=1
[rtmod] DISPATCH kernel=26 count=64 gx=4 gy=1 gz=1
[rtmod] DISPATCH kernel=223 count=32 gx=1 gy=1 gz=1
[rtmod] DISPATCH kernel=247 count=16 gx=1 gy=1 gz=1
[rtmod] DISPATCH kernel=223 count=64 gx=2 gy=1 gz=1
[rtmod] DISPATCH kernel=58 count=32 gx=1 gy=1 gz=1
[rtmod] DISPATCH kernel=58 count=32 gx=1 gy=1 gz=1
[rtmod] DISPATCH kernel=247 count=32 gx=1 gy=1 gz=1
[rtmod] DISPATCH kernel=9 count=64 gx=1 gy=1 gz=1
[rtmod] FEW name=ScaledDotProductAttention count=64
[rtmod] DISPATCH kernel=452 count=64 gx=1 gy=1 gz=1
[rtmod] DISPATCH kernel=9 count=160 gx=1 gy=1 gz=1
[rtmod] DISPATCH kernel=9 count=160 gx=1 gy=1 gz=1
[rtmod] DISPATCH kernel=23 count=10 gx=1 gy=1 gz=2
[rtmod] DISPATCH kernel=33 count=10 gx=2 gy=1 gz=1
[rtmod] DISPATCH kernel=23 count=64 gx=2 gy=1 gz=2
[rtmod] DISPATCH kernel=10 count=64 gx=1 gy=1 gz=1
[rtmod] DISPATCH kernel=26 count=64 gx=4 gy=1 gz=1
[rtmod] FEW name=Add count=64
[rtmod] DISPATCH kernel=406 count=64 gx=1 gy=1 gz=1
[rtmod] DISPATCH kernel=223 count=64 gx=1 gy=1 gz=1
[rtmod] DISPATCH kernel=26 count=128 gx=8 gy=1 gz=1
[rtmod] DISPATCH kernel=26 count=128 gx=8 gy=1 gz=1
[rtmod] DISPATCH kernel=409 count=128 gx=1 gy=1 gz=1
[rtmod] DISPATCH kernel=29 count=64 gx=16 gy=1 gz=1
[rtmod] FEW name=Add count=64
[rtmod] DISPATCH kernel=406 count=64 gx=1 gy=1 gz=1
[rtmod] DISPATCH kernel=223 count=64 gx=1 gy=1 gz=1
[rtmod] DISPATCH kernel=26 count=256 gx=16 gy=1 gz=1
[rtmod] DISPATCH kernel=38 count=1 gx=1 gy=1 gz=1
[rtmod] FEW name=Subtract count=256
[rtmod] DISPATCH kernel=454 count=256 gx=1 gy=1 gz=1
[rtmod] DISPATCH kernel=66 count=1 gx=1 gy=1 gz=1
[rtmod] EV-SIGNAL tid=471452 ev=0xaaab6603da30 val=1 st=1 host=0
[rtmod] SUBMIT-ENTER tid=471452
[rtmod] SUBMIT tid=471452 cv=84 waits=1 sigs=2 cmds=1
[rtmod] COMMIT-NOOP
[rtmod] DISPATCH kernel=192 count=64 gx=1 gy=1 gz=1
[rtmod] DISPATCH kernel=223 count=64 gx=1 gy=1 gz=1
[rtmod] DISPATCH kernel=26 count=32 gx=2 gy=1 gz=1
[rtmod] DISPATCH kernel=26 count=32 gx=2 gy=1 gz=1
[rtmod] DISPATCH kernel=26 count=64 gx=4 gy=1 gz=1
[rtmod] DISPATCH kernel=223 count=32 gx=1 gy=1 gz=1
[rtmod] DISPATCH kernel=247 count=16 gx=1 gy=1 gz=1
[rtmod] DISPATCH kernel=223 count=64 gx=2 gy=1 gz=1
[rtmod] DISPATCH kernel=58 count=32 gx=1 gy=1 gz=1
[rtmod] DISPATCH kernel=58 count=32 gx=1 gy=1 gz=1
[rtmod] DISPATCH kernel=247 count=32 gx=1 gy=1 gz=1
[rtmod] DISPATCH kernel=9 count=64 gx=1 gy=1 gz=1
[rtmod] FEW name=ScaledDotProductAttention count=64
[rtmod] DISPATCH kernel=452 count=64 gx=1 gy=1 gz=1
[rtmod] DISPATCH kernel=9 count=192 gx=1 gy=1 gz=1
[rtmod] DISPATCH kernel=9 count=192 gx=1 gy=1 gz=1
[rtmod] DISPATCH kernel=23 count=12 gx=1 gy=1 gz=2
[rtmod] DISPATCH kernel=33 count=12 gx=2 gy=1 gz=1
[rtmod] DISPATCH kernel=23 count=64 gx=2 gy=1 gz=2
[rtmod] DISPATCH kernel=10 count=64 gx=1 gy=1 gz=1
[rtmod] DISPATCH kernel=26 count=64 gx=4 gy=1 gz=1
[rtmod] FEW name=Add count=64
[rtmod] DISPATCH kernel=406 count=64 gx=1 gy=1 gz=1
[rtmod] DISPATCH kernel=223 count=64 gx=1 gy=1 gz=1
[rtmod] DISPATCH kernel=26 count=128 gx=8 gy=1 gz=1
[rtmod] DISPATCH kernel=26 count=128 gx=8 gy=1 gz=1
[rtmod] DISPATCH kernel=409 count=128 gx=1 gy=1 gz=1
[rtmod] DISPATCH kernel=29 count=64 gx=16 gy=1 gz=1
[rtmod] FEW name=Add count=64
[rtmod] DISPATCH kernel=406 count=64 gx=1 gy=1 gz=1
[rtmod] DISPATCH kernel=223 count=64 gx=1 gy=1 gz=1
[rtmod] DISPATCH kernel=26 count=32 gx=2 gy=1 gz=1
[rtmod] DISPATCH kernel=26 count=32 gx=2 gy=1 gz=1
[rtmod] DISPATCH kernel=26 count=64 gx=4 gy=1 gz=1
[rtmod] DISPATCH kernel=223 count=32 gx=1 gy=1 gz=1
[rtmod] DISPATCH kernel=247 count=16 gx=1 gy=1 gz=1
[rtmod] DISPATCH kernel=223 count=64 gx=2 gy=1 gz=1
[rtmod] DISPATCH kernel=58 count=32 gx=1 gy=1 gz=1
[rtmod] DISPATCH kernel=58 count=32 gx=1 gy=1 gz=1
[rtmod] DISPATCH kernel=247 count=32 gx=1 gy=1 gz=1
[rtmod] DISPATCH kernel=9 count=64 gx=1 gy=1 gz=1
[rtmod] FEW name=ScaledDotProductAttention count=64
[rtmod] DISPATCH kernel=452 count=64 gx=1 gy=1 gz=1
[rtmod] DISPATCH kernel=9 count=192 gx=1 gy=1 gz=1
[rtmod] DISPATCH kernel=9 count=192 gx=1 gy=1 gz=1
[rtmod] DISPATCH kernel=23 count=12 gx=1 gy=1 gz=2
[rtmod] DISPATCH kernel=33 count=12 gx=2 gy=1 gz=1
[rtmod] DISPATCH kernel=23 count=64 gx=2 gy=1 gz=2
[rtmod] DISPATCH kernel=10 count=64 gx=1 gy=1 gz=1
[rtmod] DISPATCH kernel=26 count=64 gx=4 gy=1 gz=1
[rtmod] FEW name=Add count=64
[rtmod] DISPATCH kernel=406 count=64 gx=1 gy=1 gz=1
[rtmod] DISPATCH kernel=223 count=64 gx=1 gy=1 gz=1
[rtmod] DISPATCH kernel=26 count=128 gx=8 gy=1 gz=1
[rtmod] DISPATCH kernel=26 count=128 gx=8 gy=1 gz=1
[rtmod] DISPATCH kernel=409 count=128 gx=1 gy=1 gz=1
[rtmod] DISPATCH kernel=29 count=64 gx=16 gy=1 gz=1
[rtmod] FEW name=Add count=64
[rtmod] DISPATCH kernel=406 count=64 gx=1 gy=1 gz=1
[rtmod] DISPATCH kernel=223 count=64 gx=1 gy=1 gz=1
[rtmod] DISPATCH kernel=26 count=256 gx=16 gy=1 gz=1
[rtmod] DISPATCH kernel=38 count=1 gx=1 gy=1 gz=1
[rtmod] FEW name=Subtract count=256
[rtmod] DISPATCH kernel=454 count=256 gx=1 gy=1 gz=1
[rtmod] DISPATCH kernel=66 count=1 gx=1 gy=1 gz=1
[rtmod] EV-SIGNAL tid=471452 ev=0xaaab65fb0280 val=1 st=1 host=0
[rtmod] SUBMIT-ENTER tid=471452
[rtmod] SUBMIT tid=471452 cv=85 waits=1 sigs=2 cmds=1
[rtmod] COMMIT-NOOP
[rtmod] DISPATCH kernel=192 count=64 gx=1 gy=1 gz=1
[rtmod] DISPATCH kernel=223 count=64 gx=1 gy=1 gz=1
[rtmod] DISPATCH kernel=26 count=32 gx=2 gy=1 gz=1
[rtmod] DISPATCH kernel=26 count=32 gx=2 gy=1 gz=1
[rtmod] DISPATCH kernel=26 count=64 gx=4 gy=1 gz=1
[rtmod] DISPATCH kernel=223 count=32 gx=1 gy=1 gz=1
[rtmod] DISPATCH kernel=247 count=16 gx=1 gy=1 gz=1
[rtmod] DISPATCH kernel=223 count=64 gx=2 gy=1 gz=1
[rtmod] DISPATCH kernel=58 count=32 gx=1 gy=1 gz=1
[rtmod] DISPATCH kernel=58 count=32 gx=1 gy=1 gz=1
[rtmod] DISPATCH kernel=247 count=32 gx=1 gy=1 gz=1
[rtmod] DISPATCH kernel=9 count=64 gx=1 gy=1 gz=1
[rtmod] FEW name=ScaledDotProductAttention count=64
[rtmod] DISPATCH kernel=452 count=64 gx=1 gy=1 gz=1
[rtmod] DISPATCH kernel=9 count=224 gx=1 gy=1 gz=1
[rtmod] DISPATCH kernel=9 count=224 gx=1 gy=1 gz=1
[rtmod] DISPATCH kernel=23 count=14 gx=1 gy=1 gz=2
[rtmod] DISPATCH kernel=33 count=14 gx=2 gy=1 gz=1
[rtmod] DISPATCH kernel=23 count=64 gx=2 gy=1 gz=2
[rtmod] DISPATCH kernel=10 count=64 gx=1 gy=1 gz=1
[rtmod] DISPATCH kernel=26 count=64 gx=4 gy=1 gz=1
[rtmod] FEW name=Add count=64
[rtmod] DISPATCH kernel=406 count=64 gx=1 gy=1 gz=1
[rtmod] DISPATCH kernel=223 count=64 gx=1 gy=1 gz=1
[rtmod] DISPATCH kernel=26 count=128 gx=8 gy=1 gz=1
[rtmod] DISPATCH kernel=26 count=128 gx=8 gy=1 gz=1
[rtmod] DISPATCH kernel=409 count=128 gx=1 gy=1 gz=1
[rtmod] DISPATCH kernel=29 count=64 gx=16 gy=1 gz=1
[rtmod] FEW name=Add count=64
[rtmod] DISPATCH kernel=406 count=64 gx=1 gy=1 gz=1
[rtmod] DISPATCH kernel=223 count=64 gx=1 gy=1 gz=1
[rtmod] DISPATCH kernel=26 count=32 gx=2 gy=1 gz=1
[rtmod] DISPATCH kernel=26 count=32 gx=2 gy=1 gz=1
[rtmod] DISPATCH kernel=26 count=64 gx=4 gy=1 gz=1
[rtmod] DISPATCH kernel=223 count=32 gx=1 gy=1 gz=1
[rtmod] DISPATCH kernel=247 count=16 gx=1 gy=1 gz=1
[rtmod] DISPATCH kernel=223 count=64 gx=2 gy=1 gz=1
[rtmod] DISPATCH kernel=58 count=32 gx=1 gy=1 gz=1
[rtmod] DISPATCH kernel=58 count=32 gx=1 gy=1 gz=1
[rtmod] DISPATCH kernel=247 count=32 gx=1 gy=1 gz=1
[rtmod] DISPATCH kernel=9 count=64 gx=1 gy=1 gz=1
[rtmod] FEW name=ScaledDotProductAttention count=64
[rtmod] DISPATCH kernel=452 count=64 gx=1 gy=1 gz=1
[rtmod] DISPATCH kernel=9 count=224 gx=1 gy=1 gz=1
[rtmod] DISPATCH kernel=9 count=224 gx=1 gy=1 gz=1
[rtmod] DISPATCH kernel=23 count=14 gx=1 gy=1 gz=2
[rtmod] DISPATCH kernel=33 count=14 gx=2 gy=1 gz=1
[rtmod] DISPATCH kernel=23 count=64 gx=2 gy=1 gz=2
[rtmod] DISPATCH kernel=10 count=64 gx=1 gy=1 gz=1
[rtmod] DISPATCH kernel=26 count=64 gx=4 gy=1 gz=1
[rtmod] FEW name=Add count=64
[rtmod] DISPATCH kernel=406 count=64 gx=1 gy=1 gz=1
[rtmod] DISPATCH kernel=223 count=64 gx=1 gy=1 gz=1
[rtmod] DISPATCH kernel=26 count=128 gx=8 gy=1 gz=1
[rtmod] DISPATCH kernel=26 count=128 gx=8 gy=1 gz=1
[rtmod] DISPATCH kernel=409 count=128 gx=1 gy=1 gz=1
[rtmod] DISPATCH kernel=29 count=64 gx=16 gy=1 gz=1
[rtmod] FEW name=Add count=64
[rtmod] DISPATCH kernel=406 count=64 gx=1 gy=1 gz=1
[rtmod] DISPATCH kernel=223 count=64 gx=1 gy=1 gz=1
[rtmod] DISPATCH kernel=26 count=256 gx=16 gy=1 gz=1
[rtmod] DISPATCH kernel=38 count=1 gx=1 gy=1 gz=1
[rtmod] FEW name=Subtract count=256
[rtmod] DISPATCH kernel=454 count=256 gx=1 gy=1 gz=1
[rtmod] DISPATCH kernel=66 count=1 gx=1 gy=1 gz=1
[rtmod] EV-SIGNAL tid=471452 ev=0xaaab65f1a280 val=1 st=1 host=0
[rtmod] SUBMIT-ENTER tid=471452
[rtmod] SUBMIT tid=471452 cv=86 waits=1 sigs=2 cmds=1
[rtmod] COMMIT-NOOP
[rtmod] EV-WAIT-ENC tid=471452 ev=0xaaab6603da30 val=1 st=0
[rtmod] EV-WAIT-ENC tid=471452 ev=0xaaab65fb0280 val=1 st=0
[rtmod] EV-WAIT-ENC tid=471452 ev=0xaaab65f1a280 val=1 st=0
[rtmod] FENCE-UPDATE count=0 st=0
[rtmod] EV-SIGNAL tid=471452 ev=0xaaab66025b20 val=1 st=0 host=0
[rtmod] SUBMIT-ENTER tid=471452
[rtmod] SUBMIT tid=471452 cv=87 waits=4 sigs=2 cmds=1
[rtmod] EV-WAIT-ENC tid=471452 ev=0xaaab66025b20 val=1 st=0
[rtmod] FENCE-UPDATE count=1 st=0
[rtmod] EV-SIGNAL tid=471452 ev=0xaaab66025b20 val=2 st=0 host=0
[rtmod] SUBMIT-ENTER tid=471452
[rtmod] SUBMIT tid=471452 cv=88 waits=2 sigs=2 cmds=1
[rtmod] EV-WAIT-ENC tid=471452 ev=0xaaab66025b20 val=2 st=1
[rtmod] DISPATCH kernel=192 count=256 gx=1 gy=1 gz=1
[rtmod] DISPATCH kernel=223 count=256 gx=4 gy=1 gz=1
[rtmod] DISPATCH kernel=26 count=128 gx=2 gy=1 gz=1
[rtmod] DISPATCH kernel=26 count=128 gx=2 gy=1 gz=1
[rtmod] DISPATCH kernel=26 count=256 gx=4 gy=1 gz=1
[rtmod] DISPATCH kernel=223 count=128 gx=4 gy=1 gz=1
[rtmod] DISPATCH kernel=247 count=64 gx=1 gy=1 gz=1
[rtmod] DISPATCH kernel=223 count=256 gx=8 gy=1 gz=1
[rtmod] DISPATCH kernel=58 count=128 gx=1 gy=1 gz=1
[rtmod] DISPATCH kernel=58 count=128 gx=1 gy=1 gz=1
[rtmod] DISPATCH kernel=247 count=128 gx=1 gy=1 gz=1
[rtmod] DISPATCH kernel=9 count=256 gx=1 gy=1 gz=1
[rtmod] FEW name=ScaledDotProductAttention count=256
[rtmod] DISPATCH kernel=452 count=256 gx=1 gy=1 gz=1
[rtmod] DISPATCH kernel=9 count=256 gx=1 gy=1 gz=1
[rtmod] DISPATCH kernel=9 count=256 gx=1 gy=1 gz=1
[rtmod] DISPATCH kernel=23 count=64 gx=1 gy=1 gz=2
[rtmod] DISPATCH kernel=33 count=64 gx=8 gy=1 gz=1
[rtmod] DISPATCH kernel=23 count=256 gx=2 gy=1 gz=2
[rtmod] DISPATCH kernel=10 count=256 gx=1 gy=1 gz=1
[rtmod] DISPATCH kernel=58 count=256 gx=1 gy=1 gz=1
[rtmod] DISPATCH kernel=26 count=256 gx=4 gy=1 gz=1
[rtmod] FEW name=Add count=256
[rtmod] DISPATCH kernel=406 count=256 gx=1 gy=1 gz=1
[rtmod] DISPATCH kernel=223 count=256 gx=4 gy=1 gz=1
[rtmod] DISPATCH kernel=26 count=512 gx=8 gy=1 gz=1
[rtmod] DISPATCH kernel=26 count=512 gx=8 gy=1 gz=1
[rtmod] DISPATCH kernel=409 count=512 gx=1 gy=1 gz=1
[rtmod] DISPATCH kernel=26 count=256 gx=4 gy=1 gz=1
[rtmod] FEW name=Add count=256
[rtmod] DISPATCH kernel=406 count=256 gx=1 gy=1 gz=1
[rtmod] DISPATCH kernel=223 count=256 gx=4 gy=1 gz=1
[rtmod] DISPATCH kernel=26 count=128 gx=2 gy=1 gz=1
[rtmod] DISPATCH kernel=26 count=128 gx=2 gy=1 gz=1
[rtmod] DISPATCH kernel=26 count=256 gx=4 gy=1 gz=1
[rtmod] DISPATCH kernel=223 count=128 gx=4 gy=1 gz=1
[rtmod] DISPATCH kernel=247 count=64 gx=1 gy=1 gz=1
[rtmod] DISPATCH kernel=223 count=256 gx=8 gy=1 gz=1
[rtmod] DISPATCH kernel=58 count=128 gx=1 gy=1 gz=1
[rtmod] DISPATCH kernel=58 count=128 gx=1 gy=1 gz=1
[rtmod] DISPATCH kernel=247 count=128 gx=1 gy=1 gz=1
[rtmod] DISPATCH kernel=9 count=256 gx=1 gy=1 gz=1
[rtmod] FEW name=ScaledDotProductAttention count=256
[rtmod] DISPATCH kernel=452 count=256 gx=1 gy=1 gz=1
[rtmod] DISPATCH kernel=9 count=256 gx=1 gy=1 gz=1
[rtmod] DISPATCH kernel=9 count=256 gx=1 gy=1 gz=1
[rtmod] DISPATCH kernel=23 count=64 gx=1 gy=1 gz=2
[rtmod] DISPATCH kernel=33 count=64 gx=8 gy=1 gz=1
[rtmod] DISPATCH kernel=23 count=256 gx=2 gy=1 gz=2
[rtmod] DISPATCH kernel=10 count=256 gx=1 gy=1 gz=1
[rtmod] DISPATCH kernel=58 count=256 gx=1 gy=1 gz=1
[rtmod] DISPATCH kernel=26 count=256 gx=4 gy=1 gz=1
[rtmod] FEW name=Add count=256
[rtmod] DISPATCH kernel=406 count=256 gx=1 gy=1 gz=1
[rtmod] DISPATCH kernel=223 count=256 gx=4 gy=1 gz=1
[rtmod] DISPATCH kernel=26 count=512 gx=8 gy=1 gz=1
[rtmod] DISPATCH kernel=26 count=512 gx=8 gy=1 gz=1
[rtmod] DISPATCH kernel=409 count=512 gx=1 gy=1 gz=1
[rtmod] DISPATCH kernel=26 count=256 gx=4 gy=1 gz=1
[rtmod] FEW name=Add count=256
[rtmod] DISPATCH kernel=406 count=256 gx=1 gy=1 gz=1
[rtmod] DISPATCH kernel=223 count=256 gx=4 gy=1 gz=1
[rtmod] DISPATCH kernel=26 count=1024 gx=16 gy=1 gz=1
[rtmod] DISPATCH kernel=38 count=4 gx=4 gy=1 gz=1
[rtmod] FEW name=Subtract count=1024
[rtmod] DISPATCH kernel=454 count=1024 gx=4 gy=1 gz=1
[rtmod] DISPATCH kernel=66 count=4 gx=4 gy=1 gz=1
[rtmod] EV-WAIT-ENC tid=471452 ev=0xaaab66025b20 val=2 st=1
[rtmod] COMMIT-NOOP
[rtmod] EV-SIGNAL tid=471452 ev=0xaaab65f2f140 val=1 st=1 host=0
[rtmod] SUBMIT-ENTER tid=471452
[rtmod] SUBMIT tid=471452 cv=89 waits=3 sigs=2 cmds=1
[rtmod] COMMIT-NOOP
[rtmod] EV-WAIT tid=471452 ev=0xaaab65f2f140 val=1 cnt=0 resv=89
[rtmod] DISPATCH kernel=192 count=64 gx=1 gy=1 gz=1
[rtmod] DISPATCH kernel=223 count=64 gx=1 gy=1 gz=1
[rtmod] DISPATCH kernel=26 count=32 gx=2 gy=1 gz=1
[rtmod] DISPATCH kernel=26 count=32 gx=2 gy=1 gz=1
[rtmod] DISPATCH kernel=26 count=64 gx=4 gy=1 gz=1
[rtmod] DISPATCH kernel=223 count=32 gx=1 gy=1 gz=1
[rtmod] DISPATCH kernel=247 count=16 gx=1 gy=1 gz=1
[rtmod] DISPATCH kernel=223 count=64 gx=2 gy=1 gz=1
[rtmod] DISPATCH kernel=58 count=32 gx=1 gy=1 gz=1
[rtmod] DISPATCH kernel=58 count=32 gx=1 gy=1 gz=1
[rtmod] DISPATCH kernel=247 count=32 gx=1 gy=1 gz=1
[rtmod] DISPATCH kernel=9 count=64 gx=1 gy=1 gz=1
[rtmod] FEW name=ScaledDotProductAttention count=64
[rtmod] DISPATCH kernel=452 count=64 gx=1 gy=1 gz=1
[rtmod] DISPATCH kernel=9 count=192 gx=1 gy=1 gz=1
[rtmod] DISPATCH kernel=9 count=192 gx=1 gy=1 gz=1
[rtmod] DISPATCH kernel=23 count=12 gx=1 gy=1 gz=2
[rtmod] DISPATCH kernel=33 count=12 gx=2 gy=1 gz=1
[rtmod] DISPATCH kernel=23 count=64 gx=2 gy=1 gz=2
[rtmod] DISPATCH kernel=10 count=64 gx=1 gy=1 gz=1
[rtmod] DISPATCH kernel=26 count=64 gx=4 gy=1 gz=1
[rtmod] FEW name=Add count=64
[rtmod] DISPATCH kernel=406 count=64 gx=1 gy=1 gz=1
[rtmod] DISPATCH kernel=223 count=64 gx=1 gy=1 gz=1
[rtmod] DISPATCH kernel=26 count=128 gx=8 gy=1 gz=1
[rtmod] DISPATCH kernel=26 count=128 gx=8 gy=1 gz=1
[rtmod] DISPATCH kernel=409 count=128 gx=1 gy=1 gz=1
[rtmod] DISPATCH kernel=29 count=64 gx=16 gy=1 gz=1
[rtmod] FEW name=Add count=64
[rtmod] DISPATCH kernel=406 count=64 gx=1 gy=1 gz=1
[rtmod] DISPATCH kernel=223 count=64 gx=1 gy=1 gz=1
[rtmod] DISPATCH kernel=26 count=32 gx=2 gy=1 gz=1
[rtmod] DISPATCH kernel=26 count=32 gx=2 gy=1 gz=1
[rtmod] DISPATCH kernel=26 count=64 gx=4 gy=1 gz=1
[rtmod] DISPATCH kernel=223 count=32 gx=1 gy=1 gz=1
[rtmod] DISPATCH kernel=247 count=16 gx=1 gy=1 gz=1
[rtmod] DISPATCH kernel=223 count=64 gx=2 gy=1 gz=1
[rtmod] DISPATCH kernel=58 count=32 gx=1 gy=1 gz=1
[rtmod] DISPATCH kernel=58 count=32 gx=1 gy=1 gz=1
[rtmod] DISPATCH kernel=247 count=32 gx=1 gy=1 gz=1
[rtmod] DISPATCH kernel=9 count=64 gx=1 gy=1 gz=1
[rtmod] FEW name=ScaledDotProductAttention count=64
[rtmod] DISPATCH kernel=452 count=64 gx=1 gy=1 gz=1
[rtmod] DISPATCH kernel=9 count=192 gx=1 gy=1 gz=1
[rtmod] DISPATCH kernel=9 count=192 gx=1 gy=1 gz=1
[rtmod] DISPATCH kernel=23 count=12 gx=1 gy=1 gz=2
[rtmod] DISPATCH kernel=33 count=12 gx=2 gy=1 gz=1
[rtmod] DISPATCH kernel=23 count=64 gx=2 gy=1 gz=2
[rtmod] DISPATCH kernel=10 count=64 gx=1 gy=1 gz=1
[rtmod] DISPATCH kernel=26 count=64 gx=4 gy=1 gz=1
[rtmod] FEW name=Add count=64
[rtmod] DISPATCH kernel=406 count=64 gx=1 gy=1 gz=1
[rtmod] DISPATCH kernel=223 count=64 gx=1 gy=1 gz=1
[rtmod] DISPATCH kernel=26 count=128 gx=8 gy=1 gz=1
[rtmod] DISPATCH kernel=26 count=128 gx=8 gy=1 gz=1
[rtmod] DISPATCH kernel=409 count=128 gx=1 gy=1 gz=1
[rtmod] DISPATCH kernel=29 count=64 gx=16 gy=1 gz=1
[rtmod] FEW name=Add count=64
[rtmod] DISPATCH kernel=406 count=64 gx=1 gy=1 gz=1
[rtmod] DISPATCH kernel=223 count=64 gx=1 gy=1 gz=1
[rtmod] DISPATCH kernel=26 count=256 gx=16 gy=1 gz=1
[rtmod] DISPATCH kernel=38 count=1 gx=1 gy=1 gz=1
[rtmod] FEW name=Subtract count=256
[rtmod] DISPATCH kernel=454 count=256 gx=1 gy=1 gz=1
[rtmod] DISPATCH kernel=66 count=1 gx=1 gy=1 gz=1
[rtmod] EV-SIGNAL tid=471452 ev=0xaaab66059960 val=1 st=1 host=0
[rtmod] SUBMIT-ENTER tid=471452
[rtmod] SUBMIT tid=471452 cv=90 waits=1 sigs=2 cmds=1
[rtmod] COMMIT-NOOP
[rtmod] DISPATCH kernel=192 count=64 gx=1 gy=1 gz=1
[rtmod] DISPATCH kernel=223 count=64 gx=1 gy=1 gz=1
[rtmod] DISPATCH kernel=26 count=32 gx=2 gy=1 gz=1
[rtmod] DISPATCH kernel=26 count=32 gx=2 gy=1 gz=1
[rtmod] DISPATCH kernel=26 count=64 gx=4 gy=1 gz=1
[rtmod] DISPATCH kernel=223 count=32 gx=1 gy=1 gz=1
[rtmod] DISPATCH kernel=247 count=16 gx=1 gy=1 gz=1
[rtmod] DISPATCH kernel=223 count=64 gx=2 gy=1 gz=1
[rtmod] DISPATCH kernel=58 count=32 gx=1 gy=1 gz=1
[rtmod] DISPATCH kernel=58 count=32 gx=1 gy=1 gz=1
[rtmod] DISPATCH kernel=247 count=32 gx=1 gy=1 gz=1
[rtmod] DISPATCH kernel=9 count=64 gx=1 gy=1 gz=1
[rtmod] FEW name=ScaledDotProductAttention count=64
[rtmod] DISPATCH kernel=452 count=64 gx=1 gy=1 gz=1
[rtmod] DISPATCH kernel=9 count=224 gx=1 gy=1 gz=1
[rtmod] DISPATCH kernel=9 count=224 gx=1 gy=1 gz=1
[rtmod] DISPATCH kernel=23 count=14 gx=1 gy=1 gz=2
[rtmod] DISPATCH kernel=33 count=14 gx=2 gy=1 gz=1
[rtmod] DISPATCH kernel=23 count=64 gx=2 gy=1 gz=2
[rtmod] DISPATCH kernel=10 count=64 gx=1 gy=1 gz=1
[rtmod] DISPATCH kernel=26 count=64 gx=4 gy=1 gz=1
[rtmod] FEW name=Add count=64
[rtmod] DISPATCH kernel=406 count=64 gx=1 gy=1 gz=1
[rtmod] DISPATCH kernel=223 count=64 gx=1 gy=1 gz=1
[rtmod] DISPATCH kernel=26 count=128 gx=8 gy=1 gz=1
[rtmod] DISPATCH kernel=26 count=128 gx=8 gy=1 gz=1
[rtmod] DISPATCH kernel=409 count=128 gx=1 gy=1 gz=1
[rtmod] DISPATCH kernel=29 count=64 gx=16 gy=1 gz=1
[rtmod] FEW name=Add count=64
[rtmod] DISPATCH kernel=406 count=64 gx=1 gy=1 gz=1
[rtmod] DISPATCH kernel=223 count=64 gx=1 gy=1 gz=1
[rtmod] DISPATCH kernel=26 count=32 gx=2 gy=1 gz=1
[rtmod] DISPATCH kernel=26 count=32 gx=2 gy=1 gz=1
[rtmod] DISPATCH kernel=26 count=64 gx=4 gy=1 gz=1
[rtmod] DISPATCH kernel=223 count=32 gx=1 gy=1 gz=1
[rtmod] DISPATCH kernel=247 count=16 gx=1 gy=1 gz=1
[rtmod] DISPATCH kernel=223 count=64 gx=2 gy=1 gz=1
[rtmod] DISPATCH kernel=58 count=32 gx=1 gy=1 gz=1
[rtmod] DISPATCH kernel=58 count=32 gx=1 gy=1 gz=1
[rtmod] DISPATCH kernel=247 count=32 gx=1 gy=1 gz=1
[rtmod] DISPATCH kernel=9 count=64 gx=1 gy=1 gz=1
[rtmod] FEW name=ScaledDotProductAttention count=64
[rtmod] DISPATCH kernel=452 count=64 gx=1 gy=1 gz=1
[rtmod] DISPATCH kernel=9 count=224 gx=1 gy=1 gz=1
[rtmod] DISPATCH kernel=9 count=224 gx=1 gy=1 gz=1
[rtmod] DISPATCH kernel=23 count=14 gx=1 gy=1 gz=2
[rtmod] DISPATCH kernel=33 count=14 gx=2 gy=1 gz=1
[rtmod] DISPATCH kernel=23 count=64 gx=2 gy=1 gz=2
[rtmod] DISPATCH kernel=10 count=64 gx=1 gy=1 gz=1
[rtmod] DISPATCH kernel=26 count=64 gx=4 gy=1 gz=1
[rtmod] FEW name=Add count=64
[rtmod] DISPATCH kernel=406 count=64 gx=1 gy=1 gz=1
[rtmod] DISPATCH kernel=223 count=64 gx=1 gy=1 gz=1
[rtmod] DISPATCH kernel=26 count=128 gx=8 gy=1 gz=1
[rtmod] DISPATCH kernel=26 count=128 gx=8 gy=1 gz=1
[rtmod] DISPATCH kernel=409 count=128 gx=1 gy=1 gz=1
[rtmod] DISPATCH kernel=29 count=64 gx=16 gy=1 gz=1
[rtmod] FEW name=Add count=64
[rtmod] DISPATCH kernel=406 count=64 gx=1 gy=1 gz=1
[rtmod] DISPATCH kernel=223 count=64 gx=1 gy=1 gz=1
[rtmod] DISPATCH kernel=26 count=256 gx=16 gy=1 gz=1
[rtmod] DISPATCH kernel=38 count=1 gx=1 gy=1 gz=1
[rtmod] FEW name=Subtract count=256
[rtmod] DISPATCH kernel=454 count=256 gx=1 gy=1 gz=1
[rtmod] DISPATCH kernel=66 count=1 gx=1 gy=1 gz=1
[rtmod] EV-SIGNAL tid=471452 ev=0xaaab66057e40 val=1 st=1 host=0
[rtmod] SUBMIT-ENTER tid=471452
[rtmod] SUBMIT tid=471452 cv=91 waits=1 sigs=2 cmds=1
[rtmod] COMMIT-NOOP
[rtmod] DISPATCH kernel=192 count=64 gx=1 gy=1 gz=1
[rtmod] DISPATCH kernel=223 count=64 gx=1 gy=1 gz=1
[rtmod] DISPATCH kernel=26 count=32 gx=2 gy=1 gz=1
[rtmod] DISPATCH kernel=26 count=32 gx=2 gy=1 gz=1
[rtmod] DISPATCH kernel=26 count=64 gx=4 gy=1 gz=1
[rtmod] DISPATCH kernel=223 count=32 gx=1 gy=1 gz=1
[rtmod] DISPATCH kernel=247 count=16 gx=1 gy=1 gz=1
[rtmod] DISPATCH kernel=223 count=64 gx=2 gy=1 gz=1
[rtmod] DISPATCH kernel=58 count=32 gx=1 gy=1 gz=1
[rtmod] DISPATCH kernel=58 count=32 gx=1 gy=1 gz=1
[rtmod] DISPATCH kernel=247 count=32 gx=1 gy=1 gz=1
[rtmod] DISPATCH kernel=9 count=64 gx=1 gy=1 gz=1
[rtmod] FEW name=ScaledDotProductAttention count=64
[rtmod] DISPATCH kernel=452 count=64 gx=1 gy=1 gz=1
[rtmod] DISPATCH kernel=9 count=256 gx=1 gy=1 gz=1
[rtmod] DISPATCH kernel=9 count=256 gx=1 gy=1 gz=1
[rtmod] DISPATCH kernel=23 count=16 gx=1 gy=1 gz=2
[rtmod] DISPATCH kernel=33 count=16 gx=2 gy=1 gz=1
[rtmod] DISPATCH kernel=23 count=64 gx=2 gy=1 gz=2
[rtmod] DISPATCH kernel=10 count=64 gx=1 gy=1 gz=1
[rtmod] DISPATCH kernel=26 count=64 gx=4 gy=1 gz=1
[rtmod] FEW name=Add count=64
[rtmod] DISPATCH kernel=406 count=64 gx=1 gy=1 gz=1
[rtmod] DISPATCH kernel=223 count=64 gx=1 gy=1 gz=1
[rtmod] DISPATCH kernel=26 count=128 gx=8 gy=1 gz=1
[rtmod] DISPATCH kernel=26 count=128 gx=8 gy=1 gz=1
[rtmod] DISPATCH kernel=409 count=128 gx=1 gy=1 gz=1
[rtmod] DISPATCH kernel=29 count=64 gx=16 gy=1 gz=1
[rtmod] FEW name=Add count=64
[rtmod] DISPATCH kernel=406 count=64 gx=1 gy=1 gz=1
[rtmod] DISPATCH kernel=223 count=64 gx=1 gy=1 gz=1
[rtmod] DISPATCH kernel=26 count=32 gx=2 gy=1 gz=1
[rtmod] DISPATCH kernel=26 count=32 gx=2 gy=1 gz=1
[rtmod] DISPATCH kernel=26 count=64 gx=4 gy=1 gz=1
[rtmod] DISPATCH kernel=223 count=32 gx=1 gy=1 gz=1
[rtmod] DISPATCH kernel=247 count=16 gx=1 gy=1 gz=1
[rtmod] DISPATCH kernel=223 count=64 gx=2 gy=1 gz=1
[rtmod] DISPATCH kernel=58 count=32 gx=1 gy=1 gz=1
[rtmod] DISPATCH kernel=58 count=32 gx=1 gy=1 gz=1
[rtmod] DISPATCH kernel=247 count=32 gx=1 gy=1 gz=1
[rtmod] DISPATCH kernel=9 count=64 gx=1 gy=1 gz=1
[rtmod] FEW name=ScaledDotProductAttention count=64
[rtmod] DISPATCH kernel=452 count=64 gx=1 gy=1 gz=1
[rtmod] DISPATCH kernel=9 count=256 gx=1 gy=1 gz=1
[rtmod] DISPATCH kernel=9 count=256 gx=1 gy=1 gz=1
[rtmod] DISPATCH kernel=23 count=16 gx=1 gy=1 gz=2
[rtmod] DISPATCH kernel=33 count=16 gx=2 gy=1 gz=1
[rtmod] DISPATCH kernel=23 count=64 gx=2 gy=1 gz=2
[rtmod] DISPATCH kernel=10 count=64 gx=1 gy=1 gz=1
[rtmod] DISPATCH kernel=26 count=64 gx=4 gy=1 gz=1
[rtmod] FEW name=Add count=64
[rtmod] DISPATCH kernel=406 count=64 gx=1 gy=1 gz=1
[rtmod] DISPATCH kernel=223 count=64 gx=1 gy=1 gz=1
[rtmod] DISPATCH kernel=26 count=128 gx=8 gy=1 gz=1
[rtmod] DISPATCH kernel=26 count=128 gx=8 gy=1 gz=1
[rtmod] DISPATCH kernel=409 count=128 gx=1 gy=1 gz=1
[rtmod] DISPATCH kernel=29 count=64 gx=16 gy=1 gz=1
[rtmod] FEW name=Add count=64
[rtmod] DISPATCH kernel=406 count=64 gx=1 gy=1 gz=1
[rtmod] DISPATCH kernel=223 count=64 gx=1 gy=1 gz=1
[rtmod] DISPATCH kernel=26 count=256 gx=16 gy=1 gz=1
[rtmod] DISPATCH kernel=38 count=1 gx=1 gy=1 gz=1
[rtmod] FEW name=Subtract count=256
[rtmod] DISPATCH kernel=454 count=256 gx=1 gy=1 gz=1
[rtmod] DISPATCH kernel=66 count=1 gx=1 gy=1 gz=1
[rtmod] EV-SIGNAL tid=471452 ev=0xaaab66059d20 val=1 st=1 host=0
[rtmod] SUBMIT-ENTER tid=471452
[rtmod] SUBMIT tid=471452 cv=92 waits=1 sigs=2 cmds=1
[rtmod] COMMIT-NOOP
[rtmod] EV-WAIT-ENC tid=471452 ev=0xaaab66059960 val=1 st=0
[rtmod] EV-WAIT-ENC tid=471452 ev=0xaaab66057e40 val=1 st=0
[rtmod] EV-WAIT-ENC tid=471452 ev=0xaaab66059d20 val=1 st=0
[rtmod] FENCE-UPDATE count=0 st=0
[rtmod] EV-SIGNAL tid=471452 ev=0xaaab659db750 val=1 st=0 host=0
[rtmod] SUBMIT-ENTER tid=471452
[rtmod] SUBMIT tid=471452 cv=93 waits=4 sigs=2 cmds=1
[rtmod] EV-WAIT-ENC tid=471452 ev=0xaaab659db750 val=1 st=0
[rtmod] FENCE-UPDATE count=1 st=0
[rtmod] EV-SIGNAL tid=471452 ev=0xaaab659db750 val=2 st=0 host=0
[rtmod] SUBMIT-ENTER tid=471452
[rtmod] SUBMIT tid=471452 cv=94 waits=2 sigs=2 cmds=1
[rtmod] EV-WAIT-ENC tid=471452 ev=0xaaab659db750 val=2 st=1
[rtmod] DISPATCH kernel=192 count=256 gx=1 gy=1 gz=1
[rtmod] DISPATCH kernel=223 count=256 gx=4 gy=1 gz=1
[rtmod] DISPATCH kernel=26 count=128 gx=2 gy=1 gz=1
[rtmod] DISPATCH kernel=26 count=128 gx=2 gy=1 gz=1
[rtmod] DISPATCH kernel=26 count=256 gx=4 gy=1 gz=1
[rtmod] DISPATCH kernel=223 count=128 gx=4 gy=1 gz=1
[rtmod] DISPATCH kernel=247 count=64 gx=1 gy=1 gz=1
[rtmod] DISPATCH kernel=223 count=256 gx=8 gy=1 gz=1
[rtmod] DISPATCH kernel=58 count=128 gx=1 gy=1 gz=1
[rtmod] DISPATCH kernel=58 count=128 gx=1 gy=1 gz=1
[rtmod] DISPATCH kernel=247 count=128 gx=1 gy=1 gz=1
[rtmod] DISPATCH kernel=9 count=256 gx=1 gy=1 gz=1
[rtmod] FEW name=ScaledDotProductAttention count=256
[rtmod] DISPATCH kernel=452 count=256 gx=1 gy=1 gz=1
[rtmod] DISPATCH kernel=9 count=288 gx=2 gy=1 gz=1
[rtmod] DISPATCH kernel=9 count=288 gx=2 gy=1 gz=1
[rtmod] DISPATCH kernel=23 count=72 gx=1 gy=1 gz=2
[rtmod] DISPATCH kernel=33 count=72 gx=8 gy=1 gz=1
[rtmod] DISPATCH kernel=23 count=256 gx=2 gy=1 gz=2
[rtmod] DISPATCH kernel=10 count=256 gx=1 gy=1 gz=1
[rtmod] DISPATCH kernel=58 count=256 gx=1 gy=1 gz=1
[rtmod] DISPATCH kernel=26 count=256 gx=4 gy=1 gz=1
[rtmod] FEW name=Add count=256
[rtmod] DISPATCH kernel=406 count=256 gx=1 gy=1 gz=1
[rtmod] DISPATCH kernel=223 count=256 gx=4 gy=1 gz=1
[rtmod] DISPATCH kernel=26 count=512 gx=8 gy=1 gz=1
[rtmod] DISPATCH kernel=26 count=512 gx=8 gy=1 gz=1
[rtmod] DISPATCH kernel=409 count=512 gx=1 gy=1 gz=1
[rtmod] DISPATCH kernel=26 count=256 gx=4 gy=1 gz=1
[rtmod] FEW name=Add count=256
[rtmod] DISPATCH kernel=406 count=256 gx=1 gy=1 gz=1
[rtmod] DISPATCH kernel=223 count=256 gx=4 gy=1 gz=1
[rtmod] DISPATCH kernel=26 count=128 gx=2 gy=1 gz=1
[rtmod] DISPATCH kernel=26 count=128 gx=2 gy=1 gz=1
[rtmod] DISPATCH kernel=26 count=256 gx=4 gy=1 gz=1
[rtmod] DISPATCH kernel=223 count=128 gx=4 gy=1 gz=1
[rtmod] DISPATCH kernel=247 count=64 gx=1 gy=1 gz=1
[rtmod] DISPATCH kernel=223 count=256 gx=8 gy=1 gz=1
[rtmod] DISPATCH kernel=58 count=128 gx=1 gy=1 gz=1
[rtmod] DISPATCH kernel=58 count=128 gx=1 gy=1 gz=1
[rtmod] DISPATCH kernel=247 count=128 gx=1 gy=1 gz=1
[rtmod] DISPATCH kernel=9 count=256 gx=1 gy=1 gz=1
[rtmod] FEW name=ScaledDotProductAttention count=256
[rtmod] DISPATCH kernel=452 count=256 gx=1 gy=1 gz=1
[rtmod] DISPATCH kernel=9 count=288 gx=2 gy=1 gz=1
[rtmod] DISPATCH kernel=9 count=288 gx=2 gy=1 gz=1
[rtmod] DISPATCH kernel=23 count=72 gx=1 gy=1 gz=2
[rtmod] DISPATCH kernel=33 count=72 gx=8 gy=1 gz=1
[rtmod] DISPATCH kernel=23 count=256 gx=2 gy=1 gz=2
[rtmod] DISPATCH kernel=10 count=256 gx=1 gy=1 gz=1
[rtmod] DISPATCH kernel=58 count=256 gx=1 gy=1 gz=1
[rtmod] DISPATCH kernel=26 count=256 gx=4 gy=1 gz=1
[rtmod] FEW name=Add count=256
[rtmod] DISPATCH kernel=406 count=256 gx=1 gy=1 gz=1
[rtmod] DISPATCH kernel=223 count=256 gx=4 gy=1 gz=1
[rtmod] DISPATCH kernel=26 count=512 gx=8 gy=1 gz=1
[rtmod] DISPATCH kernel=26 count=512 gx=8 gy=1 gz=1
[rtmod] DISPATCH kernel=409 count=512 gx=1 gy=1 gz=1
[rtmod] DISPATCH kernel=26 count=256 gx=4 gy=1 gz=1
[rtmod] FEW name=Add count=256
[rtmod] DISPATCH kernel=406 count=256 gx=1 gy=1 gz=1
[rtmod] DISPATCH kernel=223 count=256 gx=4 gy=1 gz=1
[rtmod] DISPATCH kernel=26 count=1024 gx=16 gy=1 gz=1
[rtmod] DISPATCH kernel=38 count=4 gx=4 gy=1 gz=1
[rtmod] FEW name=Subtract count=1024
[rtmod] DISPATCH kernel=454 count=1024 gx=4 gy=1 gz=1
[rtmod] DISPATCH kernel=66 count=4 gx=4 gy=1 gz=1
[rtmod] EV-WAIT-ENC tid=471452 ev=0xaaab659db750 val=2 st=1
[rtmod] COMMIT-NOOP
[rtmod] EV-SIGNAL tid=471452 ev=0xaaab66052050 val=1 st=1 host=0
[rtmod] SUBMIT-ENTER tid=471452
[rtmod] SUBMIT tid=471452 cv=95 waits=3 sigs=2 cmds=1
[rtmod] COMMIT-NOOP
[rtmod] EV-WAIT tid=471452 ev=0xaaab66052050 val=1 cnt=0 resv=95
[rtmod] DISPATCH kernel=192 count=64 gx=1 gy=1 gz=1
[rtmod] DISPATCH kernel=223 count=64 gx=1 gy=1 gz=1
[rtmod] DISPATCH kernel=26 count=32 gx=2 gy=1 gz=1
[rtmod] DISPATCH kernel=26 count=32 gx=2 gy=1 gz=1
[rtmod] DISPATCH kernel=26 count=64 gx=4 gy=1 gz=1
[rtmod] DISPATCH kernel=223 count=32 gx=1 gy=1 gz=1
[rtmod] DISPATCH kernel=247 count=16 gx=1 gy=1 gz=1
[rtmod] DISPATCH kernel=223 count=64 gx=2 gy=1 gz=1
[rtmod] DISPATCH kernel=58 count=32 gx=1 gy=1 gz=1
[rtmod] DISPATCH kernel=58 count=32 gx=1 gy=1 gz=1
[rtmod] DISPATCH kernel=247 count=32 gx=1 gy=1 gz=1
[rtmod] DISPATCH kernel=9 count=64 gx=1 gy=1 gz=1
[rtmod] FEW name=ScaledDotProductAttention count=64
[rtmod] DISPATCH kernel=452 count=64 gx=1 gy=1 gz=1
[rtmod] DISPATCH kernel=9 count=224 gx=1 gy=1 gz=1
[rtmod] DISPATCH kernel=9 count=224 gx=1 gy=1 gz=1
[rtmod] DISPATCH kernel=23 count=14 gx=1 gy=1 gz=2
[rtmod] DISPATCH kernel=33 count=14 gx=2 gy=1 gz=1
[rtmod] DISPATCH kernel=23 count=64 gx=2 gy=1 gz=2
[rtmod] DISPATCH kernel=10 count=64 gx=1 gy=1 gz=1
[rtmod] DISPATCH kernel=26 count=64 gx=4 gy=1 gz=1
[rtmod] FEW name=Add count=64
[rtmod] DISPATCH kernel=406 count=64 gx=1 gy=1 gz=1
[rtmod] DISPATCH kernel=223 count=64 gx=1 gy=1 gz=1
[rtmod] DISPATCH kernel=26 count=128 gx=8 gy=1 gz=1
[rtmod] DISPATCH kernel=26 count=128 gx=8 gy=1 gz=1
[rtmod] DISPATCH kernel=409 count=128 gx=1 gy=1 gz=1
[rtmod] DISPATCH kernel=29 count=64 gx=16 gy=1 gz=1
[rtmod] FEW name=Add count=64
[rtmod] DISPATCH kernel=406 count=64 gx=1 gy=1 gz=1
[rtmod] DISPATCH kernel=223 count=64 gx=1 gy=1 gz=1
[rtmod] DISPATCH kernel=26 count=32 gx=2 gy=1 gz=1
[rtmod] DISPATCH kernel=26 count=32 gx=2 gy=1 gz=1
[rtmod] DISPATCH kernel=26 count=64 gx=4 gy=1 gz=1
[rtmod] DISPATCH kernel=223 count=32 gx=1 gy=1 gz=1
[rtmod] DISPATCH kernel=247 count=16 gx=1 gy=1 gz=1
[rtmod] DISPATCH kernel=223 count=64 gx=2 gy=1 gz=1
[rtmod] DISPATCH kernel=58 count=32 gx=1 gy=1 gz=1
[rtmod] DISPATCH kernel=58 count=32 gx=1 gy=1 gz=1
[rtmod] DISPATCH kernel=247 count=32 gx=1 gy=1 gz=1
[rtmod] DISPATCH kernel=9 count=64 gx=1 gy=1 gz=1
[rtmod] FEW name=ScaledDotProductAttention count=64
[rtmod] DISPATCH kernel=452 count=64 gx=1 gy=1 gz=1
[rtmod] DISPATCH kernel=9 count=224 gx=1 gy=1 gz=1
[rtmod] DISPATCH kernel=9 count=224 gx=1 gy=1 gz=1
[rtmod] DISPATCH kernel=23 count=14 gx=1 gy=1 gz=2
[rtmod] DISPATCH kernel=33 count=14 gx=2 gy=1 gz=1
[rtmod] DISPATCH kernel=23 count=64 gx=2 gy=1 gz=2
[rtmod] DISPATCH kernel=10 count=64 gx=1 gy=1 gz=1
[rtmod] DISPATCH kernel=26 count=64 gx=4 gy=1 gz=1
[rtmod] FEW name=Add count=64
[rtmod] DISPATCH kernel=406 count=64 gx=1 gy=1 gz=1
[rtmod] DISPATCH kernel=223 count=64 gx=1 gy=1 gz=1
[rtmod] DISPATCH kernel=26 count=128 gx=8 gy=1 gz=1
[rtmod] DISPATCH kernel=26 count=128 gx=8 gy=1 gz=1
[rtmod] DISPATCH kernel=409 count=128 gx=1 gy=1 gz=1
[rtmod] DISPATCH kernel=29 count=64 gx=16 gy=1 gz=1
[rtmod] FEW name=Add count=64
[rtmod] DISPATCH kernel=406 count=64 gx=1 gy=1 gz=1
[rtmod] DISPATCH kernel=223 count=64 gx=1 gy=1 gz=1
[rtmod] DISPATCH kernel=26 count=256 gx=16 gy=1 gz=1
[rtmod] DISPATCH kernel=38 count=1 gx=1 gy=1 gz=1
[rtmod] FEW name=Subtract count=256
[rtmod] DISPATCH kernel=454 count=256 gx=1 gy=1 gz=1
[rtmod] DISPATCH kernel=66 count=1 gx=1 gy=1 gz=1
[rtmod] EV-SIGNAL tid=471452 ev=0xaaab65f2f140 val=1 st=1 host=0
[rtmod] SUBMIT-ENTER tid=471452
[rtmod] SUBMIT tid=471452 cv=96 waits=1 sigs=2 cmds=1
[rtmod] COMMIT-NOOP
[rtmod] DISPATCH kernel=192 count=64 gx=1 gy=1 gz=1
[rtmod] DISPATCH kernel=223 count=64 gx=1 gy=1 gz=1
[rtmod] DISPATCH kernel=26 count=32 gx=2 gy=1 gz=1
[rtmod] DISPATCH kernel=26 count=32 gx=2 gy=1 gz=1
[rtmod] DISPATCH kernel=26 count=64 gx=4 gy=1 gz=1
[rtmod] DISPATCH kernel=223 count=32 gx=1 gy=1 gz=1
[rtmod] DISPATCH kernel=247 count=16 gx=1 gy=1 gz=1
[rtmod] DISPATCH kernel=223 count=64 gx=2 gy=1 gz=1
[rtmod] DISPATCH kernel=58 count=32 gx=1 gy=1 gz=1
[rtmod] DISPATCH kernel=58 count=32 gx=1 gy=1 gz=1
[rtmod] DISPATCH kernel=247 count=32 gx=1 gy=1 gz=1
[rtmod] DISPATCH kernel=9 count=64 gx=1 gy=1 gz=1
[rtmod] FEW name=ScaledDotProductAttention count=64
[rtmod] DISPATCH kernel=452 count=64 gx=1 gy=1 gz=1
[rtmod] DISPATCH kernel=9 count=256 gx=1 gy=1 gz=1
[rtmod] DISPATCH kernel=9 count=256 gx=1 gy=1 gz=1
[rtmod] DISPATCH kernel=23 count=16 gx=1 gy=1 gz=2
[rtmod] DISPATCH kernel=33 count=16 gx=2 gy=1 gz=1
[rtmod] DISPATCH kernel=23 count=64 gx=2 gy=1 gz=2
[rtmod] DISPATCH kernel=10 count=64 gx=1 gy=1 gz=1
[rtmod] DISPATCH kernel=26 count=64 gx=4 gy=1 gz=1
[rtmod] FEW name=Add count=64
[rtmod] DISPATCH kernel=406 count=64 gx=1 gy=1 gz=1
[rtmod] DISPATCH kernel=223 count=64 gx=1 gy=1 gz=1
[rtmod] DISPATCH kernel=26 count=128 gx=8 gy=1 gz=1
[rtmod] DISPATCH kernel=26 count=128 gx=8 gy=1 gz=1
[rtmod] DISPATCH kernel=409 count=128 gx=1 gy=1 gz=1
[rtmod] DISPATCH kernel=29 count=64 gx=16 gy=1 gz=1
[rtmod] FEW name=Add count=64
[rtmod] DISPATCH kernel=406 count=64 gx=1 gy=1 gz=1
[rtmod] DISPATCH kernel=223 count=64 gx=1 gy=1 gz=1
[rtmod] DISPATCH kernel=26 count=32 gx=2 gy=1 gz=1
[rtmod] DISPATCH kernel=26 count=32 gx=2 gy=1 gz=1
[rtmod] DISPATCH kernel=26 count=64 gx=4 gy=1 gz=1
[rtmod] DISPATCH kernel=223 count=32 gx=1 gy=1 gz=1
[rtmod] DISPATCH kernel=247 count=16 gx=1 gy=1 gz=1
[rtmod] DISPATCH kernel=223 count=64 gx=2 gy=1 gz=1
[rtmod] DISPATCH kernel=58 count=32 gx=1 gy=1 gz=1
[rtmod] DISPATCH kernel=58 count=32 gx=1 gy=1 gz=1
[rtmod] DISPATCH kernel=247 count=32 gx=1 gy=1 gz=1
[rtmod] DISPATCH kernel=9 count=64 gx=1 gy=1 gz=1
[rtmod] FEW name=ScaledDotProductAttention count=64
[rtmod] DISPATCH kernel=452 count=64 gx=1 gy=1 gz=1
[rtmod] DISPATCH kernel=9 count=256 gx=1 gy=1 gz=1
[rtmod] DISPATCH kernel=9 count=256 gx=1 gy=1 gz=1
[rtmod] DISPATCH kernel=23 count=16 gx=1 gy=1 gz=2
[rtmod] DISPATCH kernel=33 count=16 gx=2 gy=1 gz=1
[rtmod] DISPATCH kernel=23 count=64 gx=2 gy=1 gz=2
[rtmod] DISPATCH kernel=10 count=64 gx=1 gy=1 gz=1
[rtmod] DISPATCH kernel=26 count=64 gx=4 gy=1 gz=1
[rtmod] FEW name=Add count=64
[rtmod] DISPATCH kernel=406 count=64 gx=1 gy=1 gz=1
[rtmod] DISPATCH kernel=223 count=64 gx=1 gy=1 gz=1
[rtmod] DISPATCH kernel=26 count=128 gx=8 gy=1 gz=1
[rtmod] DISPATCH kernel=26 count=128 gx=8 gy=1 gz=1
[rtmod] DISPATCH kernel=409 count=128 gx=1 gy=1 gz=1
[rtmod] DISPATCH kernel=29 count=64 gx=16 gy=1 gz=1
[rtmod] FEW name=Add count=64
[rtmod] DISPATCH kernel=406 count=64 gx=1 gy=1 gz=1
[rtmod] DISPATCH kernel=223 count=64 gx=1 gy=1 gz=1
[rtmod] DISPATCH kernel=26 count=256 gx=16 gy=1 gz=1
[rtmod] DISPATCH kernel=38 count=1 gx=1 gy=1 gz=1
[rtmod] FEW name=Subtract count=256
[rtmod] DISPATCH kernel=454 count=256 gx=1 gy=1 gz=1
[rtmod] DISPATCH kernel=66 count=1 gx=1 gy=1 gz=1
[rtmod] EV-SIGNAL tid=471452 ev=0xaaab66025b20 val=1 st=1 host=0
[rtmod] SUBMIT-ENTER tid=471452
[rtmod] SUBMIT tid=471452 cv=97 waits=1 sigs=2 cmds=1
[rtmod] COMMIT-NOOP
[rtmod] DISPATCH kernel=192 count=64 gx=1 gy=1 gz=1
[rtmod] DISPATCH kernel=223 count=64 gx=1 gy=1 gz=1
[rtmod] DISPATCH kernel=26 count=32 gx=2 gy=1 gz=1
[rtmod] DISPATCH kernel=26 count=32 gx=2 gy=1 gz=1
[rtmod] DISPATCH kernel=26 count=64 gx=4 gy=1 gz=1
[rtmod] DISPATCH kernel=223 count=32 gx=1 gy=1 gz=1
[rtmod] DISPATCH kernel=247 count=16 gx=1 gy=1 gz=1
[rtmod] DISPATCH kernel=223 count=64 gx=2 gy=1 gz=1
[rtmod] DISPATCH kernel=58 count=32 gx=1 gy=1 gz=1
[rtmod] DISPATCH kernel=58 count=32 gx=1 gy=1 gz=1
[rtmod] DISPATCH kernel=247 count=32 gx=1 gy=1 gz=1
[rtmod] DISPATCH kernel=9 count=64 gx=1 gy=1 gz=1
[rtmod] FEW name=ScaledDotProductAttention count=64
[rtmod] DISPATCH kernel=452 count=64 gx=1 gy=1 gz=1
[rtmod] DISPATCH kernel=9 count=288 gx=2 gy=1 gz=1
[rtmod] DISPATCH kernel=9 count=288 gx=2 gy=1 gz=1
[rtmod] DISPATCH kernel=23 count=18 gx=1 gy=1 gz=2
[rtmod] DISPATCH kernel=33 count=18 gx=2 gy=1 gz=1
[rtmod] DISPATCH kernel=23 count=64 gx=2 gy=1 gz=2
[rtmod] DISPATCH kernel=10 count=64 gx=1 gy=1 gz=1
[rtmod] DISPATCH kernel=26 count=64 gx=4 gy=1 gz=1
[rtmod] FEW name=Add count=64
[rtmod] DISPATCH kernel=406 count=64 gx=1 gy=1 gz=1
[rtmod] DISPATCH kernel=223 count=64 gx=1 gy=1 gz=1
[rtmod] DISPATCH kernel=26 count=128 gx=8 gy=1 gz=1
[rtmod] DISPATCH kernel=26 count=128 gx=8 gy=1 gz=1
[rtmod] DISPATCH kernel=409 count=128 gx=1 gy=1 gz=1
[rtmod] DISPATCH kernel=29 count=64 gx=16 gy=1 gz=1
[rtmod] FEW name=Add count=64
[rtmod] DISPATCH kernel=406 count=64 gx=1 gy=1 gz=1
[rtmod] DISPATCH kernel=223 count=64 gx=1 gy=1 gz=1
[rtmod] DISPATCH kernel=26 count=32 gx=2 gy=1 gz=1
[rtmod] DISPATCH kernel=26 count=32 gx=2 gy=1 gz=1
[rtmod] DISPATCH kernel=26 count=64 gx=4 gy=1 gz=1
[rtmod] DISPATCH kernel=223 count=32 gx=1 gy=1 gz=1
[rtmod] DISPATCH kernel=247 count=16 gx=1 gy=1 gz=1
[rtmod] DISPATCH kernel=223 count=64 gx=2 gy=1 gz=1
[rtmod] DISPATCH kernel=58 count=32 gx=1 gy=1 gz=1
[rtmod] DISPATCH kernel=58 count=32 gx=1 gy=1 gz=1
[rtmod] DISPATCH kernel=247 count=32 gx=1 gy=1 gz=1
[rtmod] DISPATCH kernel=9 count=64 gx=1 gy=1 gz=1
[rtmod] FEW name=ScaledDotProductAttention count=64
[rtmod] DISPATCH kernel=452 count=64 gx=1 gy=1 gz=1
[rtmod] DISPATCH kernel=9 count=288 gx=2 gy=1 gz=1
[rtmod] DISPATCH kernel=9 count=288 gx=2 gy=1 gz=1
[rtmod] DISPATCH kernel=23 count=18 gx=1 gy=1 gz=2
[rtmod] DISPATCH kernel=33 count=18 gx=2 gy=1 gz=1
[rtmod] DISPATCH kernel=23 count=64 gx=2 gy=1 gz=2
[rtmod] DISPATCH kernel=10 count=64 gx=1 gy=1 gz=1
[rtmod] DISPATCH kernel=26 count=64 gx=4 gy=1 gz=1
[rtmod] FEW name=Add count=64
[rtmod] DISPATCH kernel=406 count=64 gx=1 gy=1 gz=1
[rtmod] DISPATCH kernel=223 count=64 gx=1 gy=1 gz=1
[rtmod] DISPATCH kernel=26 count=128 gx=8 gy=1 gz=1
[rtmod] DISPATCH kernel=26 count=128 gx=8 gy=1 gz=1
[rtmod] DISPATCH kernel=409 count=128 gx=1 gy=1 gz=1
[rtmod] DISPATCH kernel=29 count=64 gx=16 gy=1 gz=1
[rtmod] FEW name=Add count=64
[rtmod] DISPATCH kernel=406 count=64 gx=1 gy=1 gz=1
[rtmod] DISPATCH kernel=223 count=64 gx=1 gy=1 gz=1
[rtmod] DISPATCH kernel=26 count=256 gx=16 gy=1 gz=1
[rtmod] DISPATCH kernel=38 count=1 gx=1 gy=1 gz=1
[rtmod] FEW name=Subtract count=256
[rtmod] DISPATCH kernel=454 count=256 gx=1 gy=1 gz=1
[rtmod] DISPATCH kernel=66 count=1 gx=1 gy=1 gz=1
[rtmod] EV-SIGNAL tid=471452 ev=0xaaab65f1a280 val=1 st=1 host=0
[rtmod] SUBMIT-ENTER tid=471452
[rtmod] SUBMIT tid=471452 cv=98 waits=1 sigs=2 cmds=1
[rtmod] COMMIT-NOOP
[rtmod] EV-WAIT-ENC tid=471452 ev=0xaaab66025b20 val=1 st=0
[rtmod] EV-WAIT-ENC tid=471452 ev=0xaaab65f1a280 val=1 st=0
[rtmod] FENCE-UPDATE count=0 st=0
[rtmod] EV-SIGNAL tid=471452 ev=0xaaab6603da30 val=1 st=0 host=0
[rtmod] SUBMIT-ENTER tid=471452
[rtmod] SUBMIT tid=471452 cv=99 waits=3 sigs=2 cmds=1
[rtmod] EV-WAIT-ENC tid=471452 ev=0xaaab6603da30 val=1 st=0
[rtmod] FENCE-UPDATE count=1 st=0
[rtmod] EV-SIGNAL tid=471452 ev=0xaaab6603da30 val=2 st=0 host=0
[rtmod] SUBMIT-ENTER tid=471452
[rtmod] SUBMIT tid=471452 cv=100 waits=2 sigs=2 cmds=1
[rtmod] EV-WAIT-ENC tid=471452 ev=0xaaab6603da30 val=2 st=1
[rtmod] DISPATCH kernel=192 count=256 gx=1 gy=1 gz=1
[rtmod] DISPATCH kernel=223 count=256 gx=4 gy=1 gz=1
[rtmod] DISPATCH kernel=26 count=128 gx=2 gy=1 gz=1
[rtmod] DISPATCH kernel=26 count=128 gx=2 gy=1 gz=1
[rtmod] DISPATCH kernel=26 count=256 gx=4 gy=1 gz=1
[rtmod] DISPATCH kernel=223 count=128 gx=4 gy=1 gz=1
[rtmod] DISPATCH kernel=247 count=64 gx=1 gy=1 gz=1
[rtmod] DISPATCH kernel=223 count=256 gx=8 gy=1 gz=1
[rtmod] DISPATCH kernel=58 count=128 gx=1 gy=1 gz=1
[rtmod] DISPATCH kernel=58 count=128 gx=1 gy=1 gz=1
[rtmod] DISPATCH kernel=247 count=128 gx=1 gy=1 gz=1
[rtmod] DISPATCH kernel=9 count=256 gx=1 gy=1 gz=1
[rtmod] FEW name=ScaledDotProductAttention count=256
[rtmod] DISPATCH kernel=452 count=256 gx=1 gy=1 gz=1
[rtmod] DISPATCH kernel=9 count=320 gx=2 gy=1 gz=1
[rtmod] DISPATCH kernel=9 count=320 gx=2 gy=1 gz=1
[rtmod] DISPATCH kernel=23 count=80 gx=1 gy=1 gz=2
[rtmod] DISPATCH kernel=33 count=80 gx=8 gy=1 gz=1
[rtmod] DISPATCH kernel=23 count=256 gx=2 gy=1 gz=2
[rtmod] DISPATCH kernel=10 count=256 gx=1 gy=1 gz=1
[rtmod] DISPATCH kernel=58 count=256 gx=1 gy=1 gz=1
[rtmod] DISPATCH kernel=26 count=256 gx=4 gy=1 gz=1
[rtmod] FEW name=Add count=256
[rtmod] DISPATCH kernel=406 count=256 gx=1 gy=1 gz=1
[rtmod] DISPATCH kernel=223 count=256 gx=4 gy=1 gz=1
[rtmod] DISPATCH kernel=26 count=512 gx=8 gy=1 gz=1
[rtmod] DISPATCH kernel=26 count=512 gx=8 gy=1 gz=1
[rtmod] DISPATCH kernel=409 count=512 gx=1 gy=1 gz=1
[rtmod] DISPATCH kernel=26 count=256 gx=4 gy=1 gz=1
[rtmod] FEW name=Add count=256
[rtmod] DISPATCH kernel=406 count=256 gx=1 gy=1 gz=1
[rtmod] DISPATCH kernel=223 count=256 gx=4 gy=1 gz=1
[rtmod] DISPATCH kernel=26 count=128 gx=2 gy=1 gz=1
[rtmod] DISPATCH kernel=26 count=128 gx=2 gy=1 gz=1
[rtmod] DISPATCH kernel=26 count=256 gx=4 gy=1 gz=1
[rtmod] DISPATCH kernel=223 count=128 gx=4 gy=1 gz=1
[rtmod] DISPATCH kernel=247 count=64 gx=1 gy=1 gz=1
[rtmod] DISPATCH kernel=223 count=256 gx=8 gy=1 gz=1
[rtmod] DISPATCH kernel=58 count=128 gx=1 gy=1 gz=1
[rtmod] DISPATCH kernel=58 count=128 gx=1 gy=1 gz=1
[rtmod] DISPATCH kernel=247 count=128 gx=1 gy=1 gz=1
[rtmod] DISPATCH kernel=9 count=256 gx=1 gy=1 gz=1
[rtmod] FEW name=ScaledDotProductAttention count=256
[rtmod] DISPATCH kernel=452 count=256 gx=1 gy=1 gz=1
[rtmod] DISPATCH kernel=9 count=320 gx=2 gy=1 gz=1
[rtmod] DISPATCH kernel=9 count=320 gx=2 gy=1 gz=1
[rtmod] DISPATCH kernel=23 count=80 gx=1 gy=1 gz=2
[rtmod] DISPATCH kernel=33 count=80 gx=8 gy=1 gz=1
[rtmod] DISPATCH kernel=23 count=256 gx=2 gy=1 gz=2
[rtmod] DISPATCH kernel=10 count=256 gx=1 gy=1 gz=1
[rtmod] DISPATCH kernel=58 count=256 gx=1 gy=1 gz=1
[rtmod] DISPATCH kernel=26 count=256 gx=4 gy=1 gz=1
[rtmod] FEW name=Add count=256
[rtmod] DISPATCH kernel=406 count=256 gx=1 gy=1 gz=1
[rtmod] DISPATCH kernel=223 count=256 gx=4 gy=1 gz=1
[rtmod] DISPATCH kernel=26 count=512 gx=8 gy=1 gz=1
[rtmod] DISPATCH kernel=26 count=512 gx=8 gy=1 gz=1
[rtmod] DISPATCH kernel=409 count=512 gx=1 gy=1 gz=1
[rtmod] DISPATCH kernel=26 count=256 gx=4 gy=1 gz=1
[rtmod] FEW name=Add count=256
[rtmod] DISPATCH kernel=406 count=256 gx=1 gy=1 gz=1
[rtmod] DISPATCH kernel=223 count=256 gx=4 gy=1 gz=1
[rtmod] DISPATCH kernel=26 count=1024 gx=16 gy=1 gz=1
[rtmod] DISPATCH kernel=38 count=4 gx=4 gy=1 gz=1
[rtmod] FEW name=Subtract count=1024
[rtmod] DISPATCH kernel=454 count=1024 gx=4 gy=1 gz=1
[rtmod] DISPATCH kernel=66 count=4 gx=4 gy=1 gz=1
[rtmod] EV-WAIT-ENC tid=471452 ev=0xaaab6603da30 val=2 st=1
[rtmod] COMMIT-NOOP
[rtmod] EV-SIGNAL tid=471452 ev=0xaaab65fb0280 val=1 st=1 host=0
[rtmod] SUBMIT-ENTER tid=471452
[rtmod] SUBMIT tid=471452 cv=101 waits=3 sigs=2 cmds=1
[rtmod] COMMIT-NOOP
[rtmod] EV-WAIT tid=471452 ev=0xaaab65fb0280 val=1 cnt=0 resv=101
[rtmod] DISPATCH kernel=192 count=64 gx=1 gy=1 gz=1
[rtmod] DISPATCH kernel=223 count=64 gx=1 gy=1 gz=1
[rtmod] DISPATCH kernel=26 count=32 gx=2 gy=1 gz=1
[rtmod] DISPATCH kernel=26 count=32 gx=2 gy=1 gz=1
[rtmod] DISPATCH kernel=26 count=64 gx=4 gy=1 gz=1
[rtmod] DISPATCH kernel=223 count=32 gx=1 gy=1 gz=1
[rtmod] DISPATCH kernel=247 count=16 gx=1 gy=1 gz=1
[rtmod] DISPATCH kernel=223 count=64 gx=2 gy=1 gz=1
[rtmod] DISPATCH kernel=58 count=32 gx=1 gy=1 gz=1
[rtmod] DISPATCH kernel=58 count=32 gx=1 gy=1 gz=1
[rtmod] DISPATCH kernel=247 count=32 gx=1 gy=1 gz=1
[rtmod] DISPATCH kernel=9 count=64 gx=1 gy=1 gz=1
[rtmod] FEW name=ScaledDotProductAttention count=64
[rtmod] DISPATCH kernel=452 count=64 gx=1 gy=1 gz=1
[rtmod] DISPATCH kernel=9 count=256 gx=1 gy=1 gz=1
[rtmod] DISPATCH kernel=9 count=256 gx=1 gy=1 gz=1
[rtmod] DISPATCH kernel=23 count=16 gx=1 gy=1 gz=2
[rtmod] DISPATCH kernel=33 count=16 gx=2 gy=1 gz=1
[rtmod] DISPATCH kernel=23 count=64 gx=2 gy=1 gz=2
[rtmod] DISPATCH kernel=10 count=64 gx=1 gy=1 gz=1
[rtmod] DISPATCH kernel=26 count=64 gx=4 gy=1 gz=1
[rtmod] FEW name=Add count=64
[rtmod] DISPATCH kernel=406 count=64 gx=1 gy=1 gz=1
[rtmod] DISPATCH kernel=223 count=64 gx=1 gy=1 gz=1
[rtmod] DISPATCH kernel=26 count=128 gx=8 gy=1 gz=1
[rtmod] DISPATCH kernel=26 count=128 gx=8 gy=1 gz=1
[rtmod] DISPATCH kernel=409 count=128 gx=1 gy=1 gz=1
[rtmod] DISPATCH kernel=29 count=64 gx=16 gy=1 gz=1
[rtmod] FEW name=Add count=64
[rtmod] DISPATCH kernel=406 count=64 gx=1 gy=1 gz=1
[rtmod] DISPATCH kernel=223 count=64 gx=1 gy=1 gz=1
[rtmod] DISPATCH kernel=26 count=32 gx=2 gy=1 gz=1
[rtmod] DISPATCH kernel=26 count=32 gx=2 gy=1 gz=1
[rtmod] DISPATCH kernel=26 count=64 gx=4 gy=1 gz=1
[rtmod] DISPATCH kernel=223 count=32 gx=1 gy=1 gz=1
[rtmod] DISPATCH kernel=247 count=16 gx=1 gy=1 gz=1
[rtmod] DISPATCH kernel=223 count=64 gx=2 gy=1 gz=1
[rtmod] DISPATCH kernel=58 count=32 gx=1 gy=1 gz=1
[rtmod] DISPATCH kernel=58 count=32 gx=1 gy=1 gz=1
[rtmod] DISPATCH kernel=247 count=32 gx=1 gy=1 gz=1
[rtmod] DISPATCH kernel=9 count=64 gx=1 gy=1 gz=1
[rtmod] FEW name=ScaledDotProductAttention count=64
[rtmod] DISPATCH kernel=452 count=64 gx=1 gy=1 gz=1
[rtmod] DISPATCH kernel=9 count=256 gx=1 gy=1 gz=1
[rtmod] DISPATCH kernel=9 count=256 gx=1 gy=1 gz=1
[rtmod] DISPATCH kernel=23 count=16 gx=1 gy=1 gz=2
[rtmod] DISPATCH kernel=33 count=16 gx=2 gy=1 gz=1
[rtmod] DISPATCH kernel=23 count=64 gx=2 gy=1 gz=2
[rtmod] DISPATCH kernel=10 count=64 gx=1 gy=1 gz=1
[rtmod] DISPATCH kernel=26 count=64 gx=4 gy=1 gz=1
[rtmod] FEW name=Add count=64
[rtmod] DISPATCH kernel=406 count=64 gx=1 gy=1 gz=1
[rtmod] DISPATCH kernel=223 count=64 gx=1 gy=1 gz=1
[rtmod] DISPATCH kernel=26 count=128 gx=8 gy=1 gz=1
[rtmod] DISPATCH kernel=26 count=128 gx=8 gy=1 gz=1
[rtmod] DISPATCH kernel=409 count=128 gx=1 gy=1 gz=1
[rtmod] DISPATCH kernel=29 count=64 gx=16 gy=1 gz=1
[rtmod] FEW name=Add count=64
[rtmod] DISPATCH kernel=406 count=64 gx=1 gy=1 gz=1
[rtmod] DISPATCH kernel=223 count=64 gx=1 gy=1 gz=1
[rtmod] DISPATCH kernel=26 count=256 gx=16 gy=1 gz=1
[rtmod] DISPATCH kernel=38 count=1 gx=1 gy=1 gz=1
[rtmod] FEW name=Subtract count=256
[rtmod] DISPATCH kernel=454 count=256 gx=1 gy=1 gz=1
[rtmod] DISPATCH kernel=66 count=1 gx=1 gy=1 gz=1
[rtmod] EV-SIGNAL tid=471452 ev=0xaaab66052050 val=1 st=1 host=0
[rtmod] SUBMIT-ENTER tid=471452
[rtmod] SUBMIT tid=471452 cv=102 waits=1 sigs=2 cmds=1
[rtmod] COMMIT-NOOP
[rtmod] DISPATCH kernel=192 count=64 gx=1 gy=1 gz=1
[rtmod] DISPATCH kernel=223 count=64 gx=1 gy=1 gz=1
[rtmod] DISPATCH kernel=26 count=32 gx=2 gy=1 gz=1
[rtmod] DISPATCH kernel=26 count=32 gx=2 gy=1 gz=1
[rtmod] DISPATCH kernel=26 count=64 gx=4 gy=1 gz=1
[rtmod] DISPATCH kernel=223 count=32 gx=1 gy=1 gz=1
[rtmod] DISPATCH kernel=247 count=16 gx=1 gy=1 gz=1
[rtmod] DISPATCH kernel=223 count=64 gx=2 gy=1 gz=1
[rtmod] DISPATCH kernel=58 count=32 gx=1 gy=1 gz=1
[rtmod] DISPATCH kernel=58 count=32 gx=1 gy=1 gz=1
[rtmod] DISPATCH kernel=247 count=32 gx=1 gy=1 gz=1
[rtmod] DISPATCH kernel=9 count=64 gx=1 gy=1 gz=1
[rtmod] FEW name=ScaledDotProductAttention count=64
[rtmod] DISPATCH kernel=452 count=64 gx=1 gy=1 gz=1
[rtmod] DISPATCH kernel=9 count=288 gx=2 gy=1 gz=1
[rtmod] DISPATCH kernel=9 count=288 gx=2 gy=1 gz=1
[rtmod] DISPATCH kernel=23 count=18 gx=1 gy=1 gz=2
[rtmod] DISPATCH kernel=33 count=18 gx=2 gy=1 gz=1
[rtmod] DISPATCH kernel=23 count=64 gx=2 gy=1 gz=2
[rtmod] DISPATCH kernel=10 count=64 gx=1 gy=1 gz=1
[rtmod] DISPATCH kernel=26 count=64 gx=4 gy=1 gz=1
[rtmod] FEW name=Add count=64
[rtmod] DISPATCH kernel=406 count=64 gx=1 gy=1 gz=1
[rtmod] DISPATCH kernel=223 count=64 gx=1 gy=1 gz=1
[rtmod] DISPATCH kernel=26 count=128 gx=8 gy=1 gz=1
[rtmod] DISPATCH kernel=26 count=128 gx=8 gy=1 gz=1
[rtmod] DISPATCH kernel=409 count=128 gx=1 gy=1 gz=1
[rtmod] DISPATCH kernel=29 count=64 gx=16 gy=1 gz=1
[rtmod] FEW name=Add count=64
[rtmod] DISPATCH kernel=406 count=64 gx=1 gy=1 gz=1
[rtmod] DISPATCH kernel=223 count=64 gx=1 gy=1 gz=1
[rtmod] DISPATCH kernel=26 count=32 gx=2 gy=1 gz=1
[rtmod] DISPATCH kernel=26 count=32 gx=2 gy=1 gz=1
[rtmod] DISPATCH kernel=26 count=64 gx=4 gy=1 gz=1
[rtmod] DISPATCH kernel=223 count=32 gx=1 gy=1 gz=1
[rtmod] DISPATCH kernel=247 count=16 gx=1 gy=1 gz=1
[rtmod] DISPATCH kernel=223 count=64 gx=2 gy=1 gz=1
[rtmod] DISPATCH kernel=58 count=32 gx=1 gy=1 gz=1
[rtmod] DISPATCH kernel=58 count=32 gx=1 gy=1 gz=1
[rtmod] DISPATCH kernel=247 count=32 gx=1 gy=1 gz=1
[rtmod] DISPATCH kernel=9 count=64 gx=1 gy=1 gz=1
[rtmod] FEW name=ScaledDotProductAttention count=64
[rtmod] DISPATCH kernel=452 count=64 gx=1 gy=1 gz=1
[rtmod] DISPATCH kernel=9 count=288 gx=2 gy=1 gz=1
[rtmod] DISPATCH kernel=9 count=288 gx=2 gy=1 gz=1
[rtmod] DISPATCH kernel=23 count=18 gx=1 gy=1 gz=2
[rtmod] DISPATCH kernel=33 count=18 gx=2 gy=1 gz=1
[rtmod] DISPATCH kernel=23 count=64 gx=2 gy=1 gz=2
[rtmod] DISPATCH kernel=10 count=64 gx=1 gy=1 gz=1
[rtmod] DISPATCH kernel=26 count=64 gx=4 gy=1 gz=1
[rtmod] FEW name=Add count=64
[rtmod] DISPATCH kernel=406 count=64 gx=1 gy=1 gz=1
[rtmod] DISPATCH kernel=223 count=64 gx=1 gy=1 gz=1
[rtmod] DISPATCH kernel=26 count=128 gx=8 gy=1 gz=1
[rtmod] DISPATCH kernel=26 count=128 gx=8 gy=1 gz=1
[rtmod] DISPATCH kernel=409 count=128 gx=1 gy=1 gz=1
[rtmod] DISPATCH kernel=29 count=64 gx=16 gy=1 gz=1
[rtmod] FEW name=Add count=64
[rtmod] DISPATCH kernel=406 count=64 gx=1 gy=1 gz=1
[rtmod] DISPATCH kernel=223 count=64 gx=1 gy=1 gz=1
[rtmod] DISPATCH kernel=26 count=256 gx=16 gy=1 gz=1
[rtmod] DISPATCH kernel=38 count=1 gx=1 gy=1 gz=1
[rtmod] FEW name=Subtract count=256
[rtmod] DISPATCH kernel=454 count=256 gx=1 gy=1 gz=1
[rtmod] DISPATCH kernel=66 count=1 gx=1 gy=1 gz=1
[rtmod] EV-SIGNAL tid=471452 ev=0xaaab659db750 val=1 st=1 host=0
[rtmod] SUBMIT-ENTER tid=471452
[rtmod] SUBMIT tid=471452 cv=103 waits=1 sigs=2 cmds=1
[rtmod] COMMIT-NOOP
[rtmod] DISPATCH kernel=192 count=64 gx=1 gy=1 gz=1
[rtmod] DISPATCH kernel=223 count=64 gx=1 gy=1 gz=1
[rtmod] DISPATCH kernel=26 count=32 gx=2 gy=1 gz=1
[rtmod] DISPATCH kernel=26 count=32 gx=2 gy=1 gz=1
[rtmod] DISPATCH kernel=26 count=64 gx=4 gy=1 gz=1
[rtmod] DISPATCH kernel=223 count=32 gx=1 gy=1 gz=1
[rtmod] DISPATCH kernel=247 count=16 gx=1 gy=1 gz=1
[rtmod] DISPATCH kernel=223 count=64 gx=2 gy=1 gz=1
[rtmod] DISPATCH kernel=58 count=32 gx=1 gy=1 gz=1
[rtmod] DISPATCH kernel=58 count=32 gx=1 gy=1 gz=1
[rtmod] DISPATCH kernel=247 count=32 gx=1 gy=1 gz=1
[rtmod] DISPATCH kernel=9 count=64 gx=1 gy=1 gz=1
[rtmod] FEW name=ScaledDotProductAttention count=64
[rtmod] DISPATCH kernel=452 count=64 gx=1 gy=1 gz=1
[rtmod] DISPATCH kernel=9 count=320 gx=2 gy=1 gz=1
[rtmod] DISPATCH kernel=9 count=320 gx=2 gy=1 gz=1
[rtmod] DISPATCH kernel=23 count=20 gx=1 gy=1 gz=2
[rtmod] DISPATCH kernel=33 count=20 gx=2 gy=1 gz=1
[rtmod] DISPATCH kernel=23 count=64 gx=2 gy=1 gz=2
[rtmod] DISPATCH kernel=10 count=64 gx=1 gy=1 gz=1
[rtmod] DISPATCH kernel=26 count=64 gx=4 gy=1 gz=1
[rtmod] FEW name=Add count=64
[rtmod] DISPATCH kernel=406 count=64 gx=1 gy=1 gz=1
[rtmod] DISPATCH kernel=223 count=64 gx=1 gy=1 gz=1
[rtmod] DISPATCH kernel=26 count=128 gx=8 gy=1 gz=1
[rtmod] DISPATCH kernel=26 count=128 gx=8 gy=1 gz=1
[rtmod] DISPATCH kernel=409 count=128 gx=1 gy=1 gz=1
[rtmod] DISPATCH kernel=29 count=64 gx=16 gy=1 gz=1
[rtmod] FEW name=Add count=64
[rtmod] DISPATCH kernel=406 count=64 gx=1 gy=1 gz=1
[rtmod] DISPATCH kernel=223 count=64 gx=1 gy=1 gz=1
[rtmod] DISPATCH kernel=26 count=32 gx=2 gy=1 gz=1
[rtmod] DISPATCH kernel=26 count=32 gx=2 gy=1 gz=1
[rtmod] DISPATCH kernel=26 count=64 gx=4 gy=1 gz=1
[rtmod] DISPATCH kernel=223 count=32 gx=1 gy=1 gz=1
[rtmod] DISPATCH kernel=247 count=16 gx=1 gy=1 gz=1
[rtmod] DISPATCH kernel=223 count=64 gx=2 gy=1 gz=1
[rtmod] DISPATCH kernel=58 count=32 gx=1 gy=1 gz=1
[rtmod] DISPATCH kernel=58 count=32 gx=1 gy=1 gz=1
[rtmod] DISPATCH kernel=247 count=32 gx=1 gy=1 gz=1
[rtmod] DISPATCH kernel=9 count=64 gx=1 gy=1 gz=1
[rtmod] FEW name=ScaledDotProductAttention count=64
[rtmod] DISPATCH kernel=452 count=64 gx=1 gy=1 gz=1
[rtmod] DISPATCH kernel=9 count=320 gx=2 gy=1 gz=1
[rtmod] DISPATCH kernel=9 count=320 gx=2 gy=1 gz=1
[rtmod] DISPATCH kernel=23 count=20 gx=1 gy=1 gz=2
[rtmod] DISPATCH kernel=33 count=20 gx=2 gy=1 gz=1
[rtmod] DISPATCH kernel=23 count=64 gx=2 gy=1 gz=2
[rtmod] DISPATCH kernel=10 count=64 gx=1 gy=1 gz=1
[rtmod] DISPATCH kernel=26 count=64 gx=4 gy=1 gz=1
[rtmod] FEW name=Add count=64
[rtmod] DISPATCH kernel=406 count=64 gx=1 gy=1 gz=1
[rtmod] DISPATCH kernel=223 count=64 gx=1 gy=1 gz=1
[rtmod] DISPATCH kernel=26 count=128 gx=8 gy=1 gz=1
[rtmod] DISPATCH kernel=26 count=128 gx=8 gy=1 gz=1
[rtmod] DISPATCH kernel=409 count=128 gx=1 gy=1 gz=1
[rtmod] DISPATCH kernel=29 count=64 gx=16 gy=1 gz=1
[rtmod] FEW name=Add count=64
[rtmod] DISPATCH kernel=406 count=64 gx=1 gy=1 gz=1
[rtmod] DISPATCH kernel=223 count=64 gx=1 gy=1 gz=1
[rtmod] DISPATCH kernel=26 count=256 gx=16 gy=1 gz=1
[rtmod] DISPATCH kernel=38 count=1 gx=1 gy=1 gz=1
[rtmod] FEW name=Subtract count=256
[rtmod] DISPATCH kernel=454 count=256 gx=1 gy=1 gz=1
[rtmod] DISPATCH kernel=66 count=1 gx=1 gy=1 gz=1
[rtmod] EV-SIGNAL tid=471452 ev=0xaaab66059d20 val=1 st=1 host=0
[rtmod] SUBMIT-ENTER tid=471452
[rtmod] SUBMIT tid=471452 cv=104 waits=1 sigs=2 cmds=1
[rtmod] COMMIT-NOOP
[rtmod] EV-WAIT-ENC tid=471452 ev=0xaaab659db750 val=1 st=0
[rtmod] EV-WAIT-ENC tid=471452 ev=0xaaab66059d20 val=1 st=0
[rtmod] FENCE-UPDATE count=0 st=0
[rtmod] EV-SIGNAL tid=471452 ev=0xaaab66059960 val=1 st=0 host=0
[rtmod] SUBMIT-ENTER tid=471452
[rtmod] SUBMIT tid=471452 cv=105 waits=3 sigs=2 cmds=1
[rtmod] EV-WAIT-ENC tid=471452 ev=0xaaab66059960 val=1 st=0
[rtmod] FENCE-UPDATE count=1 st=0
[rtmod] EV-SIGNAL tid=471452 ev=0xaaab66059960 val=2 st=0 host=0
[rtmod] SUBMIT-ENTER tid=471452
[rtmod] SUBMIT tid=471452 cv=106 waits=2 sigs=2 cmds=1
[rtmod] EV-WAIT-ENC tid=471452 ev=0xaaab66059960 val=2 st=1
[rtmod] DISPATCH kernel=192 count=256 gx=1 gy=1 gz=1
[rtmod] DISPATCH kernel=223 count=256 gx=4 gy=1 gz=1
[rtmod] DISPATCH kernel=26 count=128 gx=2 gy=1 gz=1
[rtmod] DISPATCH kernel=26 count=128 gx=2 gy=1 gz=1
[rtmod] DISPATCH kernel=26 count=256 gx=4 gy=1 gz=1
[rtmod] DISPATCH kernel=223 count=128 gx=4 gy=1 gz=1
[rtmod] DISPATCH kernel=247 count=64 gx=1 gy=1 gz=1
[rtmod] DISPATCH kernel=223 count=256 gx=8 gy=1 gz=1
[rtmod] DISPATCH kernel=58 count=128 gx=1 gy=1 gz=1
[rtmod] DISPATCH kernel=58 count=128 gx=1 gy=1 gz=1
[rtmod] DISPATCH kernel=247 count=128 gx=1 gy=1 gz=1
[rtmod] DISPATCH kernel=9 count=256 gx=1 gy=1 gz=1
[rtmod] FEW name=ScaledDotProductAttention count=256
[rtmod] DISPATCH kernel=452 count=256 gx=1 gy=1 gz=1
[rtmod] DISPATCH kernel=9 count=352 gx=2 gy=1 gz=1
[rtmod] DISPATCH kernel=9 count=352 gx=2 gy=1 gz=1
[rtmod] DISPATCH kernel=23 count=88 gx=1 gy=1 gz=2
[rtmod] DISPATCH kernel=33 count=88 gx=8 gy=1 gz=1
[rtmod] DISPATCH kernel=23 count=256 gx=2 gy=1 gz=2
[rtmod] DISPATCH kernel=10 count=256 gx=1 gy=1 gz=1
[rtmod] DISPATCH kernel=58 count=256 gx=1 gy=1 gz=1
[rtmod] DISPATCH kernel=26 count=256 gx=4 gy=1 gz=1
[rtmod] FEW name=Add count=256
[rtmod] DISPATCH kernel=406 count=256 gx=1 gy=1 gz=1
[rtmod] DISPATCH kernel=223 count=256 gx=4 gy=1 gz=1
[rtmod] DISPATCH kernel=26 count=512 gx=8 gy=1 gz=1
[rtmod] DISPATCH kernel=26 count=512 gx=8 gy=1 gz=1
[rtmod] DISPATCH kernel=409 count=512 gx=1 gy=1 gz=1
[rtmod] DISPATCH kernel=26 count=256 gx=4 gy=1 gz=1
[rtmod] FEW name=Add count=256
[rtmod] DISPATCH kernel=406 count=256 gx=1 gy=1 gz=1
[rtmod] DISPATCH kernel=223 count=256 gx=4 gy=1 gz=1
[rtmod] DISPATCH kernel=26 count=128 gx=2 gy=1 gz=1
[rtmod] DISPATCH kernel=26 count=128 gx=2 gy=1 gz=1
[rtmod] DISPATCH kernel=26 count=256 gx=4 gy=1 gz=1
[rtmod] DISPATCH kernel=223 count=128 gx=4 gy=1 gz=1
[rtmod] DISPATCH kernel=247 count=64 gx=1 gy=1 gz=1
[rtmod] DISPATCH kernel=223 count=256 gx=8 gy=1 gz=1
[rtmod] DISPATCH kernel=58 count=128 gx=1 gy=1 gz=1
[rtmod] DISPATCH kernel=58 count=128 gx=1 gy=1 gz=1
[rtmod] DISPATCH kernel=247 count=128 gx=1 gy=1 gz=1
[rtmod] DISPATCH kernel=9 count=256 gx=1 gy=1 gz=1
[rtmod] FEW name=ScaledDotProductAttention count=256
[rtmod] DISPATCH kernel=452 count=256 gx=1 gy=1 gz=1
[rtmod] DISPATCH kernel=9 count=352 gx=2 gy=1 gz=1
[rtmod] DISPATCH kernel=9 count=352 gx=2 gy=1 gz=1
[rtmod] DISPATCH kernel=23 count=88 gx=1 gy=1 gz=2
[rtmod] DISPATCH kernel=33 count=88 gx=8 gy=1 gz=1
[rtmod] DISPATCH kernel=23 count=256 gx=2 gy=1 gz=2
[rtmod] DISPATCH kernel=10 count=256 gx=1 gy=1 gz=1
[rtmod] DISPATCH kernel=58 count=256 gx=1 gy=1 gz=1
[rtmod] DISPATCH kernel=26 count=256 gx=4 gy=1 gz=1
[rtmod] FEW name=Add count=256
[rtmod] DISPATCH kernel=406 count=256 gx=1 gy=1 gz=1
[rtmod] DISPATCH kernel=223 count=256 gx=4 gy=1 gz=1
[rtmod] DISPATCH kernel=26 count=512 gx=8 gy=1 gz=1
[rtmod] DISPATCH kernel=26 count=512 gx=8 gy=1 gz=1
[rtmod] DISPATCH kernel=409 count=512 gx=1 gy=1 gz=1
[rtmod] DISPATCH kernel=26 count=256 gx=4 gy=1 gz=1
[rtmod] FEW name=Add count=256
[rtmod] DISPATCH kernel=406 count=256 gx=1 gy=1 gz=1
[rtmod] DISPATCH kernel=223 count=256 gx=4 gy=1 gz=1
[rtmod] DISPATCH kernel=26 count=1024 gx=16 gy=1 gz=1
[rtmod] DISPATCH kernel=38 count=4 gx=4 gy=1 gz=1
[rtmod] FEW name=Subtract count=1024
[rtmod] DISPATCH kernel=454 count=1024 gx=4 gy=1 gz=1
[rtmod] DISPATCH kernel=66 count=4 gx=4 gy=1 gz=1
[rtmod] EV-WAIT-ENC tid=471452 ev=0xaaab66059960 val=2 st=1
[rtmod] COMMIT-NOOP
[rtmod] EV-SIGNAL tid=471452 ev=0xaaab66057e40 val=1 st=1 host=0
[rtmod] SUBMIT-ENTER tid=471452
[rtmod] SUBMIT tid=471452 cv=107 waits=3 sigs=2 cmds=1
[rtmod] COMMIT-NOOP
[rtmod] EV-WAIT tid=471452 ev=0xaaab66057e40 val=1 cnt=0 resv=107
[rtmod] DISPATCH kernel=192 count=64 gx=1 gy=1 gz=1
[rtmod] DISPATCH kernel=223 count=64 gx=1 gy=1 gz=1
[rtmod] DISPATCH kernel=26 count=32 gx=2 gy=1 gz=1
[rtmod] DISPATCH kernel=26 count=32 gx=2 gy=1 gz=1
[rtmod] DISPATCH kernel=26 count=64 gx=4 gy=1 gz=1
[rtmod] DISPATCH kernel=223 count=32 gx=1 gy=1 gz=1
[rtmod] DISPATCH kernel=247 count=16 gx=1 gy=1 gz=1
[rtmod] DISPATCH kernel=223 count=64 gx=2 gy=1 gz=1
[rtmod] DISPATCH kernel=58 count=32 gx=1 gy=1 gz=1
[rtmod] DISPATCH kernel=58 count=32 gx=1 gy=1 gz=1
[rtmod] DISPATCH kernel=247 count=32 gx=1 gy=1 gz=1
[rtmod] DISPATCH kernel=9 count=64 gx=1 gy=1 gz=1
[rtmod] FEW name=ScaledDotProductAttention count=64
[rtmod] DISPATCH kernel=452 count=64 gx=1 gy=1 gz=1
[rtmod] DISPATCH kernel=9 count=288 gx=2 gy=1 gz=1
[rtmod] DISPATCH kernel=9 count=288 gx=2 gy=1 gz=1
[rtmod] DISPATCH kernel=23 count=18 gx=1 gy=1 gz=2
[rtmod] DISPATCH kernel=33 count=18 gx=2 gy=1 gz=1
[rtmod] DISPATCH kernel=23 count=64 gx=2 gy=1 gz=2
[rtmod] DISPATCH kernel=10 count=64 gx=1 gy=1 gz=1
[rtmod] DISPATCH kernel=26 count=64 gx=4 gy=1 gz=1
[rtmod] FEW name=Add count=64
[rtmod] DISPATCH kernel=406 count=64 gx=1 gy=1 gz=1
[rtmod] DISPATCH kernel=223 count=64 gx=1 gy=1 gz=1
[rtmod] DISPATCH kernel=26 count=128 gx=8 gy=1 gz=1
[rtmod] DISPATCH kernel=26 count=128 gx=8 gy=1 gz=1
[rtmod] DISPATCH kernel=409 count=128 gx=1 gy=1 gz=1
[rtmod] DISPATCH kernel=29 count=64 gx=16 gy=1 gz=1
[rtmod] FEW name=Add count=64
[rtmod] DISPATCH kernel=406 count=64 gx=1 gy=1 gz=1
[rtmod] DISPATCH kernel=223 count=64 gx=1 gy=1 gz=1
[rtmod] DISPATCH kernel=26 count=32 gx=2 gy=1 gz=1
[rtmod] DISPATCH kernel=26 count=32 gx=2 gy=1 gz=1
[rtmod] DISPATCH kernel=26 count=64 gx=4 gy=1 gz=1
[rtmod] DISPATCH kernel=223 count=32 gx=1 gy=1 gz=1
[rtmod] DISPATCH kernel=247 count=16 gx=1 gy=1 gz=1
[rtmod] DISPATCH kernel=223 count=64 gx=2 gy=1 gz=1
[rtmod] DISPATCH kernel=58 count=32 gx=1 gy=1 gz=1
[rtmod] DISPATCH kernel=58 count=32 gx=1 gy=1 gz=1
[rtmod] DISPATCH kernel=247 count=32 gx=1 gy=1 gz=1
[rtmod] DISPATCH kernel=9 count=64 gx=1 gy=1 gz=1
[rtmod] FEW name=ScaledDotProductAttention count=64
[rtmod] DISPATCH kernel=452 count=64 gx=1 gy=1 gz=1
[rtmod] DISPATCH kernel=9 count=288 gx=2 gy=1 gz=1
[rtmod] DISPATCH kernel=9 count=288 gx=2 gy=1 gz=1
[rtmod] DISPATCH kernel=23 count=18 gx=1 gy=1 gz=2
[rtmod] DISPATCH kernel=33 count=18 gx=2 gy=1 gz=1
[rtmod] DISPATCH kernel=23 count=64 gx=2 gy=1 gz=2
[rtmod] DISPATCH kernel=10 count=64 gx=1 gy=1 gz=1
[rtmod] DISPATCH kernel=26 count=64 gx=4 gy=1 gz=1
[rtmod] FEW name=Add count=64
[rtmod] DISPATCH kernel=406 count=64 gx=1 gy=1 gz=1
[rtmod] DISPATCH kernel=223 count=64 gx=1 gy=1 gz=1
[rtmod] DISPATCH kernel=26 count=128 gx=8 gy=1 gz=1
[rtmod] DISPATCH kernel=26 count=128 gx=8 gy=1 gz=1
[rtmod] DISPATCH kernel=409 count=128 gx=1 gy=1 gz=1
[rtmod] DISPATCH kernel=29 count=64 gx=16 gy=1 gz=1
[rtmod] FEW name=Add count=64
[rtmod] DISPATCH kernel=406 count=64 gx=1 gy=1 gz=1
[rtmod] DISPATCH kernel=223 count=64 gx=1 gy=1 gz=1
[rtmod] DISPATCH kernel=26 count=256 gx=16 gy=1 gz=1
[rtmod] DISPATCH kernel=38 count=1 gx=1 gy=1 gz=1
[rtmod] FEW name=Subtract count=256
[rtmod] DISPATCH kernel=454 count=256 gx=1 gy=1 gz=1
[rtmod] DISPATCH kernel=66 count=1 gx=1 gy=1 gz=1
[rtmod] EV-SIGNAL tid=471452 ev=0xaaab65fb0280 val=1 st=1 host=0
[rtmod] SUBMIT-ENTER tid=471452
[rtmod] SUBMIT tid=471452 cv=108 waits=1 sigs=2 cmds=1
[rtmod] COMMIT-NOOP
[rtmod] DISPATCH kernel=192 count=64 gx=1 gy=1 gz=1
[rtmod] DISPATCH kernel=223 count=64 gx=1 gy=1 gz=1
[rtmod] DISPATCH kernel=26 count=32 gx=2 gy=1 gz=1
[rtmod] DISPATCH kernel=26 count=32 gx=2 gy=1 gz=1
[rtmod] DISPATCH kernel=26 count=64 gx=4 gy=1 gz=1
[rtmod] DISPATCH kernel=223 count=32 gx=1 gy=1 gz=1
[rtmod] DISPATCH kernel=247 count=16 gx=1 gy=1 gz=1
[rtmod] DISPATCH kernel=223 count=64 gx=2 gy=1 gz=1
[rtmod] DISPATCH kernel=58 count=32 gx=1 gy=1 gz=1
[rtmod] DISPATCH kernel=58 count=32 gx=1 gy=1 gz=1
[rtmod] DISPATCH kernel=247 count=32 gx=1 gy=1 gz=1
[rtmod] DISPATCH kernel=9 count=64 gx=1 gy=1 gz=1
[rtmod] FEW name=ScaledDotProductAttention count=64
[rtmod] DISPATCH kernel=452 count=64 gx=1 gy=1 gz=1
[rtmod] DISPATCH kernel=9 count=320 gx=2 gy=1 gz=1
[rtmod] DISPATCH kernel=9 count=320 gx=2 gy=1 gz=1
[rtmod] DISPATCH kernel=23 count=20 gx=1 gy=1 gz=2
[rtmod] DISPATCH kernel=33 count=20 gx=2 gy=1 gz=1
[rtmod] DISPATCH kernel=23 count=64 gx=2 gy=1 gz=2
[rtmod] DISPATCH kernel=10 count=64 gx=1 gy=1 gz=1
[rtmod] DISPATCH kernel=26 count=64 gx=4 gy=1 gz=1
[rtmod] FEW name=Add count=64
[rtmod] DISPATCH kernel=406 count=64 gx=1 gy=1 gz=1
[rtmod] DISPATCH kernel=223 count=64 gx=1 gy=1 gz=1
[rtmod] DISPATCH kernel=26 count=128 gx=8 gy=1 gz=1
[rtmod] DISPATCH kernel=26 count=128 gx=8 gy=1 gz=1
[rtmod] DISPATCH kernel=409 count=128 gx=1 gy=1 gz=1
[rtmod] DISPATCH kernel=29 count=64 gx=16 gy=1 gz=1
[rtmod] FEW name=Add count=64
[rtmod] DISPATCH kernel=406 count=64 gx=1 gy=1 gz=1
[rtmod] DISPATCH kernel=223 count=64 gx=1 gy=1 gz=1
[rtmod] DISPATCH kernel=26 count=32 gx=2 gy=1 gz=1
[rtmod] DISPATCH kernel=26 count=32 gx=2 gy=1 gz=1
[rtmod] DISPATCH kernel=26 count=64 gx=4 gy=1 gz=1
[rtmod] DISPATCH kernel=223 count=32 gx=1 gy=1 gz=1
[rtmod] DISPATCH kernel=247 count=16 gx=1 gy=1 gz=1
[rtmod] DISPATCH kernel=223 count=64 gx=2 gy=1 gz=1
[rtmod] DISPATCH kernel=58 count=32 gx=1 gy=1 gz=1
[rtmod] DISPATCH kernel=58 count=32 gx=1 gy=1 gz=1
[rtmod] DISPATCH kernel=247 count=32 gx=1 gy=1 gz=1
[rtmod] DISPATCH kernel=9 count=64 gx=1 gy=1 gz=1
[rtmod] FEW name=ScaledDotProductAttention count=64
[rtmod] DISPATCH kernel=452 count=64 gx=1 gy=1 gz=1
[rtmod] DISPATCH kernel=9 count=320 gx=2 gy=1 gz=1
[rtmod] DISPATCH kernel=9 count=320 gx=2 gy=1 gz=1
[rtmod] DISPATCH kernel=23 count=20 gx=1 gy=1 gz=2
[rtmod] DISPATCH kernel=33 count=20 gx=2 gy=1 gz=1
[rtmod] DISPATCH kernel=23 count=64 gx=2 gy=1 gz=2
[rtmod] DISPATCH kernel=10 count=64 gx=1 gy=1 gz=1
[rtmod] DISPATCH kernel=26 count=64 gx=4 gy=1 gz=1
[rtmod] FEW name=Add count=64
[rtmod] DISPATCH kernel=406 count=64 gx=1 gy=1 gz=1
[rtmod] DISPATCH kernel=223 count=64 gx=1 gy=1 gz=1
[rtmod] DISPATCH kernel=26 count=128 gx=8 gy=1 gz=1
[rtmod] DISPATCH kernel=26 count=128 gx=8 gy=1 gz=1
[rtmod] DISPATCH kernel=409 count=128 gx=1 gy=1 gz=1
[rtmod] DISPATCH kernel=29 count=64 gx=16 gy=1 gz=1
[rtmod] FEW name=Add count=64
[rtmod] DISPATCH kernel=406 count=64 gx=1 gy=1 gz=1
[rtmod] DISPATCH kernel=223 count=64 gx=1 gy=1 gz=1
[rtmod] DISPATCH kernel=26 count=256 gx=16 gy=1 gz=1
[rtmod] DISPATCH kernel=38 count=1 gx=1 gy=1 gz=1
[rtmod] FEW name=Subtract count=256
[rtmod] DISPATCH kernel=454 count=256 gx=1 gy=1 gz=1
[rtmod] DISPATCH kernel=66 count=1 gx=1 gy=1 gz=1
[rtmod] EV-SIGNAL tid=471452 ev=0xaaab6603da30 val=1 st=1 host=0
[rtmod] SUBMIT-ENTER tid=471452
[rtmod] SUBMIT tid=471452 cv=109 waits=1 sigs=2 cmds=1
[rtmod] COMMIT-NOOP
[rtmod] DISPATCH kernel=192 count=64 gx=1 gy=1 gz=1
[rtmod] DISPATCH kernel=223 count=64 gx=1 gy=1 gz=1
[rtmod] DISPATCH kernel=26 count=32 gx=2 gy=1 gz=1
[rtmod] DISPATCH kernel=26 count=32 gx=2 gy=1 gz=1
[rtmod] DISPATCH kernel=26 count=64 gx=4 gy=1 gz=1
[rtmod] DISPATCH kernel=223 count=32 gx=1 gy=1 gz=1
[rtmod] DISPATCH kernel=247 count=16 gx=1 gy=1 gz=1
[rtmod] DISPATCH kernel=223 count=64 gx=2 gy=1 gz=1
[rtmod] DISPATCH kernel=58 count=32 gx=1 gy=1 gz=1
[rtmod] DISPATCH kernel=58 count=32 gx=1 gy=1 gz=1
[rtmod] DISPATCH kernel=247 count=32 gx=1 gy=1 gz=1
[rtmod] DISPATCH kernel=9 count=64 gx=1 gy=1 gz=1
[rtmod] FEW name=ScaledDotProductAttention count=64
[rtmod] DISPATCH kernel=452 count=64 gx=1 gy=1 gz=1
[rtmod] DISPATCH kernel=9 count=352 gx=2 gy=1 gz=1
[rtmod] DISPATCH kernel=9 count=352 gx=2 gy=1 gz=1
[rtmod] DISPATCH kernel=23 count=22 gx=1 gy=1 gz=2
[rtmod] DISPATCH kernel=33 count=22 gx=2 gy=1 gz=1
[rtmod] DISPATCH kernel=23 count=64 gx=2 gy=1 gz=2
[rtmod] DISPATCH kernel=10 count=64 gx=1 gy=1 gz=1
[rtmod] DISPATCH kernel=26 count=64 gx=4 gy=1 gz=1
[rtmod] FEW name=Add count=64
[rtmod] DISPATCH kernel=406 count=64 gx=1 gy=1 gz=1
[rtmod] DISPATCH kernel=223 count=64 gx=1 gy=1 gz=1
[rtmod] DISPATCH kernel=26 count=128 gx=8 gy=1 gz=1
[rtmod] DISPATCH kernel=26 count=128 gx=8 gy=1 gz=1
[rtmod] DISPATCH kernel=409 count=128 gx=1 gy=1 gz=1
[rtmod] DISPATCH kernel=29 count=64 gx=16 gy=1 gz=1
[rtmod] FEW name=Add count=64
[rtmod] DISPATCH kernel=406 count=64 gx=1 gy=1 gz=1
[rtmod] DISPATCH kernel=223 count=64 gx=1 gy=1 gz=1
[rtmod] DISPATCH kernel=26 count=32 gx=2 gy=1 gz=1
[rtmod] DISPATCH kernel=26 count=32 gx=2 gy=1 gz=1
[rtmod] DISPATCH kernel=26 count=64 gx=4 gy=1 gz=1
[rtmod] DISPATCH kernel=223 count=32 gx=1 gy=1 gz=1
[rtmod] DISPATCH kernel=247 count=16 gx=1 gy=1 gz=1
[rtmod] DISPATCH kernel=223 count=64 gx=2 gy=1 gz=1
[rtmod] DISPATCH kernel=58 count=32 gx=1 gy=1 gz=1
[rtmod] DISPATCH kernel=58 count=32 gx=1 gy=1 gz=1
[rtmod] DISPATCH kernel=247 count=32 gx=1 gy=1 gz=1
[rtmod] DISPATCH kernel=9 count=64 gx=1 gy=1 gz=1
[rtmod] FEW name=ScaledDotProductAttention count=64
[rtmod] DISPATCH kernel=452 count=64 gx=1 gy=1 gz=1
[rtmod] DISPATCH kernel=9 count=352 gx=2 gy=1 gz=1
[rtmod] DISPATCH kernel=9 count=352 gx=2 gy=1 gz=1
[rtmod] DISPATCH kernel=23 count=22 gx=1 gy=1 gz=2
[rtmod] DISPATCH kernel=33 count=22 gx=2 gy=1 gz=1
[rtmod] DISPATCH kernel=23 count=64 gx=2 gy=1 gz=2
[rtmod] DISPATCH kernel=10 count=64 gx=1 gy=1 gz=1
[rtmod] DISPATCH kernel=26 count=64 gx=4 gy=1 gz=1
[rtmod] FEW name=Add count=64
[rtmod] DISPATCH kernel=406 count=64 gx=1 gy=1 gz=1
[rtmod] DISPATCH kernel=223 count=64 gx=1 gy=1 gz=1
[rtmod] DISPATCH kernel=26 count=128 gx=8 gy=1 gz=1
[rtmod] DISPATCH kernel=26 count=128 gx=8 gy=1 gz=1
[rtmod] DISPATCH kernel=409 count=128 gx=1 gy=1 gz=1
[rtmod] DISPATCH kernel=29 count=64 gx=16 gy=1 gz=1
[rtmod] FEW name=Add count=64
[rtmod] DISPATCH kernel=406 count=64 gx=1 gy=1 gz=1
[rtmod] DISPATCH kernel=223 count=64 gx=1 gy=1 gz=1
[rtmod] DISPATCH kernel=26 count=256 gx=16 gy=1 gz=1
[rtmod] DISPATCH kernel=38 count=1 gx=1 gy=1 gz=1
[rtmod] FEW name=Subtract count=256
[rtmod] DISPATCH kernel=454 count=256 gx=1 gy=1 gz=1
[rtmod] DISPATCH kernel=66 count=1 gx=1 gy=1 gz=1
[rtmod] EV-SIGNAL tid=471452 ev=0xaaab65f1a280 val=1 st=1 host=0
[rtmod] SUBMIT-ENTER tid=471452
[rtmod] SUBMIT tid=471452 cv=110 waits=1 sigs=2 cmds=1
[rtmod] COMMIT-NOOP
[rtmod] EV-WAIT-ENC tid=471452 ev=0xaaab65fb0280 val=1 st=0
[rtmod] EV-WAIT-ENC tid=471452 ev=0xaaab6603da30 val=1 st=0
[rtmod] EV-WAIT-ENC tid=471452 ev=0xaaab65f1a280 val=1 st=0
[rtmod] FENCE-UPDATE count=0 st=0
[rtmod] EV-SIGNAL tid=471452 ev=0xaaab65f2f140 val=1 st=0 host=0
[rtmod] SUBMIT-ENTER tid=471452
[rtmod] SUBMIT tid=471452 cv=111 waits=4 sigs=2 cmds=1
[rtmod] EV-WAIT-ENC tid=471452 ev=0xaaab65f2f140 val=1 st=0
[rtmod] FENCE-UPDATE count=1 st=0
[rtmod] EV-SIGNAL tid=471452 ev=0xaaab65f2f140 val=2 st=0 host=0
[rtmod] SUBMIT-ENTER tid=471452
[rtmod] SUBMIT tid=471452 cv=112 waits=2 sigs=2 cmds=1
[rtmod] EV-WAIT-ENC tid=471452 ev=0xaaab65f2f140 val=2 st=1
[rtmod] DISPATCH kernel=192 count=256 gx=1 gy=1 gz=1
[rtmod] DISPATCH kernel=223 count=256 gx=4 gy=1 gz=1
[rtmod] DISPATCH kernel=26 count=128 gx=2 gy=1 gz=1
[rtmod] DISPATCH kernel=26 count=128 gx=2 gy=1 gz=1
[rtmod] DISPATCH kernel=26 count=256 gx=4 gy=1 gz=1
[rtmod] DISPATCH kernel=223 count=128 gx=4 gy=1 gz=1
[rtmod] DISPATCH kernel=247 count=64 gx=1 gy=1 gz=1
[rtmod] DISPATCH kernel=223 count=256 gx=8 gy=1 gz=1
[rtmod] DISPATCH kernel=58 count=128 gx=1 gy=1 gz=1
[rtmod] DISPATCH kernel=58 count=128 gx=1 gy=1 gz=1
[rtmod] DISPATCH kernel=247 count=128 gx=1 gy=1 gz=1
[rtmod] DISPATCH kernel=9 count=256 gx=1 gy=1 gz=1
[rtmod] FEW name=ScaledDotProductAttention count=256
[rtmod] DISPATCH kernel=452 count=256 gx=1 gy=1 gz=1
[rtmod] DISPATCH kernel=9 count=384 gx=2 gy=1 gz=1
[rtmod] DISPATCH kernel=9 count=384 gx=2 gy=1 gz=1
[rtmod] DISPATCH kernel=23 count=96 gx=1 gy=1 gz=2
[rtmod] DISPATCH kernel=33 count=96 gx=8 gy=1 gz=1
[rtmod] DISPATCH kernel=23 count=256 gx=2 gy=1 gz=2
[rtmod] DISPATCH kernel=10 count=256 gx=1 gy=1 gz=1
[rtmod] DISPATCH kernel=58 count=256 gx=1 gy=1 gz=1
[rtmod] DISPATCH kernel=26 count=256 gx=4 gy=1 gz=1
[rtmod] FEW name=Add count=256
[rtmod] DISPATCH kernel=406 count=256 gx=1 gy=1 gz=1
[rtmod] DISPATCH kernel=223 count=256 gx=4 gy=1 gz=1
[rtmod] DISPATCH kernel=26 count=512 gx=8 gy=1 gz=1
[rtmod] DISPATCH kernel=26 count=512 gx=8 gy=1 gz=1
[rtmod] DISPATCH kernel=409 count=512 gx=1 gy=1 gz=1
[rtmod] DISPATCH kernel=26 count=256 gx=4 gy=1 gz=1
[rtmod] FEW name=Add count=256
[rtmod] DISPATCH kernel=406 count=256 gx=1 gy=1 gz=1
[rtmod] DISPATCH kernel=223 count=256 gx=4 gy=1 gz=1
[rtmod] DISPATCH kernel=26 count=128 gx=2 gy=1 gz=1
[rtmod] DISPATCH kernel=26 count=128 gx=2 gy=1 gz=1
[rtmod] DISPATCH kernel=26 count=256 gx=4 gy=1 gz=1
[rtmod] DISPATCH kernel=223 count=128 gx=4 gy=1 gz=1
[rtmod] DISPATCH kernel=247 count=64 gx=1 gy=1 gz=1
[rtmod] DISPATCH kernel=223 count=256 gx=8 gy=1 gz=1
[rtmod] DISPATCH kernel=58 count=128 gx=1 gy=1 gz=1
[rtmod] DISPATCH kernel=58 count=128 gx=1 gy=1 gz=1
[rtmod] DISPATCH kernel=247 count=128 gx=1 gy=1 gz=1
[rtmod] DISPATCH kernel=9 count=256 gx=1 gy=1 gz=1
[rtmod] FEW name=ScaledDotProductAttention count=256
[rtmod] DISPATCH kernel=452 count=256 gx=1 gy=1 gz=1
[rtmod] DISPATCH kernel=9 count=384 gx=2 gy=1 gz=1
[rtmod] DISPATCH kernel=9 count=384 gx=2 gy=1 gz=1
[rtmod] DISPATCH kernel=23 count=96 gx=1 gy=1 gz=2
[rtmod] DISPATCH kernel=33 count=96 gx=8 gy=1 gz=1
[rtmod] DISPATCH kernel=23 count=256 gx=2 gy=1 gz=2
[rtmod] DISPATCH kernel=10 count=256 gx=1 gy=1 gz=1
[rtmod] DISPATCH kernel=58 count=256 gx=1 gy=1 gz=1
[rtmod] DISPATCH kernel=26 count=256 gx=4 gy=1 gz=1
[rtmod] FEW name=Add count=256
[rtmod] DISPATCH kernel=406 count=256 gx=1 gy=1 gz=1
[rtmod] DISPATCH kernel=223 count=256 gx=4 gy=1 gz=1
[rtmod] DISPATCH kernel=26 count=512 gx=8 gy=1 gz=1
[rtmod] DISPATCH kernel=26 count=512 gx=8 gy=1 gz=1
[rtmod] DISPATCH kernel=409 count=512 gx=1 gy=1 gz=1
[rtmod] DISPATCH kernel=26 count=256 gx=4 gy=1 gz=1
[rtmod] FEW name=Add count=256
[rtmod] DISPATCH kernel=406 count=256 gx=1 gy=1 gz=1
[rtmod] DISPATCH kernel=223 count=256 gx=4 gy=1 gz=1
[rtmod] DISPATCH kernel=26 count=1024 gx=16 gy=1 gz=1
[rtmod] DISPATCH kernel=38 count=4 gx=4 gy=1 gz=1
[rtmod] FEW name=Subtract count=1024
[rtmod] DISPATCH kernel=454 count=1024 gx=4 gy=1 gz=1
[rtmod] DISPATCH kernel=66 count=4 gx=4 gy=1 gz=1
[rtmod] EV-WAIT-ENC tid=471452 ev=0xaaab65f2f140 val=2 st=1
[rtmod] COMMIT-NOOP
[rtmod] EV-SIGNAL tid=471452 ev=0xaaab66025b20 val=1 st=1 host=0
[rtmod] SUBMIT-ENTER tid=471452
[rtmod] SUBMIT tid=471452 cv=113 waits=3 sigs=2 cmds=1
[rtmod] COMMIT-NOOP
[rtmod] EV-WAIT tid=471452 ev=0xaaab66025b20 val=1 cnt=0 resv=113
[rtmod] DISPATCH kernel=192 count=64 gx=1 gy=1 gz=1
[rtmod] DISPATCH kernel=223 count=64 gx=1 gy=1 gz=1
[rtmod] DISPATCH kernel=26 count=32 gx=2 gy=1 gz=1
[rtmod] DISPATCH kernel=26 count=32 gx=2 gy=1 gz=1
[rtmod] DISPATCH kernel=26 count=64 gx=4 gy=1 gz=1
[rtmod] DISPATCH kernel=223 count=32 gx=1 gy=1 gz=1
[rtmod] DISPATCH kernel=247 count=16 gx=1 gy=1 gz=1
[rtmod] DISPATCH kernel=223 count=64 gx=2 gy=1 gz=1
[rtmod] DISPATCH kernel=58 count=32 gx=1 gy=1 gz=1
[rtmod] DISPATCH kernel=58 count=32 gx=1 gy=1 gz=1
[rtmod] DISPATCH kernel=247 count=32 gx=1 gy=1 gz=1
[rtmod] DISPATCH kernel=9 count=64 gx=1 gy=1 gz=1
[rtmod] FEW name=ScaledDotProductAttention count=64
[rtmod] DISPATCH kernel=452 count=64 gx=1 gy=1 gz=1
[rtmod] DISPATCH kernel=9 count=320 gx=2 gy=1 gz=1
[rtmod] DISPATCH kernel=9 count=320 gx=2 gy=1 gz=1
[rtmod] DISPATCH kernel=23 count=20 gx=1 gy=1 gz=2
[rtmod] DISPATCH kernel=33 count=20 gx=2 gy=1 gz=1
[rtmod] DISPATCH kernel=23 count=64 gx=2 gy=1 gz=2
[rtmod] DISPATCH kernel=10 count=64 gx=1 gy=1 gz=1
[rtmod] DISPATCH kernel=26 count=64 gx=4 gy=1 gz=1
[rtmod] FEW name=Add count=64
[rtmod] DISPATCH kernel=406 count=64 gx=1 gy=1 gz=1
[rtmod] DISPATCH kernel=223 count=64 gx=1 gy=1 gz=1
[rtmod] DISPATCH kernel=26 count=128 gx=8 gy=1 gz=1
[rtmod] DISPATCH kernel=26 count=128 gx=8 gy=1 gz=1
[rtmod] DISPATCH kernel=409 count=128 gx=1 gy=1 gz=1
[rtmod] DISPATCH kernel=29 count=64 gx=16 gy=1 gz=1
[rtmod] FEW name=Add count=64
[rtmod] DISPATCH kernel=406 count=64 gx=1 gy=1 gz=1
[rtmod] DISPATCH kernel=223 count=64 gx=1 gy=1 gz=1
[rtmod] DISPATCH kernel=26 count=32 gx=2 gy=1 gz=1
[rtmod] DISPATCH kernel=26 count=32 gx=2 gy=1 gz=1
[rtmod] DISPATCH kernel=26 count=64 gx=4 gy=1 gz=1
[rtmod] DISPATCH kernel=223 count=32 gx=1 gy=1 gz=1
[rtmod] DISPATCH kernel=247 count=16 gx=1 gy=1 gz=1
[rtmod] DISPATCH kernel=223 count=64 gx=2 gy=1 gz=1
[rtmod] DISPATCH kernel=58 count=32 gx=1 gy=1 gz=1
[rtmod] DISPATCH kernel=58 count=32 gx=1 gy=1 gz=1
[rtmod] DISPATCH kernel=247 count=32 gx=1 gy=1 gz=1
[rtmod] DISPATCH kernel=9 count=64 gx=1 gy=1 gz=1
[rtmod] FEW name=ScaledDotProductAttention count=64
[rtmod] DISPATCH kernel=452 count=64 gx=1 gy=1 gz=1
[rtmod] DISPATCH kernel=9 count=320 gx=2 gy=1 gz=1
[rtmod] DISPATCH kernel=9 count=320 gx=2 gy=1 gz=1
[rtmod] DISPATCH kernel=23 count=20 gx=1 gy=1 gz=2
[rtmod] DISPATCH kernel=33 count=20 gx=2 gy=1 gz=1
[rtmod] DISPATCH kernel=23 count=64 gx=2 gy=1 gz=2
[rtmod] DISPATCH kernel=10 count=64 gx=1 gy=1 gz=1
[rtmod] DISPATCH kernel=26 count=64 gx=4 gy=1 gz=1
[rtmod] FEW name=Add count=64
[rtmod] DISPATCH kernel=406 count=64 gx=1 gy=1 gz=1
[rtmod] DISPATCH kernel=223 count=64 gx=1 gy=1 gz=1
[rtmod] DISPATCH kernel=26 count=128 gx=8 gy=1 gz=1
[rtmod] DISPATCH kernel=26 count=128 gx=8 gy=1 gz=1
[rtmod] DISPATCH kernel=409 count=128 gx=1 gy=1 gz=1
[rtmod] DISPATCH kernel=29 count=64 gx=16 gy=1 gz=1
[rtmod] FEW name=Add count=64
[rtmod] DISPATCH kernel=406 count=64 gx=1 gy=1 gz=1
[rtmod] DISPATCH kernel=223 count=64 gx=1 gy=1 gz=1
[rtmod] DISPATCH kernel=26 count=256 gx=16 gy=1 gz=1
[rtmod] DISPATCH kernel=38 count=1 gx=1 gy=1 gz=1
[rtmod] FEW name=Subtract count=256
[rtmod] DISPATCH kernel=454 count=256 gx=1 gy=1 gz=1
[rtmod] DISPATCH kernel=66 count=1 gx=1 gy=1 gz=1
[rtmod] EV-SIGNAL tid=471452 ev=0xaaab66057e40 val=1 st=1 host=0
[rtmod] SUBMIT-ENTER tid=471452
[rtmod] SUBMIT tid=471452 cv=114 waits=1 sigs=2 cmds=1
[rtmod] COMMIT-NOOP
[rtmod] DISPATCH kernel=192 count=64 gx=1 gy=1 gz=1
[rtmod] DISPATCH kernel=223 count=64 gx=1 gy=1 gz=1
[rtmod] DISPATCH kernel=26 count=32 gx=2 gy=1 gz=1
[rtmod] DISPATCH kernel=26 count=32 gx=2 gy=1 gz=1
[rtmod] DISPATCH kernel=26 count=64 gx=4 gy=1 gz=1
[rtmod] DISPATCH kernel=223 count=32 gx=1 gy=1 gz=1
[rtmod] DISPATCH kernel=247 count=16 gx=1 gy=1 gz=1
[rtmod] DISPATCH kernel=223 count=64 gx=2 gy=1 gz=1
[rtmod] DISPATCH kernel=58 count=32 gx=1 gy=1 gz=1
[rtmod] DISPATCH kernel=58 count=32 gx=1 gy=1 gz=1
[rtmod] DISPATCH kernel=247 count=32 gx=1 gy=1 gz=1
[rtmod] DISPATCH kernel=9 count=64 gx=1 gy=1 gz=1
[rtmod] FEW name=ScaledDotProductAttention count=64
[rtmod] DISPATCH kernel=452 count=64 gx=1 gy=1 gz=1
[rtmod] DISPATCH kernel=9 count=352 gx=2 gy=1 gz=1
[rtmod] DISPATCH kernel=9 count=352 gx=2 gy=1 gz=1
[rtmod] DISPATCH kernel=23 count=22 gx=1 gy=1 gz=2
[rtmod] DISPATCH kernel=33 count=22 gx=2 gy=1 gz=1
[rtmod] DISPATCH kernel=23 count=64 gx=2 gy=1 gz=2
[rtmod] DISPATCH kernel=10 count=64 gx=1 gy=1 gz=1
[rtmod] DISPATCH kernel=26 count=64 gx=4 gy=1 gz=1
[rtmod] FEW name=Add count=64
[rtmod] DISPATCH kernel=406 count=64 gx=1 gy=1 gz=1
[rtmod] DISPATCH kernel=223 count=64 gx=1 gy=1 gz=1
[rtmod] DISPATCH kernel=26 count=128 gx=8 gy=1 gz=1
[rtmod] DISPATCH kernel=26 count=128 gx=8 gy=1 gz=1
[rtmod] DISPATCH kernel=409 count=128 gx=1 gy=1 gz=1
[rtmod] DISPATCH kernel=29 count=64 gx=16 gy=1 gz=1
[rtmod] FEW name=Add count=64
[rtmod] DISPATCH kernel=406 count=64 gx=1 gy=1 gz=1
[rtmod] DISPATCH kernel=223 count=64 gx=1 gy=1 gz=1
[rtmod] DISPATCH kernel=26 count=32 gx=2 gy=1 gz=1
[rtmod] DISPATCH kernel=26 count=32 gx=2 gy=1 gz=1
[rtmod] DISPATCH kernel=26 count=64 gx=4 gy=1 gz=1
[rtmod] DISPATCH kernel=223 count=32 gx=1 gy=1 gz=1
[rtmod] DISPATCH kernel=247 count=16 gx=1 gy=1 gz=1
[rtmod] DISPATCH kernel=223 count=64 gx=2 gy=1 gz=1
[rtmod] DISPATCH kernel=58 count=32 gx=1 gy=1 gz=1
[rtmod] DISPATCH kernel=58 count=32 gx=1 gy=1 gz=1
[rtmod] DISPATCH kernel=247 count=32 gx=1 gy=1 gz=1
[rtmod] DISPATCH kernel=9 count=64 gx=1 gy=1 gz=1
[rtmod] FEW name=ScaledDotProductAttention count=64
[rtmod] DISPATCH kernel=452 count=64 gx=1 gy=1 gz=1
[rtmod] DISPATCH kernel=9 count=352 gx=2 gy=1 gz=1
[rtmod] DISPATCH kernel=9 count=352 gx=2 gy=1 gz=1
[rtmod] DISPATCH kernel=23 count=22 gx=1 gy=1 gz=2
[rtmod] DISPATCH kernel=33 count=22 gx=2 gy=1 gz=1
[rtmod] DISPATCH kernel=23 count=64 gx=2 gy=1 gz=2
[rtmod] DISPATCH kernel=10 count=64 gx=1 gy=1 gz=1
[rtmod] DISPATCH kernel=26 count=64 gx=4 gy=1 gz=1
[rtmod] FEW name=Add count=64
[rtmod] DISPATCH kernel=406 count=64 gx=1 gy=1 gz=1
[rtmod] DISPATCH kernel=223 count=64 gx=1 gy=1 gz=1
[rtmod] DISPATCH kernel=26 count=128 gx=8 gy=1 gz=1
[rtmod] DISPATCH kernel=26 count=128 gx=8 gy=1 gz=1
[rtmod] DISPATCH kernel=409 count=128 gx=1 gy=1 gz=1
[rtmod] DISPATCH kernel=29 count=64 gx=16 gy=1 gz=1
[rtmod] FEW name=Add count=64
[rtmod] DISPATCH kernel=406 count=64 gx=1 gy=1 gz=1
[rtmod] DISPATCH kernel=223 count=64 gx=1 gy=1 gz=1
[rtmod] DISPATCH kernel=26 count=256 gx=16 gy=1 gz=1
[rtmod] DISPATCH kernel=38 count=1 gx=1 gy=1 gz=1
[rtmod] FEW name=Subtract count=256
[rtmod] DISPATCH kernel=454 count=256 gx=1 gy=1 gz=1
[rtmod] DISPATCH kernel=66 count=1 gx=1 gy=1 gz=1
[rtmod] EV-SIGNAL tid=471452 ev=0xaaab66059960 val=1 st=1 host=0
[rtmod] SUBMIT-ENTER tid=471452
[rtmod] SUBMIT tid=471452 cv=115 waits=1 sigs=2 cmds=1
[rtmod] COMMIT-NOOP
[rtmod] DISPATCH kernel=192 count=64 gx=1 gy=1 gz=1
[rtmod] DISPATCH kernel=223 count=64 gx=1 gy=1 gz=1
[rtmod] DISPATCH kernel=26 count=32 gx=2 gy=1 gz=1
[rtmod] DISPATCH kernel=26 count=32 gx=2 gy=1 gz=1
[rtmod] DISPATCH kernel=26 count=64 gx=4 gy=1 gz=1
[rtmod] DISPATCH kernel=223 count=32 gx=1 gy=1 gz=1
[rtmod] DISPATCH kernel=247 count=16 gx=1 gy=1 gz=1
[rtmod] DISPATCH kernel=223 count=64 gx=2 gy=1 gz=1
[rtmod] DISPATCH kernel=58 count=32 gx=1 gy=1 gz=1
[rtmod] DISPATCH kernel=58 count=32 gx=1 gy=1 gz=1
[rtmod] DISPATCH kernel=247 count=32 gx=1 gy=1 gz=1
[rtmod] DISPATCH kernel=9 count=64 gx=1 gy=1 gz=1
[rtmod] FEW name=ScaledDotProductAttention count=64
[rtmod] DISPATCH kernel=452 count=64 gx=1 gy=1 gz=1
[rtmod] DISPATCH kernel=9 count=384 gx=2 gy=1 gz=1
[rtmod] DISPATCH kernel=9 count=384 gx=2 gy=1 gz=1
[rtmod] DISPATCH kernel=23 count=24 gx=1 gy=1 gz=2
[rtmod] DISPATCH kernel=33 count=24 gx=2 gy=1 gz=1
[rtmod] DISPATCH kernel=23 count=64 gx=2 gy=1 gz=2
[rtmod] DISPATCH kernel=10 count=64 gx=1 gy=1 gz=1
[rtmod] DISPATCH kernel=26 count=64 gx=4 gy=1 gz=1
[rtmod] FEW name=Add count=64
[rtmod] DISPATCH kernel=406 count=64 gx=1 gy=1 gz=1
[rtmod] DISPATCH kernel=223 count=64 gx=1 gy=1 gz=1
[rtmod] DISPATCH kernel=26 count=128 gx=8 gy=1 gz=1
[rtmod] DISPATCH kernel=26 count=128 gx=8 gy=1 gz=1
[rtmod] DISPATCH kernel=409 count=128 gx=1 gy=1 gz=1
[rtmod] DISPATCH kernel=29 count=64 gx=16 gy=1 gz=1
[rtmod] FEW name=Add count=64
[rtmod] DISPATCH kernel=406 count=64 gx=1 gy=1 gz=1
[rtmod] DISPATCH kernel=223 count=64 gx=1 gy=1 gz=1
[rtmod] DISPATCH kernel=26 count=32 gx=2 gy=1 gz=1
[rtmod] DISPATCH kernel=26 count=32 gx=2 gy=1 gz=1
[rtmod] DISPATCH kernel=26 count=64 gx=4 gy=1 gz=1
[rtmod] DISPATCH kernel=223 count=32 gx=1 gy=1 gz=1
[rtmod] DISPATCH kernel=247 count=16 gx=1 gy=1 gz=1
[rtmod] DISPATCH kernel=223 count=64 gx=2 gy=1 gz=1
[rtmod] DISPATCH kernel=58 count=32 gx=1 gy=1 gz=1
[rtmod] DISPATCH kernel=58 count=32 gx=1 gy=1 gz=1
[rtmod] DISPATCH kernel=247 count=32 gx=1 gy=1 gz=1
[rtmod] DISPATCH kernel=9 count=64 gx=1 gy=1 gz=1
[rtmod] FEW name=ScaledDotProductAttention count=64
[rtmod] DISPATCH kernel=452 count=64 gx=1 gy=1 gz=1
[rtmod] DISPATCH kernel=9 count=384 gx=2 gy=1 gz=1
[rtmod] DISPATCH kernel=9 count=384 gx=2 gy=1 gz=1
[rtmod] DISPATCH kernel=23 count=24 gx=1 gy=1 gz=2
[rtmod] DISPATCH kernel=33 count=24 gx=2 gy=1 gz=1
[rtmod] DISPATCH kernel=23 count=64 gx=2 gy=1 gz=2
[rtmod] DISPATCH kernel=10 count=64 gx=1 gy=1 gz=1
[rtmod] DISPATCH kernel=26 count=64 gx=4 gy=1 gz=1
[rtmod] FEW name=Add count=64
[rtmod] DISPATCH kernel=406 count=64 gx=1 gy=1 gz=1
[rtmod] DISPATCH kernel=223 count=64 gx=1 gy=1 gz=1
[rtmod] DISPATCH kernel=26 count=128 gx=8 gy=1 gz=1
[rtmod] DISPATCH kernel=26 count=128 gx=8 gy=1 gz=1
[rtmod] DISPATCH kernel=409 count=128 gx=1 gy=1 gz=1
[rtmod] DISPATCH kernel=29 count=64 gx=16 gy=1 gz=1
[rtmod] FEW name=Add count=64
[rtmod] DISPATCH kernel=406 count=64 gx=1 gy=1 gz=1
[rtmod] DISPATCH kernel=223 count=64 gx=1 gy=1 gz=1
[rtmod] DISPATCH kernel=26 count=256 gx=16 gy=1 gz=1
[rtmod] DISPATCH kernel=38 count=1 gx=1 gy=1 gz=1
[rtmod] FEW name=Subtract count=256
[rtmod] DISPATCH kernel=454 count=256 gx=1 gy=1 gz=1
[rtmod] DISPATCH kernel=66 count=1 gx=1 gy=1 gz=1
[rtmod] EV-SIGNAL tid=471452 ev=0xaaab66059d20 val=1 st=1 host=0
[rtmod] SUBMIT-ENTER tid=471452
[rtmod] SUBMIT tid=471452 cv=116 waits=1 sigs=2 cmds=1
[rtmod] COMMIT-NOOP
[rtmod] EV-WAIT-ENC tid=471452 ev=0xaaab66057e40 val=1 st=0
[rtmod] EV-WAIT-ENC tid=471452 ev=0xaaab66059960 val=1 st=0
[rtmod] EV-WAIT-ENC tid=471452 ev=0xaaab66059d20 val=1 st=0
[rtmod] FENCE-UPDATE count=0 st=0
[rtmod] EV-SIGNAL tid=471452 ev=0xaaab66052050 val=1 st=0 host=0
[rtmod] SUBMIT-ENTER tid=471452
[rtmod] SUBMIT tid=471452 cv=117 waits=4 sigs=2 cmds=1
[rtmod] EV-WAIT-ENC tid=471452 ev=0xaaab66052050 val=1 st=0
[rtmod] FENCE-UPDATE count=1 st=0
[rtmod] EV-SIGNAL tid=471452 ev=0xaaab66052050 val=2 st=0 host=0
[rtmod] SUBMIT-ENTER tid=471452
[rtmod] SUBMIT tid=471452 cv=118 waits=2 sigs=2 cmds=1
[rtmod] EV-WAIT-ENC tid=471452 ev=0xaaab66052050 val=2 st=1
[rtmod] DISPATCH kernel=192 count=256 gx=1 gy=1 gz=1
[rtmod] DISPATCH kernel=223 count=256 gx=4 gy=1 gz=1
[rtmod] DISPATCH kernel=26 count=128 gx=2 gy=1 gz=1
[rtmod] DISPATCH kernel=26 count=128 gx=2 gy=1 gz=1
[rtmod] DISPATCH kernel=26 count=256 gx=4 gy=1 gz=1
[rtmod] DISPATCH kernel=223 count=128 gx=4 gy=1 gz=1
[rtmod] DISPATCH kernel=247 count=64 gx=1 gy=1 gz=1
[rtmod] DISPATCH kernel=223 count=256 gx=8 gy=1 gz=1
[rtmod] DISPATCH kernel=58 count=128 gx=1 gy=1 gz=1
[rtmod] DISPATCH kernel=58 count=128 gx=1 gy=1 gz=1
[rtmod] DISPATCH kernel=247 count=128 gx=1 gy=1 gz=1
[rtmod] DISPATCH kernel=9 count=256 gx=1 gy=1 gz=1
[rtmod] FEW name=ScaledDotProductAttention count=256
[rtmod] DISPATCH kernel=452 count=256 gx=1 gy=1 gz=1
[rtmod] DISPATCH kernel=9 count=416 gx=2 gy=1 gz=1
[rtmod] DISPATCH kernel=9 count=416 gx=2 gy=1 gz=1
[rtmod] DISPATCH kernel=23 count=104 gx=1 gy=1 gz=2
[rtmod] DISPATCH kernel=33 count=104 gx=8 gy=1 gz=1
[rtmod] DISPATCH kernel=23 count=256 gx=2 gy=1 gz=2
[rtmod] DISPATCH kernel=10 count=256 gx=1 gy=1 gz=1
[rtmod] DISPATCH kernel=58 count=256 gx=1 gy=1 gz=1
[rtmod] DISPATCH kernel=26 count=256 gx=4 gy=1 gz=1
[rtmod] FEW name=Add count=256
[rtmod] DISPATCH kernel=406 count=256 gx=1 gy=1 gz=1
[rtmod] DISPATCH kernel=223 count=256 gx=4 gy=1 gz=1
[rtmod] DISPATCH kernel=26 count=512 gx=8 gy=1 gz=1
[rtmod] DISPATCH kernel=26 count=512 gx=8 gy=1 gz=1
[rtmod] DISPATCH kernel=409 count=512 gx=1 gy=1 gz=1
[rtmod] DISPATCH kernel=26 count=256 gx=4 gy=1 gz=1
[rtmod] FEW name=Add count=256
[rtmod] DISPATCH kernel=406 count=256 gx=1 gy=1 gz=1
[rtmod] DISPATCH kernel=223 count=256 gx=4 gy=1 gz=1
[rtmod] DISPATCH kernel=26 count=128 gx=2 gy=1 gz=1
[rtmod] DISPATCH kernel=26 count=128 gx=2 gy=1 gz=1
[rtmod] DISPATCH kernel=26 count=256 gx=4 gy=1 gz=1
[rtmod] DISPATCH kernel=223 count=128 gx=4 gy=1 gz=1
[rtmod] DISPATCH kernel=247 count=64 gx=1 gy=1 gz=1
[rtmod] DISPATCH kernel=223 count=256 gx=8 gy=1 gz=1
[rtmod] DISPATCH kernel=58 count=128 gx=1 gy=1 gz=1
[rtmod] DISPATCH kernel=58 count=128 gx=1 gy=1 gz=1
[rtmod] DISPATCH kernel=247 count=128 gx=1 gy=1 gz=1
[rtmod] DISPATCH kernel=9 count=256 gx=1 gy=1 gz=1
[rtmod] FEW name=ScaledDotProductAttention count=256
[rtmod] DISPATCH kernel=452 count=256 gx=1 gy=1 gz=1
[rtmod] DISPATCH kernel=9 count=416 gx=2 gy=1 gz=1
[rtmod] DISPATCH kernel=9 count=416 gx=2 gy=1 gz=1
[rtmod] DISPATCH kernel=23 count=104 gx=1 gy=1 gz=2
[rtmod] DISPATCH kernel=33 count=104 gx=8 gy=1 gz=1
[rtmod] DISPATCH kernel=23 count=256 gx=2 gy=1 gz=2
[rtmod] DISPATCH kernel=10 count=256 gx=1 gy=1 gz=1
[rtmod] DISPATCH kernel=58 count=256 gx=1 gy=1 gz=1
[rtmod] DISPATCH kernel=26 count=256 gx=4 gy=1 gz=1
[rtmod] FEW name=Add count=256
[rtmod] DISPATCH kernel=406 count=256 gx=1 gy=1 gz=1
[rtmod] DISPATCH kernel=223 count=256 gx=4 gy=1 gz=1
[rtmod] DISPATCH kernel=26 count=512 gx=8 gy=1 gz=1
[rtmod] DISPATCH kernel=26 count=512 gx=8 gy=1 gz=1
[rtmod] DISPATCH kernel=409 count=512 gx=1 gy=1 gz=1
[rtmod] DISPATCH kernel=26 count=256 gx=4 gy=1 gz=1
[rtmod] FEW name=Add count=256
[rtmod] DISPATCH kernel=406 count=256 gx=1 gy=1 gz=1
[rtmod] DISPATCH kernel=223 count=256 gx=4 gy=1 gz=1
[rtmod] DISPATCH kernel=26 count=1024 gx=16 gy=1 gz=1
[rtmod] DISPATCH kernel=38 count=4 gx=4 gy=1 gz=1
[rtmod] FEW name=Subtract count=1024
[rtmod] DISPATCH kernel=454 count=1024 gx=4 gy=1 gz=1
[rtmod] DISPATCH kernel=66 count=4 gx=4 gy=1 gz=1
[rtmod] EV-WAIT-ENC tid=471452 ev=0xaaab66052050 val=2 st=1
[rtmod] COMMIT-NOOP
[rtmod] EV-SIGNAL tid=471452 ev=0xaaab659db750 val=1 st=1 host=0
[rtmod] SUBMIT-ENTER tid=471452
[rtmod] SUBMIT tid=471452 cv=119 waits=3 sigs=2 cmds=1
[rtmod] COMMIT-NOOP
[rtmod] EV-WAIT tid=471452 ev=0xaaab659db750 val=1 cnt=0 resv=119
[rtmod] DISPATCH kernel=192 count=64 gx=1 gy=1 gz=1
[rtmod] DISPATCH kernel=223 count=64 gx=1 gy=1 gz=1
[rtmod] DISPATCH kernel=26 count=32 gx=2 gy=1 gz=1
[rtmod] DISPATCH kernel=26 count=32 gx=2 gy=1 gz=1
[rtmod] DISPATCH kernel=26 count=64 gx=4 gy=1 gz=1
[rtmod] DISPATCH kernel=223 count=32 gx=1 gy=1 gz=1
[rtmod] DISPATCH kernel=247 count=16 gx=1 gy=1 gz=1
[rtmod] DISPATCH kernel=223 count=64 gx=2 gy=1 gz=1
[rtmod] DISPATCH kernel=58 count=32 gx=1 gy=1 gz=1
[rtmod] DISPATCH kernel=58 count=32 gx=1 gy=1 gz=1
[rtmod] DISPATCH kernel=247 count=32 gx=1 gy=1 gz=1
[rtmod] DISPATCH kernel=9 count=64 gx=1 gy=1 gz=1
[rtmod] FEW name=ScaledDotProductAttention count=64
[rtmod] DISPATCH kernel=452 count=64 gx=1 gy=1 gz=1
[rtmod] DISPATCH kernel=9 count=352 gx=2 gy=1 gz=1
[rtmod] DISPATCH kernel=9 count=352 gx=2 gy=1 gz=1
[rtmod] DISPATCH kernel=23 count=22 gx=1 gy=1 gz=2
[rtmod] DISPATCH kernel=33 count=22 gx=2 gy=1 gz=1
[rtmod] DISPATCH kernel=23 count=64 gx=2 gy=1 gz=2
[rtmod] DISPATCH kernel=10 count=64 gx=1 gy=1 gz=1
[rtmod] DISPATCH kernel=26 count=64 gx=4 gy=1 gz=1
[rtmod] FEW name=Add count=64
[rtmod] DISPATCH kernel=406 count=64 gx=1 gy=1 gz=1
[rtmod] DISPATCH kernel=223 count=64 gx=1 gy=1 gz=1
[rtmod] DISPATCH kernel=26 count=128 gx=8 gy=1 gz=1
[rtmod] DISPATCH kernel=26 count=128 gx=8 gy=1 gz=1
[rtmod] DISPATCH kernel=409 count=128 gx=1 gy=1 gz=1
[rtmod] DISPATCH kernel=29 count=64 gx=16 gy=1 gz=1
[rtmod] FEW name=Add count=64
[rtmod] DISPATCH kernel=406 count=64 gx=1 gy=1 gz=1
[rtmod] DISPATCH kernel=223 count=64 gx=1 gy=1 gz=1
[rtmod] DISPATCH kernel=26 count=32 gx=2 gy=1 gz=1
[rtmod] DISPATCH kernel=26 count=32 gx=2 gy=1 gz=1
[rtmod] DISPATCH kernel=26 count=64 gx=4 gy=1 gz=1
[rtmod] DISPATCH kernel=223 count=32 gx=1 gy=1 gz=1
[rtmod] DISPATCH kernel=247 count=16 gx=1 gy=1 gz=1
[rtmod] DISPATCH kernel=223 count=64 gx=2 gy=1 gz=1
[rtmod] DISPATCH kernel=58 count=32 gx=1 gy=1 gz=1
[rtmod] DISPATCH kernel=58 count=32 gx=1 gy=1 gz=1
[rtmod] DISPATCH kernel=247 count=32 gx=1 gy=1 gz=1
[rtmod] DISPATCH kernel=9 count=64 gx=1 gy=1 gz=1
[rtmod] FEW name=ScaledDotProductAttention count=64
[rtmod] DISPATCH kernel=452 count=64 gx=1 gy=1 gz=1
[rtmod] DISPATCH kernel=9 count=352 gx=2 gy=1 gz=1
[rtmod] DISPATCH kernel=9 count=352 gx=2 gy=1 gz=1
[rtmod] DISPATCH kernel=23 count=22 gx=1 gy=1 gz=2
[rtmod] DISPATCH kernel=33 count=22 gx=2 gy=1 gz=1
[rtmod] DISPATCH kernel=23 count=64 gx=2 gy=1 gz=2
[rtmod] DISPATCH kernel=10 count=64 gx=1 gy=1 gz=1
[rtmod] DISPATCH kernel=26 count=64 gx=4 gy=1 gz=1
[rtmod] FEW name=Add count=64
[rtmod] DISPATCH kernel=406 count=64 gx=1 gy=1 gz=1
[rtmod] DISPATCH kernel=223 count=64 gx=1 gy=1 gz=1
[rtmod] DISPATCH kernel=26 count=128 gx=8 gy=1 gz=1
[rtmod] DISPATCH kernel=26 count=128 gx=8 gy=1 gz=1
[rtmod] DISPATCH kernel=409 count=128 gx=1 gy=1 gz=1
[rtmod] DISPATCH kernel=29 count=64 gx=16 gy=1 gz=1
[rtmod] FEW name=Add count=64
[rtmod] DISPATCH kernel=406 count=64 gx=1 gy=1 gz=1
[rtmod] DISPATCH kernel=223 count=64 gx=1 gy=1 gz=1
[rtmod] DISPATCH kernel=26 count=256 gx=16 gy=1 gz=1
[rtmod] DISPATCH kernel=38 count=1 gx=1 gy=1 gz=1
[rtmod] FEW name=Subtract count=256
[rtmod] DISPATCH kernel=454 count=256 gx=1 gy=1 gz=1
[rtmod] DISPATCH kernel=66 count=1 gx=1 gy=1 gz=1
[rtmod] EV-SIGNAL tid=471452 ev=0xaaab66025b20 val=1 st=1 host=0
[rtmod] SUBMIT-ENTER tid=471452
[rtmod] SUBMIT tid=471452 cv=120 waits=1 sigs=2 cmds=1
[rtmod] COMMIT-NOOP
[rtmod] DISPATCH kernel=192 count=64 gx=1 gy=1 gz=1
[rtmod] DISPATCH kernel=223 count=64 gx=1 gy=1 gz=1
[rtmod] DISPATCH kernel=26 count=32 gx=2 gy=1 gz=1
[rtmod] DISPATCH kernel=26 count=32 gx=2 gy=1 gz=1
[rtmod] DISPATCH kernel=26 count=64 gx=4 gy=1 gz=1
[rtmod] DISPATCH kernel=223 count=32 gx=1 gy=1 gz=1
[rtmod] DISPATCH kernel=247 count=16 gx=1 gy=1 gz=1
[rtmod] DISPATCH kernel=223 count=64 gx=2 gy=1 gz=1
[rtmod] DISPATCH kernel=58 count=32 gx=1 gy=1 gz=1
[rtmod] DISPATCH kernel=58 count=32 gx=1 gy=1 gz=1
[rtmod] DISPATCH kernel=247 count=32 gx=1 gy=1 gz=1
[rtmod] DISPATCH kernel=9 count=64 gx=1 gy=1 gz=1
[rtmod] FEW name=ScaledDotProductAttention count=64
[rtmod] DISPATCH kernel=452 count=64 gx=1 gy=1 gz=1
[rtmod] DISPATCH kernel=9 count=384 gx=2 gy=1 gz=1
[rtmod] DISPATCH kernel=9 count=384 gx=2 gy=1 gz=1
[rtmod] DISPATCH kernel=23 count=24 gx=1 gy=1 gz=2
[rtmod] DISPATCH kernel=33 count=24 gx=2 gy=1 gz=1
[rtmod] DISPATCH kernel=23 count=64 gx=2 gy=1 gz=2
[rtmod] DISPATCH kernel=10 count=64 gx=1 gy=1 gz=1
[rtmod] DISPATCH kernel=26 count=64 gx=4 gy=1 gz=1
[rtmod] FEW name=Add count=64
[rtmod] DISPATCH kernel=406 count=64 gx=1 gy=1 gz=1
[rtmod] DISPATCH kernel=223 count=64 gx=1 gy=1 gz=1
[rtmod] DISPATCH kernel=26 count=128 gx=8 gy=1 gz=1
[rtmod] DISPATCH kernel=26 count=128 gx=8 gy=1 gz=1
[rtmod] DISPATCH kernel=409 count=128 gx=1 gy=1 gz=1
[rtmod] DISPATCH kernel=29 count=64 gx=16 gy=1 gz=1
[rtmod] FEW name=Add count=64
[rtmod] DISPATCH kernel=406 count=64 gx=1 gy=1 gz=1
[rtmod] DISPATCH kernel=223 count=64 gx=1 gy=1 gz=1
[rtmod] DISPATCH kernel=26 count=32 gx=2 gy=1 gz=1
[rtmod] DISPATCH kernel=26 count=32 gx=2 gy=1 gz=1
[rtmod] DISPATCH kernel=26 count=64 gx=4 gy=1 gz=1
[rtmod] DISPATCH kernel=223 count=32 gx=1 gy=1 gz=1
[rtmod] DISPATCH kernel=247 count=16 gx=1 gy=1 gz=1
[rtmod] DISPATCH kernel=223 count=64 gx=2 gy=1 gz=1
[rtmod] DISPATCH kernel=58 count=32 gx=1 gy=1 gz=1
[rtmod] DISPATCH kernel=58 count=32 gx=1 gy=1 gz=1
[rtmod] DISPATCH kernel=247 count=32 gx=1 gy=1 gz=1
[rtmod] DISPATCH kernel=9 count=64 gx=1 gy=1 gz=1
[rtmod] FEW name=ScaledDotProductAttention count=64
[rtmod] DISPATCH kernel=452 count=64 gx=1 gy=1 gz=1
[rtmod] DISPATCH kernel=9 count=384 gx=2 gy=1 gz=1
[rtmod] DISPATCH kernel=9 count=384 gx=2 gy=1 gz=1
[rtmod] DISPATCH kernel=23 count=24 gx=1 gy=1 gz=2
[rtmod] DISPATCH kernel=33 count=24 gx=2 gy=1 gz=1
[rtmod] DISPATCH kernel=23 count=64 gx=2 gy=1 gz=2
[rtmod] DISPATCH kernel=10 count=64 gx=1 gy=1 gz=1
[rtmod] DISPATCH kernel=26 count=64 gx=4 gy=1 gz=1
[rtmod] FEW name=Add count=64
[rtmod] DISPATCH kernel=406 count=64 gx=1 gy=1 gz=1
[rtmod] DISPATCH kernel=223 count=64 gx=1 gy=1 gz=1
[rtmod] DISPATCH kernel=26 count=128 gx=8 gy=1 gz=1
[rtmod] DISPATCH kernel=26 count=128 gx=8 gy=1 gz=1
[rtmod] DISPATCH kernel=409 count=128 gx=1 gy=1 gz=1
[rtmod] DISPATCH kernel=29 count=64 gx=16 gy=1 gz=1
[rtmod] FEW name=Add count=64
[rtmod] DISPATCH kernel=406 count=64 gx=1 gy=1 gz=1
[rtmod] DISPATCH kernel=223 count=64 gx=1 gy=1 gz=1
[rtmod] DISPATCH kernel=26 count=256 gx=16 gy=1 gz=1
[rtmod] DISPATCH kernel=38 count=1 gx=1 gy=1 gz=1
[rtmod] FEW name=Subtract count=256
[rtmod] DISPATCH kernel=454 count=256 gx=1 gy=1 gz=1
[rtmod] DISPATCH kernel=66 count=1 gx=1 gy=1 gz=1
[rtmod] EV-SIGNAL tid=471452 ev=0xaaab65f2f140 val=1 st=1 host=0
[rtmod] SUBMIT-ENTER tid=471452
[rtmod] SUBMIT tid=471452 cv=121 waits=1 sigs=2 cmds=1
[rtmod] COMMIT-NOOP
[rtmod] DISPATCH kernel=192 count=64 gx=1 gy=1 gz=1
[rtmod] DISPATCH kernel=223 count=64 gx=1 gy=1 gz=1
[rtmod] DISPATCH kernel=26 count=32 gx=2 gy=1 gz=1
[rtmod] DISPATCH kernel=26 count=32 gx=2 gy=1 gz=1
[rtmod] DISPATCH kernel=26 count=64 gx=4 gy=1 gz=1
[rtmod] DISPATCH kernel=223 count=32 gx=1 gy=1 gz=1
[rtmod] DISPATCH kernel=247 count=16 gx=1 gy=1 gz=1
[rtmod] DISPATCH kernel=223 count=64 gx=2 gy=1 gz=1
[rtmod] DISPATCH kernel=58 count=32 gx=1 gy=1 gz=1
[rtmod] DISPATCH kernel=58 count=32 gx=1 gy=1 gz=1
[rtmod] DISPATCH kernel=247 count=32 gx=1 gy=1 gz=1
[rtmod] DISPATCH kernel=9 count=64 gx=1 gy=1 gz=1
[rtmod] FEW name=ScaledDotProductAttention count=64
[rtmod] DISPATCH kernel=452 count=64 gx=1 gy=1 gz=1
[rtmod] DISPATCH kernel=9 count=416 gx=2 gy=1 gz=1
[rtmod] DISPATCH kernel=9 count=416 gx=2 gy=1 gz=1
[rtmod] DISPATCH kernel=23 count=26 gx=1 gy=1 gz=2
[rtmod] DISPATCH kernel=33 count=26 gx=2 gy=1 gz=1
[rtmod] DISPATCH kernel=23 count=64 gx=2 gy=1 gz=2
[rtmod] DISPATCH kernel=10 count=64 gx=1 gy=1 gz=1
[rtmod] DISPATCH kernel=26 count=64 gx=4 gy=1 gz=1
[rtmod] FEW name=Add count=64
[rtmod] DISPATCH kernel=406 count=64 gx=1 gy=1 gz=1
[rtmod] DISPATCH kernel=223 count=64 gx=1 gy=1 gz=1
[rtmod] DISPATCH kernel=26 count=128 gx=8 gy=1 gz=1
[rtmod] DISPATCH kernel=26 count=128 gx=8 gy=1 gz=1
[rtmod] DISPATCH kernel=409 count=128 gx=1 gy=1 gz=1
[rtmod] DISPATCH kernel=29 count=64 gx=16 gy=1 gz=1
[rtmod] FEW name=Add count=64
[rtmod] DISPATCH kernel=406 count=64 gx=1 gy=1 gz=1
[rtmod] DISPATCH kernel=223 count=64 gx=1 gy=1 gz=1
[rtmod] DISPATCH kernel=26 count=32 gx=2 gy=1 gz=1
[rtmod] DISPATCH kernel=26 count=32 gx=2 gy=1 gz=1
[rtmod] DISPATCH kernel=26 count=64 gx=4 gy=1 gz=1
[rtmod] DISPATCH kernel=223 count=32 gx=1 gy=1 gz=1
[rtmod] DISPATCH kernel=247 count=16 gx=1 gy=1 gz=1
[rtmod] DISPATCH kernel=223 count=64 gx=2 gy=1 gz=1
[rtmod] DISPATCH kernel=58 count=32 gx=1 gy=1 gz=1
[rtmod] DISPATCH kernel=58 count=32 gx=1 gy=1 gz=1
[rtmod] DISPATCH kernel=247 count=32 gx=1 gy=1 gz=1
[rtmod] DISPATCH kernel=9 count=64 gx=1 gy=1 gz=1
[rtmod] FEW name=ScaledDotProductAttention count=64
[rtmod] DISPATCH kernel=452 count=64 gx=1 gy=1 gz=1
[rtmod] DISPATCH kernel=9 count=416 gx=2 gy=1 gz=1
[rtmod] DISPATCH kernel=9 count=416 gx=2 gy=1 gz=1
[rtmod] DISPATCH kernel=23 count=26 gx=1 gy=1 gz=2
[rtmod] DISPATCH kernel=33 count=26 gx=2 gy=1 gz=1
[rtmod] DISPATCH kernel=23 count=64 gx=2 gy=1 gz=2
[rtmod] DISPATCH kernel=10 count=64 gx=1 gy=1 gz=1
[rtmod] DISPATCH kernel=26 count=64 gx=4 gy=1 gz=1
[rtmod] FEW name=Add count=64
[rtmod] DISPATCH kernel=406 count=64 gx=1 gy=1 gz=1
[rtmod] DISPATCH kernel=223 count=64 gx=1 gy=1 gz=1
[rtmod] DISPATCH kernel=26 count=128 gx=8 gy=1 gz=1
[rtmod] DISPATCH kernel=26 count=128 gx=8 gy=1 gz=1
[rtmod] DISPATCH kernel=409 count=128 gx=1 gy=1 gz=1
[rtmod] DISPATCH kernel=29 count=64 gx=16 gy=1 gz=1
[rtmod] FEW name=Add count=64
[rtmod] DISPATCH kernel=406 count=64 gx=1 gy=1 gz=1
[rtmod] DISPATCH kernel=223 count=64 gx=1 gy=1 gz=1
[rtmod] DISPATCH kernel=26 count=256 gx=16 gy=1 gz=1
[rtmod] DISPATCH kernel=38 count=1 gx=1 gy=1 gz=1
[rtmod] FEW name=Subtract count=256
[rtmod] DISPATCH kernel=454 count=256 gx=1 gy=1 gz=1
[rtmod] DISPATCH kernel=66 count=1 gx=1 gy=1 gz=1
[rtmod] EV-SIGNAL tid=471452 ev=0xaaab65f1a280 val=1 st=1 host=0
[rtmod] SUBMIT-ENTER tid=471452
[rtmod] SUBMIT tid=471452 cv=122 waits=1 sigs=2 cmds=1
[rtmod] COMMIT-NOOP
[rtmod] EV-WAIT-ENC tid=471452 ev=0xaaab65f2f140 val=1 st=0
[rtmod] EV-WAIT-ENC tid=471452 ev=0xaaab65f1a280 val=1 st=0
[rtmod] FENCE-UPDATE count=0 st=0
[rtmod] EV-SIGNAL tid=471452 ev=0xaaab65fb0280 val=1 st=0 host=0
[rtmod] SUBMIT-ENTER tid=471452
[rtmod] SUBMIT tid=471452 cv=123 waits=3 sigs=2 cmds=1
[rtmod] EV-WAIT-ENC tid=471452 ev=0xaaab65fb0280 val=1 st=0
[rtmod] FENCE-UPDATE count=1 st=0
[rtmod] EV-SIGNAL tid=471452 ev=0xaaab65fb0280 val=2 st=0 host=0
[rtmod] SUBMIT-ENTER tid=471452
[rtmod] SUBMIT tid=471452 cv=124 waits=2 sigs=2 cmds=1
[rtmod] EV-WAIT-ENC tid=471452 ev=0xaaab65fb0280 val=2 st=1
[rtmod] DISPATCH kernel=192 count=256 gx=1 gy=1 gz=1
[rtmod] DISPATCH kernel=223 count=256 gx=4 gy=1 gz=1
[rtmod] DISPATCH kernel=26 count=128 gx=2 gy=1 gz=1
[rtmod] DISPATCH kernel=26 count=128 gx=2 gy=1 gz=1
[rtmod] DISPATCH kernel=26 count=256 gx=4 gy=1 gz=1
[rtmod] DISPATCH kernel=223 count=128 gx=4 gy=1 gz=1
[rtmod] DISPATCH kernel=247 count=64 gx=1 gy=1 gz=1
[rtmod] DISPATCH kernel=223 count=256 gx=8 gy=1 gz=1
[rtmod] DISPATCH kernel=58 count=128 gx=1 gy=1 gz=1
[rtmod] DISPATCH kernel=58 count=128 gx=1 gy=1 gz=1
[rtmod] DISPATCH kernel=247 count=128 gx=1 gy=1 gz=1
[rtmod] DISPATCH kernel=9 count=256 gx=1 gy=1 gz=1
[rtmod] FEW name=ScaledDotProductAttention count=256
[rtmod] DISPATCH kernel=452 count=256 gx=1 gy=1 gz=1
[rtmod] DISPATCH kernel=9 count=448 gx=2 gy=1 gz=1
[rtmod] DISPATCH kernel=9 count=448 gx=2 gy=1 gz=1
[rtmod] DISPATCH kernel=23 count=112 gx=1 gy=1 gz=2
[rtmod] DISPATCH kernel=33 count=112 gx=8 gy=1 gz=1
[rtmod] DISPATCH kernel=23 count=256 gx=2 gy=1 gz=2
[rtmod] DISPATCH kernel=10 count=256 gx=1 gy=1 gz=1
[rtmod] DISPATCH kernel=58 count=256 gx=1 gy=1 gz=1
[rtmod] DISPATCH kernel=26 count=256 gx=4 gy=1 gz=1
[rtmod] FEW name=Add count=256
[rtmod] DISPATCH kernel=406 count=256 gx=1 gy=1 gz=1
[rtmod] DISPATCH kernel=223 count=256 gx=4 gy=1 gz=1
[rtmod] DISPATCH kernel=26 count=512 gx=8 gy=1 gz=1
[rtmod] DISPATCH kernel=26 count=512 gx=8 gy=1 gz=1
[rtmod] DISPATCH kernel=409 count=512 gx=1 gy=1 gz=1
[rtmod] DISPATCH kernel=26 count=256 gx=4 gy=1 gz=1
[rtmod] FEW name=Add count=256
[rtmod] DISPATCH kernel=406 count=256 gx=1 gy=1 gz=1
[rtmod] DISPATCH kernel=223 count=256 gx=4 gy=1 gz=1
[rtmod] DISPATCH kernel=26 count=128 gx=2 gy=1 gz=1
[rtmod] DISPATCH kernel=26 count=128 gx=2 gy=1 gz=1
[rtmod] DISPATCH kernel=26 count=256 gx=4 gy=1 gz=1
[rtmod] DISPATCH kernel=223 count=128 gx=4 gy=1 gz=1
[rtmod] DISPATCH kernel=247 count=64 gx=1 gy=1 gz=1
[rtmod] DISPATCH kernel=223 count=256 gx=8 gy=1 gz=1
[rtmod] DISPATCH kernel=58 count=128 gx=1 gy=1 gz=1
[rtmod] DISPATCH kernel=58 count=128 gx=1 gy=1 gz=1
[rtmod] DISPATCH kernel=247 count=128 gx=1 gy=1 gz=1
[rtmod] DISPATCH kernel=9 count=256 gx=1 gy=1 gz=1
[rtmod] FEW name=ScaledDotProductAttention count=256
[rtmod] DISPATCH kernel=452 count=256 gx=1 gy=1 gz=1
[rtmod] DISPATCH kernel=9 count=448 gx=2 gy=1 gz=1
[rtmod] DISPATCH kernel=9 count=448 gx=2 gy=1 gz=1
[rtmod] DISPATCH kernel=23 count=112 gx=1 gy=1 gz=2
[rtmod] DISPATCH kernel=33 count=112 gx=8 gy=1 gz=1
[rtmod] DISPATCH kernel=23 count=256 gx=2 gy=1 gz=2
[rtmod] DISPATCH kernel=10 count=256 gx=1 gy=1 gz=1
[rtmod] DISPATCH kernel=58 count=256 gx=1 gy=1 gz=1
[rtmod] DISPATCH kernel=26 count=256 gx=4 gy=1 gz=1
[rtmod] FEW name=Add count=256
[rtmod] DISPATCH kernel=406 count=256 gx=1 gy=1 gz=1
[rtmod] DISPATCH kernel=223 count=256 gx=4 gy=1 gz=1
[rtmod] DISPATCH kernel=26 count=512 gx=8 gy=1 gz=1
[rtmod] DISPATCH kernel=26 count=512 gx=8 gy=1 gz=1
[rtmod] DISPATCH kernel=409 count=512 gx=1 gy=1 gz=1
[rtmod] DISPATCH kernel=26 count=256 gx=4 gy=1 gz=1
[rtmod] FEW name=Add count=256
[rtmod] DISPATCH kernel=406 count=256 gx=1 gy=1 gz=1
[rtmod] DISPATCH kernel=223 count=256 gx=4 gy=1 gz=1
[rtmod] DISPATCH kernel=26 count=1024 gx=16 gy=1 gz=1
[rtmod] DISPATCH kernel=38 count=4 gx=4 gy=1 gz=1
[rtmod] FEW name=Subtract count=1024
[rtmod] DISPATCH kernel=454 count=1024 gx=4 gy=1 gz=1
[rtmod] DISPATCH kernel=66 count=4 gx=4 gy=1 gz=1
[rtmod] EV-WAIT-ENC tid=471452 ev=0xaaab65fb0280 val=2 st=1
[rtmod] COMMIT-NOOP
[rtmod] EV-SIGNAL tid=471452 ev=0xaaab6603da30 val=1 st=1 host=0
[rtmod] SUBMIT-ENTER tid=471452
[rtmod] SUBMIT tid=471452 cv=125 waits=3 sigs=2 cmds=1
[rtmod] COMMIT-NOOP
[rtmod] EV-WAIT tid=471452 ev=0xaaab6603da30 val=1 cnt=0 resv=125
[rtmod] DISPATCH kernel=192 count=64 gx=1 gy=1 gz=1
[rtmod] DISPATCH kernel=223 count=64 gx=1 gy=1 gz=1
[rtmod] DISPATCH kernel=26 count=32 gx=2 gy=1 gz=1
[rtmod] DISPATCH kernel=26 count=32 gx=2 gy=1 gz=1
[rtmod] DISPATCH kernel=26 count=64 gx=4 gy=1 gz=1
[rtmod] DISPATCH kernel=223 count=32 gx=1 gy=1 gz=1
[rtmod] DISPATCH kernel=247 count=16 gx=1 gy=1 gz=1
[rtmod] DISPATCH kernel=223 count=64 gx=2 gy=1 gz=1
[rtmod] DISPATCH kernel=58 count=32 gx=1 gy=1 gz=1
[rtmod] DISPATCH kernel=58 count=32 gx=1 gy=1 gz=1
[rtmod] DISPATCH kernel=247 count=32 gx=1 gy=1 gz=1
[rtmod] DISPATCH kernel=9 count=64 gx=1 gy=1 gz=1
[rtmod] FEW name=ScaledDotProductAttention count=64
[rtmod] DISPATCH kernel=452 count=64 gx=1 gy=1 gz=1
[rtmod] DISPATCH kernel=9 count=384 gx=2 gy=1 gz=1
[rtmod] DISPATCH kernel=9 count=384 gx=2 gy=1 gz=1
[rtmod] DISPATCH kernel=23 count=24 gx=1 gy=1 gz=2
[rtmod] DISPATCH kernel=33 count=24 gx=2 gy=1 gz=1
[rtmod] DISPATCH kernel=23 count=64 gx=2 gy=1 gz=2
[rtmod] DISPATCH kernel=10 count=64 gx=1 gy=1 gz=1
[rtmod] DISPATCH kernel=26 count=64 gx=4 gy=1 gz=1
[rtmod] FEW name=Add count=64
[rtmod] DISPATCH kernel=406 count=64 gx=1 gy=1 gz=1
[rtmod] DISPATCH kernel=223 count=64 gx=1 gy=1 gz=1
[rtmod] DISPATCH kernel=26 count=128 gx=8 gy=1 gz=1
[rtmod] DISPATCH kernel=26 count=128 gx=8 gy=1 gz=1
[rtmod] DISPATCH kernel=409 count=128 gx=1 gy=1 gz=1
[rtmod] DISPATCH kernel=29 count=64 gx=16 gy=1 gz=1
[rtmod] FEW name=Add count=64
[rtmod] DISPATCH kernel=406 count=64 gx=1 gy=1 gz=1
[rtmod] DISPATCH kernel=223 count=64 gx=1 gy=1 gz=1
[rtmod] DISPATCH kernel=26 count=32 gx=2 gy=1 gz=1
[rtmod] DISPATCH kernel=26 count=32 gx=2 gy=1 gz=1
[rtmod] DISPATCH kernel=26 count=64 gx=4 gy=1 gz=1
[rtmod] DISPATCH kernel=223 count=32 gx=1 gy=1 gz=1
[rtmod] DISPATCH kernel=247 count=16 gx=1 gy=1 gz=1
[rtmod] DISPATCH kernel=223 count=64 gx=2 gy=1 gz=1
[rtmod] DISPATCH kernel=58 count=32 gx=1 gy=1 gz=1
[rtmod] DISPATCH kernel=58 count=32 gx=1 gy=1 gz=1
[rtmod] DISPATCH kernel=247 count=32 gx=1 gy=1 gz=1
[rtmod] DISPATCH kernel=9 count=64 gx=1 gy=1 gz=1
[rtmod] FEW name=ScaledDotProductAttention count=64
[rtmod] DISPATCH kernel=452 count=64 gx=1 gy=1 gz=1
[rtmod] DISPATCH kernel=9 count=384 gx=2 gy=1 gz=1
[rtmod] DISPATCH kernel=9 count=384 gx=2 gy=1 gz=1
[rtmod] DISPATCH kernel=23 count=24 gx=1 gy=1 gz=2
[rtmod] DISPATCH kernel=33 count=24 gx=2 gy=1 gz=1
[rtmod] DISPATCH kernel=23 count=64 gx=2 gy=1 gz=2
[rtmod] DISPATCH kernel=10 count=64 gx=1 gy=1 gz=1
[rtmod] DISPATCH kernel=26 count=64 gx=4 gy=1 gz=1
[rtmod] FEW name=Add count=64
[rtmod] DISPATCH kernel=406 count=64 gx=1 gy=1 gz=1
[rtmod] DISPATCH kernel=223 count=64 gx=1 gy=1 gz=1
[rtmod] DISPATCH kernel=26 count=128 gx=8 gy=1 gz=1
[rtmod] DISPATCH kernel=26 count=128 gx=8 gy=1 gz=1
[rtmod] DISPATCH kernel=409 count=128 gx=1 gy=1 gz=1
[rtmod] DISPATCH kernel=29 count=64 gx=16 gy=1 gz=1
[rtmod] FEW name=Add count=64
[rtmod] DISPATCH kernel=406 count=64 gx=1 gy=1 gz=1
[rtmod] DISPATCH kernel=223 count=64 gx=1 gy=1 gz=1
[rtmod] DISPATCH kernel=26 count=256 gx=16 gy=1 gz=1
[rtmod] DISPATCH kernel=38 count=1 gx=1 gy=1 gz=1
[rtmod] FEW name=Subtract count=256
[rtmod] DISPATCH kernel=454 count=256 gx=1 gy=1 gz=1
[rtmod] DISPATCH kernel=66 count=1 gx=1 gy=1 gz=1
[rtmod] EV-SIGNAL tid=471452 ev=0xaaab659db750 val=1 st=1 host=0
[rtmod] SUBMIT-ENTER tid=471452
[rtmod] SUBMIT tid=471452 cv=126 waits=1 sigs=2 cmds=1
[rtmod] COMMIT-NOOP
[rtmod] DISPATCH kernel=192 count=64 gx=1 gy=1 gz=1
[rtmod] DISPATCH kernel=223 count=64 gx=1 gy=1 gz=1
[rtmod] DISPATCH kernel=26 count=32 gx=2 gy=1 gz=1
[rtmod] DISPATCH kernel=26 count=32 gx=2 gy=1 gz=1
[rtmod] DISPATCH kernel=26 count=64 gx=4 gy=1 gz=1
[rtmod] DISPATCH kernel=223 count=32 gx=1 gy=1 gz=1
[rtmod] DISPATCH kernel=247 count=16 gx=1 gy=1 gz=1
[rtmod] DISPATCH kernel=223 count=64 gx=2 gy=1 gz=1
[rtmod] DISPATCH kernel=58 count=32 gx=1 gy=1 gz=1
[rtmod] DISPATCH kernel=58 count=32 gx=1 gy=1 gz=1
[rtmod] DISPATCH kernel=247 count=32 gx=1 gy=1 gz=1
[rtmod] DISPATCH kernel=9 count=64 gx=1 gy=1 gz=1
[rtmod] FEW name=ScaledDotProductAttention count=64
[rtmod] DISPATCH kernel=452 count=64 gx=1 gy=1 gz=1
[rtmod] DISPATCH kernel=9 count=416 gx=2 gy=1 gz=1
[rtmod] DISPATCH kernel=9 count=416 gx=2 gy=1 gz=1
[rtmod] DISPATCH kernel=23 count=26 gx=1 gy=1 gz=2
[rtmod] DISPATCH kernel=33 count=26 gx=2 gy=1 gz=1
[rtmod] DISPATCH kernel=23 count=64 gx=2 gy=1 gz=2
[rtmod] DISPATCH kernel=10 count=64 gx=1 gy=1 gz=1
[rtmod] DISPATCH kernel=26 count=64 gx=4 gy=1 gz=1
[rtmod] FEW name=Add count=64
[rtmod] DISPATCH kernel=406 count=64 gx=1 gy=1 gz=1
[rtmod] DISPATCH kernel=223 count=64 gx=1 gy=1 gz=1
[rtmod] DISPATCH kernel=26 count=128 gx=8 gy=1 gz=1
[rtmod] DISPATCH kernel=26 count=128 gx=8 gy=1 gz=1
[rtmod] DISPATCH kernel=409 count=128 gx=1 gy=1 gz=1
[rtmod] DISPATCH kernel=29 count=64 gx=16 gy=1 gz=1
[rtmod] FEW name=Add count=64
[rtmod] DISPATCH kernel=406 count=64 gx=1 gy=1 gz=1
[rtmod] DISPATCH kernel=223 count=64 gx=1 gy=1 gz=1
[rtmod] DISPATCH kernel=26 count=32 gx=2 gy=1 gz=1
[rtmod] DISPATCH kernel=26 count=32 gx=2 gy=1 gz=1
[rtmod] DISPATCH kernel=26 count=64 gx=4 gy=1 gz=1
[rtmod] DISPATCH kernel=223 count=32 gx=1 gy=1 gz=1
[rtmod] DISPATCH kernel=247 count=16 gx=1 gy=1 gz=1
[rtmod] DISPATCH kernel=223 count=64 gx=2 gy=1 gz=1
[rtmod] DISPATCH kernel=58 count=32 gx=1 gy=1 gz=1
[rtmod] DISPATCH kernel=58 count=32 gx=1 gy=1 gz=1
[rtmod] DISPATCH kernel=247 count=32 gx=1 gy=1 gz=1
[rtmod] DISPATCH kernel=9 count=64 gx=1 gy=1 gz=1
[rtmod] FEW name=ScaledDotProductAttention count=64
[rtmod] DISPATCH kernel=452 count=64 gx=1 gy=1 gz=1
[rtmod] DISPATCH kernel=9 count=416 gx=2 gy=1 gz=1
[rtmod] DISPATCH kernel=9 count=416 gx=2 gy=1 gz=1
[rtmod] DISPATCH kernel=23 count=26 gx=1 gy=1 gz=2
[rtmod] DISPATCH kernel=33 count=26 gx=2 gy=1 gz=1
[rtmod] DISPATCH kernel=23 count=64 gx=2 gy=1 gz=2
[rtmod] DISPATCH kernel=10 count=64 gx=1 gy=1 gz=1
[rtmod] DISPATCH kernel=26 count=64 gx=4 gy=1 gz=1
[rtmod] FEW name=Add count=64
[rtmod] DISPATCH kernel=406 count=64 gx=1 gy=1 gz=1
[rtmod] DISPATCH kernel=223 count=64 gx=1 gy=1 gz=1
[rtmod] DISPATCH kernel=26 count=128 gx=8 gy=1 gz=1
[rtmod] DISPATCH kernel=26 count=128 gx=8 gy=1 gz=1
[rtmod] DISPATCH kernel=409 count=128 gx=1 gy=1 gz=1
[rtmod] DISPATCH kernel=29 count=64 gx=16 gy=1 gz=1
[rtmod] FEW name=Add count=64
[rtmod] DISPATCH kernel=406 count=64 gx=1 gy=1 gz=1
[rtmod] DISPATCH kernel=223 count=64 gx=1 gy=1 gz=1
[rtmod] DISPATCH kernel=26 count=256 gx=16 gy=1 gz=1
[rtmod] DISPATCH kernel=38 count=1 gx=1 gy=1 gz=1
[rtmod] FEW name=Subtract count=256
[rtmod] DISPATCH kernel=454 count=256 gx=1 gy=1 gz=1
[rtmod] DISPATCH kernel=66 count=1 gx=1 gy=1 gz=1
[rtmod] EV-SIGNAL tid=471452 ev=0xaaab66052050 val=1 st=1 host=0
[rtmod] SUBMIT-ENTER tid=471452
[rtmod] SUBMIT tid=471452 cv=127 waits=1 sigs=2 cmds=1
[rtmod] COMMIT-NOOP
[rtmod] DISPATCH kernel=192 count=64 gx=1 gy=1 gz=1
[rtmod] DISPATCH kernel=223 count=64 gx=1 gy=1 gz=1
[rtmod] DISPATCH kernel=26 count=32 gx=2 gy=1 gz=1
[rtmod] DISPATCH kernel=26 count=32 gx=2 gy=1 gz=1
[rtmod] DISPATCH kernel=26 count=64 gx=4 gy=1 gz=1
[rtmod] DISPATCH kernel=223 count=32 gx=1 gy=1 gz=1
[rtmod] DISPATCH kernel=247 count=16 gx=1 gy=1 gz=1
[rtmod] DISPATCH kernel=223 count=64 gx=2 gy=1 gz=1
[rtmod] DISPATCH kernel=58 count=32 gx=1 gy=1 gz=1
[rtmod] DISPATCH kernel=58 count=32 gx=1 gy=1 gz=1
[rtmod] DISPATCH kernel=247 count=32 gx=1 gy=1 gz=1
[rtmod] DISPATCH kernel=9 count=64 gx=1 gy=1 gz=1
[rtmod] FEW name=ScaledDotProductAttention count=64
[rtmod] DISPATCH kernel=452 count=64 gx=1 gy=1 gz=1
[rtmod] DISPATCH kernel=9 count=448 gx=2 gy=1 gz=1
[rtmod] DISPATCH kernel=9 count=448 gx=2 gy=1 gz=1
[rtmod] DISPATCH kernel=23 count=28 gx=1 gy=1 gz=2
[rtmod] DISPATCH kernel=33 count=28 gx=2 gy=1 gz=1
[rtmod] DISPATCH kernel=23 count=64 gx=2 gy=1 gz=2
[rtmod] DISPATCH kernel=10 count=64 gx=1 gy=1 gz=1
[rtmod] DISPATCH kernel=26 count=64 gx=4 gy=1 gz=1
[rtmod] FEW name=Add count=64
[rtmod] DISPATCH kernel=406 count=64 gx=1 gy=1 gz=1
[rtmod] DISPATCH kernel=223 count=64 gx=1 gy=1 gz=1
[rtmod] DISPATCH kernel=26 count=128 gx=8 gy=1 gz=1
[rtmod] DISPATCH kernel=26 count=128 gx=8 gy=1 gz=1
[rtmod] DISPATCH kernel=409 count=128 gx=1 gy=1 gz=1
[rtmod] DISPATCH kernel=29 count=64 gx=16 gy=1 gz=1
[rtmod] FEW name=Add count=64
[rtmod] DISPATCH kernel=406 count=64 gx=1 gy=1 gz=1
[rtmod] DISPATCH kernel=223 count=64 gx=1 gy=1 gz=1
[rtmod] DISPATCH kernel=26 count=32 gx=2 gy=1 gz=1
[rtmod] DISPATCH kernel=26 count=32 gx=2 gy=1 gz=1
[rtmod] DISPATCH kernel=26 count=64 gx=4 gy=1 gz=1
[rtmod] DISPATCH kernel=223 count=32 gx=1 gy=1 gz=1
[rtmod] DISPATCH kernel=247 count=16 gx=1 gy=1 gz=1
[rtmod] DISPATCH kernel=223 count=64 gx=2 gy=1 gz=1
[rtmod] DISPATCH kernel=58 count=32 gx=1 gy=1 gz=1
[rtmod] DISPATCH kernel=58 count=32 gx=1 gy=1 gz=1
[rtmod] DISPATCH kernel=247 count=32 gx=1 gy=1 gz=1
[rtmod] DISPATCH kernel=9 count=64 gx=1 gy=1 gz=1
[rtmod] FEW name=ScaledDotProductAttention count=64
[rtmod] DISPATCH kernel=452 count=64 gx=1 gy=1 gz=1
[rtmod] DISPATCH kernel=9 count=448 gx=2 gy=1 gz=1
[rtmod] DISPATCH kernel=9 count=448 gx=2 gy=1 gz=1
[rtmod] DISPATCH kernel=23 count=28 gx=1 gy=1 gz=2
[rtmod] DISPATCH kernel=33 count=28 gx=2 gy=1 gz=1
[rtmod] DISPATCH kernel=23 count=64 gx=2 gy=1 gz=2
[rtmod] DISPATCH kernel=10 count=64 gx=1 gy=1 gz=1
[rtmod] DISPATCH kernel=26 count=64 gx=4 gy=1 gz=1
[rtmod] FEW name=Add count=64
[rtmod] DISPATCH kernel=406 count=64 gx=1 gy=1 gz=1
[rtmod] DISPATCH kernel=223 count=64 gx=1 gy=1 gz=1
[rtmod] DISPATCH kernel=26 count=128 gx=8 gy=1 gz=1
[rtmod] DISPATCH kernel=26 count=128 gx=8 gy=1 gz=1
[rtmod] DISPATCH kernel=409 count=128 gx=1 gy=1 gz=1
[rtmod] DISPATCH kernel=29 count=64 gx=16 gy=1 gz=1
[rtmod] FEW name=Add count=64
[rtmod] DISPATCH kernel=406 count=64 gx=1 gy=1 gz=1
[rtmod] DISPATCH kernel=223 count=64 gx=1 gy=1 gz=1
[rtmod] DISPATCH kernel=26 count=256 gx=16 gy=1 gz=1
[rtmod] DISPATCH kernel=38 count=1 gx=1 gy=1 gz=1
[rtmod] FEW name=Subtract count=256
[rtmod] DISPATCH kernel=454 count=256 gx=1 gy=1 gz=1
[rtmod] DISPATCH kernel=66 count=1 gx=1 gy=1 gz=1
[rtmod] EV-SIGNAL tid=471452 ev=0xaaab66059d20 val=1 st=1 host=0
[rtmod] SUBMIT-ENTER tid=471452
[rtmod] SUBMIT tid=471452 cv=128 waits=1 sigs=2 cmds=1
[rtmod] COMMIT-NOOP
[rtmod] EV-WAIT-ENC tid=471452 ev=0xaaab66052050 val=1 st=0
[rtmod] EV-WAIT-ENC tid=471452 ev=0xaaab66059d20 val=1 st=0
[rtmod] FENCE-UPDATE count=0 st=0
[rtmod] EV-SIGNAL tid=471452 ev=0xaaab66057e40 val=1 st=0 host=0
[rtmod] SUBMIT-ENTER tid=471452
[rtmod] SUBMIT tid=471452 cv=129 waits=3 sigs=2 cmds=1
[rtmod] EV-WAIT-ENC tid=471452 ev=0xaaab66057e40 val=1 st=0
[rtmod] FENCE-UPDATE count=1 st=0
[rtmod] EV-SIGNAL tid=471452 ev=0xaaab66057e40 val=2 st=0 host=0
[rtmod] SUBMIT-ENTER tid=471452
[rtmod] SUBMIT tid=471452 cv=130 waits=2 sigs=2 cmds=1
[rtmod] EV-WAIT-ENC tid=471452 ev=0xaaab66057e40 val=2 st=1
[rtmod] DISPATCH kernel=192 count=256 gx=1 gy=1 gz=1
[rtmod] DISPATCH kernel=223 count=256 gx=4 gy=1 gz=1
[rtmod] DISPATCH kernel=26 count=128 gx=2 gy=1 gz=1
[rtmod] DISPATCH kernel=26 count=128 gx=2 gy=1 gz=1
[rtmod] DISPATCH kernel=26 count=256 gx=4 gy=1 gz=1
[rtmod] DISPATCH kernel=223 count=128 gx=4 gy=1 gz=1
[rtmod] DISPATCH kernel=247 count=64 gx=1 gy=1 gz=1
[rtmod] DISPATCH kernel=223 count=256 gx=8 gy=1 gz=1
[rtmod] DISPATCH kernel=58 count=128 gx=1 gy=1 gz=1
[rtmod] DISPATCH kernel=58 count=128 gx=1 gy=1 gz=1
[rtmod] DISPATCH kernel=247 count=128 gx=1 gy=1 gz=1
[rtmod] DISPATCH kernel=9 count=256 gx=1 gy=1 gz=1
[rtmod] FEW name=ScaledDotProductAttention count=256
[rtmod] DISPATCH kernel=452 count=256 gx=1 gy=1 gz=1
[rtmod] DISPATCH kernel=9 count=480 gx=2 gy=1 gz=1
[rtmod] DISPATCH kernel=9 count=480 gx=2 gy=1 gz=1
[rtmod] DISPATCH kernel=23 count=120 gx=1 gy=1 gz=2
[rtmod] DISPATCH kernel=33 count=120 gx=8 gy=1 gz=1
[rtmod] DISPATCH kernel=23 count=256 gx=2 gy=1 gz=2
[rtmod] DISPATCH kernel=10 count=256 gx=1 gy=1 gz=1
[rtmod] DISPATCH kernel=58 count=256 gx=1 gy=1 gz=1
[rtmod] DISPATCH kernel=26 count=256 gx=4 gy=1 gz=1
[rtmod] FEW name=Add count=256
[rtmod] DISPATCH kernel=406 count=256 gx=1 gy=1 gz=1
[rtmod] DISPATCH kernel=223 count=256 gx=4 gy=1 gz=1
[rtmod] DISPATCH kernel=26 count=512 gx=8 gy=1 gz=1
[rtmod] DISPATCH kernel=26 count=512 gx=8 gy=1 gz=1
[rtmod] DISPATCH kernel=409 count=512 gx=1 gy=1 gz=1
[rtmod] DISPATCH kernel=26 count=256 gx=4 gy=1 gz=1
[rtmod] FEW name=Add count=256
[rtmod] DISPATCH kernel=406 count=256 gx=1 gy=1 gz=1
[rtmod] DISPATCH kernel=223 count=256 gx=4 gy=1 gz=1
[rtmod] DISPATCH kernel=26 count=128 gx=2 gy=1 gz=1
[rtmod] DISPATCH kernel=26 count=128 gx=2 gy=1 gz=1
[rtmod] DISPATCH kernel=26 count=256 gx=4 gy=1 gz=1
[rtmod] DISPATCH kernel=223 count=128 gx=4 gy=1 gz=1
[rtmod] DISPATCH kernel=247 count=64 gx=1 gy=1 gz=1
[rtmod] DISPATCH kernel=223 count=256 gx=8 gy=1 gz=1
[rtmod] DISPATCH kernel=58 count=128 gx=1 gy=1 gz=1
[rtmod] DISPATCH kernel=58 count=128 gx=1 gy=1 gz=1
[rtmod] DISPATCH kernel=247 count=128 gx=1 gy=1 gz=1
[rtmod] DISPATCH kernel=9 count=256 gx=1 gy=1 gz=1
[rtmod] FEW name=ScaledDotProductAttention count=256
[rtmod] DISPATCH kernel=452 count=256 gx=1 gy=1 gz=1
[rtmod] DISPATCH kernel=9 count=480 gx=2 gy=1 gz=1
[rtmod] DISPATCH kernel=9 count=480 gx=2 gy=1 gz=1
[rtmod] DISPATCH kernel=23 count=120 gx=1 gy=1 gz=2
[rtmod] DISPATCH kernel=33 count=120 gx=8 gy=1 gz=1
[rtmod] DISPATCH kernel=23 count=256 gx=2 gy=1 gz=2
[rtmod] DISPATCH kernel=10 count=256 gx=1 gy=1 gz=1
[rtmod] DISPATCH kernel=58 count=256 gx=1 gy=1 gz=1
[rtmod] DISPATCH kernel=26 count=256 gx=4 gy=1 gz=1
[rtmod] FEW name=Add count=256
[rtmod] DISPATCH kernel=406 count=256 gx=1 gy=1 gz=1
[rtmod] DISPATCH kernel=223 count=256 gx=4 gy=1 gz=1
[rtmod] DISPATCH kernel=26 count=512 gx=8 gy=1 gz=1
[rtmod] DISPATCH kernel=26 count=512 gx=8 gy=1 gz=1
[rtmod] DISPATCH kernel=409 count=512 gx=1 gy=1 gz=1
[rtmod] DISPATCH kernel=26 count=256 gx=4 gy=1 gz=1
[rtmod] FEW name=Add count=256
[rtmod] DISPATCH kernel=406 count=256 gx=1 gy=1 gz=1
[rtmod] DISPATCH kernel=223 count=256 gx=4 gy=1 gz=1
[rtmod] DISPATCH kernel=26 count=1024 gx=16 gy=1 gz=1
[rtmod] DISPATCH kernel=38 count=4 gx=4 gy=1 gz=1
[rtmod] FEW name=Subtract count=1024
[rtmod] DISPATCH kernel=454 count=1024 gx=4 gy=1 gz=1
[rtmod] DISPATCH kernel=66 count=4 gx=4 gy=1 gz=1
[rtmod] EV-WAIT-ENC tid=471452 ev=0xaaab66057e40 val=2 st=1
[rtmod] COMMIT-NOOP
[rtmod] EV-SIGNAL tid=471452 ev=0xaaab66059960 val=1 st=1 host=0
[rtmod] SUBMIT-ENTER tid=471452
[rtmod] SUBMIT tid=471452 cv=131 waits=3 sigs=2 cmds=1
[rtmod] COMMIT-NOOP
[rtmod] EV-WAIT tid=471452 ev=0xaaab66059960 val=1 cnt=0 resv=131
[rtmod] DISPATCH kernel=192 count=64 gx=1 gy=1 gz=1
[rtmod] DISPATCH kernel=223 count=64 gx=1 gy=1 gz=1
[rtmod] DISPATCH kernel=26 count=32 gx=2 gy=1 gz=1
[rtmod] DISPATCH kernel=26 count=32 gx=2 gy=1 gz=1
[rtmod] DISPATCH kernel=26 count=64 gx=4 gy=1 gz=1
[rtmod] DISPATCH kernel=223 count=32 gx=1 gy=1 gz=1
[rtmod] DISPATCH kernel=247 count=16 gx=1 gy=1 gz=1
[rtmod] DISPATCH kernel=223 count=64 gx=2 gy=1 gz=1
[rtmod] DISPATCH kernel=58 count=32 gx=1 gy=1 gz=1
[rtmod] DISPATCH kernel=58 count=32 gx=1 gy=1 gz=1
[rtmod] DISPATCH kernel=247 count=32 gx=1 gy=1 gz=1
[rtmod] DISPATCH kernel=9 count=64 gx=1 gy=1 gz=1
[rtmod] FEW name=ScaledDotProductAttention count=64
[rtmod] DISPATCH kernel=452 count=64 gx=1 gy=1 gz=1
[rtmod] DISPATCH kernel=9 count=416 gx=2 gy=1 gz=1
[rtmod] DISPATCH kernel=9 count=416 gx=2 gy=1 gz=1
[rtmod] DISPATCH kernel=23 count=26 gx=1 gy=1 gz=2
[rtmod] DISPATCH kernel=33 count=26 gx=2 gy=1 gz=1
[rtmod] DISPATCH kernel=23 count=64 gx=2 gy=1 gz=2
[rtmod] DISPATCH kernel=10 count=64 gx=1 gy=1 gz=1
[rtmod] DISPATCH kernel=26 count=64 gx=4 gy=1 gz=1
[rtmod] FEW name=Add count=64
[rtmod] DISPATCH kernel=406 count=64 gx=1 gy=1 gz=1
[rtmod] DISPATCH kernel=223 count=64 gx=1 gy=1 gz=1
[rtmod] DISPATCH kernel=26 count=128 gx=8 gy=1 gz=1
[rtmod] DISPATCH kernel=26 count=128 gx=8 gy=1 gz=1
[rtmod] DISPATCH kernel=409 count=128 gx=1 gy=1 gz=1
[rtmod] DISPATCH kernel=29 count=64 gx=16 gy=1 gz=1
[rtmod] FEW name=Add count=64
[rtmod] DISPATCH kernel=406 count=64 gx=1 gy=1 gz=1
[rtmod] DISPATCH kernel=223 count=64 gx=1 gy=1 gz=1
[rtmod] DISPATCH kernel=26 count=32 gx=2 gy=1 gz=1
[rtmod] DISPATCH kernel=26 count=32 gx=2 gy=1 gz=1
[rtmod] DISPATCH kernel=26 count=64 gx=4 gy=1 gz=1
[rtmod] DISPATCH kernel=223 count=32 gx=1 gy=1 gz=1
[rtmod] DISPATCH kernel=247 count=16 gx=1 gy=1 gz=1
[rtmod] DISPATCH kernel=223 count=64 gx=2 gy=1 gz=1
[rtmod] DISPATCH kernel=58 count=32 gx=1 gy=1 gz=1
[rtmod] DISPATCH kernel=58 count=32 gx=1 gy=1 gz=1
[rtmod] DISPATCH kernel=247 count=32 gx=1 gy=1 gz=1
[rtmod] DISPATCH kernel=9 count=64 gx=1 gy=1 gz=1
[rtmod] FEW name=ScaledDotProductAttention count=64
[rtmod] DISPATCH kernel=452 count=64 gx=1 gy=1 gz=1
[rtmod] DISPATCH kernel=9 count=416 gx=2 gy=1 gz=1
[rtmod] DISPATCH kernel=9 count=416 gx=2 gy=1 gz=1
[rtmod] DISPATCH kernel=23 count=26 gx=1 gy=1 gz=2
[rtmod] DISPATCH kernel=33 count=26 gx=2 gy=1 gz=1
[rtmod] DISPATCH kernel=23 count=64 gx=2 gy=1 gz=2
[rtmod] DISPATCH kernel=10 count=64 gx=1 gy=1 gz=1
[rtmod] DISPATCH kernel=26 count=64 gx=4 gy=1 gz=1
[rtmod] FEW name=Add count=64
[rtmod] DISPATCH kernel=406 count=64 gx=1 gy=1 gz=1
[rtmod] DISPATCH kernel=223 count=64 gx=1 gy=1 gz=1
[rtmod] DISPATCH kernel=26 count=128 gx=8 gy=1 gz=1
[rtmod] DISPATCH kernel=26 count=128 gx=8 gy=1 gz=1
[rtmod] DISPATCH kernel=409 count=128 gx=1 gy=1 gz=1
[rtmod] DISPATCH kernel=29 count=64 gx=16 gy=1 gz=1
[rtmod] FEW name=Add count=64
[rtmod] DISPATCH kernel=406 count=64 gx=1 gy=1 gz=1
[rtmod] DISPATCH kernel=223 count=64 gx=1 gy=1 gz=1
[rtmod] DISPATCH kernel=26 count=256 gx=16 gy=1 gz=1
[rtmod] DISPATCH kernel=38 count=1 gx=1 gy=1 gz=1
[rtmod] FEW name=Subtract count=256
[rtmod] DISPATCH kernel=454 count=256 gx=1 gy=1 gz=1
[rtmod] DISPATCH kernel=66 count=1 gx=1 gy=1 gz=1
[rtmod] EV-SIGNAL tid=471452 ev=0xaaab6603da30 val=1 st=1 host=0
[rtmod] SUBMIT-ENTER tid=471452
[rtmod] SUBMIT tid=471452 cv=132 waits=1 sigs=2 cmds=1
[rtmod] COMMIT-NOOP
[rtmod] DISPATCH kernel=192 count=64 gx=1 gy=1 gz=1
[rtmod] DISPATCH kernel=223 count=64 gx=1 gy=1 gz=1
[rtmod] DISPATCH kernel=26 count=32 gx=2 gy=1 gz=1
[rtmod] DISPATCH kernel=26 count=32 gx=2 gy=1 gz=1
[rtmod] DISPATCH kernel=26 count=64 gx=4 gy=1 gz=1
[rtmod] DISPATCH kernel=223 count=32 gx=1 gy=1 gz=1
[rtmod] DISPATCH kernel=247 count=16 gx=1 gy=1 gz=1
[rtmod] DISPATCH kernel=223 count=64 gx=2 gy=1 gz=1
[rtmod] DISPATCH kernel=58 count=32 gx=1 gy=1 gz=1
[rtmod] DISPATCH kernel=58 count=32 gx=1 gy=1 gz=1
[rtmod] DISPATCH kernel=247 count=32 gx=1 gy=1 gz=1
[rtmod] DISPATCH kernel=9 count=64 gx=1 gy=1 gz=1
[rtmod] FEW name=ScaledDotProductAttention count=64
[rtmod] DISPATCH kernel=452 count=64 gx=1 gy=1 gz=1
[rtmod] DISPATCH kernel=9 count=448 gx=2 gy=1 gz=1
[rtmod] DISPATCH kernel=9 count=448 gx=2 gy=1 gz=1
[rtmod] DISPATCH kernel=23 count=28 gx=1 gy=1 gz=2
[rtmod] DISPATCH kernel=33 count=28 gx=2 gy=1 gz=1
[rtmod] DISPATCH kernel=23 count=64 gx=2 gy=1 gz=2
[rtmod] DISPATCH kernel=10 count=64 gx=1 gy=1 gz=1
[rtmod] DISPATCH kernel=26 count=64 gx=4 gy=1 gz=1
[rtmod] FEW name=Add count=64
[rtmod] DISPATCH kernel=406 count=64 gx=1 gy=1 gz=1
[rtmod] DISPATCH kernel=223 count=64 gx=1 gy=1 gz=1
[rtmod] DISPATCH kernel=26 count=128 gx=8 gy=1 gz=1
[rtmod] DISPATCH kernel=26 count=128 gx=8 gy=1 gz=1
[rtmod] DISPATCH kernel=409 count=128 gx=1 gy=1 gz=1
[rtmod] DISPATCH kernel=29 count=64 gx=16 gy=1 gz=1
[rtmod] FEW name=Add count=64
[rtmod] DISPATCH kernel=406 count=64 gx=1 gy=1 gz=1
[rtmod] DISPATCH kernel=223 count=64 gx=1 gy=1 gz=1
[rtmod] DISPATCH kernel=26 count=32 gx=2 gy=1 gz=1
[rtmod] DISPATCH kernel=26 count=32 gx=2 gy=1 gz=1
[rtmod] DISPATCH kernel=26 count=64 gx=4 gy=1 gz=1
[rtmod] DISPATCH kernel=223 count=32 gx=1 gy=1 gz=1
[rtmod] DISPATCH kernel=247 count=16 gx=1 gy=1 gz=1
[rtmod] DISPATCH kernel=223 count=64 gx=2 gy=1 gz=1
[rtmod] DISPATCH kernel=58 count=32 gx=1 gy=1 gz=1
[rtmod] DISPATCH kernel=58 count=32 gx=1 gy=1 gz=1
[rtmod] DISPATCH kernel=247 count=32 gx=1 gy=1 gz=1
[rtmod] DISPATCH kernel=9 count=64 gx=1 gy=1 gz=1
[rtmod] FEW name=ScaledDotProductAttention count=64
[rtmod] DISPATCH kernel=452 count=64 gx=1 gy=1 gz=1
[rtmod] DISPATCH kernel=9 count=448 gx=2 gy=1 gz=1
[rtmod] DISPATCH kernel=9 count=448 gx=2 gy=1 gz=1
[rtmod] DISPATCH kernel=23 count=28 gx=1 gy=1 gz=2
[rtmod] DISPATCH kernel=33 count=28 gx=2 gy=1 gz=1
[rtmod] DISPATCH kernel=23 count=64 gx=2 gy=1 gz=2
[rtmod] DISPATCH kernel=10 count=64 gx=1 gy=1 gz=1
[rtmod] DISPATCH kernel=26 count=64 gx=4 gy=1 gz=1
[rtmod] FEW name=Add count=64
[rtmod] DISPATCH kernel=406 count=64 gx=1 gy=1 gz=1
[rtmod] DISPATCH kernel=223 count=64 gx=1 gy=1 gz=1
[rtmod] DISPATCH kernel=26 count=128 gx=8 gy=1 gz=1
[rtmod] DISPATCH kernel=26 count=128 gx=8 gy=1 gz=1
[rtmod] DISPATCH kernel=409 count=128 gx=1 gy=1 gz=1
[rtmod] DISPATCH kernel=29 count=64 gx=16 gy=1 gz=1
[rtmod] FEW name=Add count=64
[rtmod] DISPATCH kernel=406 count=64 gx=1 gy=1 gz=1
[rtmod] DISPATCH kernel=223 count=64 gx=1 gy=1 gz=1
[rtmod] DISPATCH kernel=26 count=256 gx=16 gy=1 gz=1
[rtmod] DISPATCH kernel=38 count=1 gx=1 gy=1 gz=1
[rtmod] FEW name=Subtract count=256
[rtmod] DISPATCH kernel=454 count=256 gx=1 gy=1 gz=1
[rtmod] DISPATCH kernel=66 count=1 gx=1 gy=1 gz=1
[rtmod] EV-SIGNAL tid=471452 ev=0xaaab65fb0280 val=1 st=1 host=0
[rtmod] SUBMIT-ENTER tid=471452
[rtmod] SUBMIT tid=471452 cv=133 waits=1 sigs=2 cmds=1
[rtmod] COMMIT-NOOP
[rtmod] DISPATCH kernel=192 count=64 gx=1 gy=1 gz=1
[rtmod] DISPATCH kernel=223 count=64 gx=1 gy=1 gz=1
[rtmod] DISPATCH kernel=26 count=32 gx=2 gy=1 gz=1
[rtmod] DISPATCH kernel=26 count=32 gx=2 gy=1 gz=1
[rtmod] DISPATCH kernel=26 count=64 gx=4 gy=1 gz=1
[rtmod] DISPATCH kernel=223 count=32 gx=1 gy=1 gz=1
[rtmod] DISPATCH kernel=247 count=16 gx=1 gy=1 gz=1
[rtmod] DISPATCH kernel=223 count=64 gx=2 gy=1 gz=1
[rtmod] DISPATCH kernel=58 count=32 gx=1 gy=1 gz=1
[rtmod] DISPATCH kernel=58 count=32 gx=1 gy=1 gz=1
[rtmod] DISPATCH kernel=247 count=32 gx=1 gy=1 gz=1
[rtmod] DISPATCH kernel=9 count=64 gx=1 gy=1 gz=1
[rtmod] FEW name=ScaledDotProductAttention count=64
[rtmod] DISPATCH kernel=452 count=64 gx=1 gy=1 gz=1
[rtmod] DISPATCH kernel=9 count=480 gx=2 gy=1 gz=1
[rtmod] DISPATCH kernel=9 count=480 gx=2 gy=1 gz=1
[rtmod] DISPATCH kernel=23 count=30 gx=1 gy=1 gz=2
[rtmod] DISPATCH kernel=33 count=30 gx=2 gy=1 gz=1
[rtmod] DISPATCH kernel=23 count=64 gx=2 gy=1 gz=2
[rtmod] DISPATCH kernel=10 count=64 gx=1 gy=1 gz=1
[rtmod] DISPATCH kernel=26 count=64 gx=4 gy=1 gz=1
[rtmod] FEW name=Add count=64
[rtmod] DISPATCH kernel=406 count=64 gx=1 gy=1 gz=1
[rtmod] DISPATCH kernel=223 count=64 gx=1 gy=1 gz=1
[rtmod] DISPATCH kernel=26 count=128 gx=8 gy=1 gz=1
[rtmod] DISPATCH kernel=26 count=128 gx=8 gy=1 gz=1
[rtmod] DISPATCH kernel=409 count=128 gx=1 gy=1 gz=1
[rtmod] DISPATCH kernel=29 count=64 gx=16 gy=1 gz=1
[rtmod] FEW name=Add count=64
[rtmod] DISPATCH kernel=406 count=64 gx=1 gy=1 gz=1
[rtmod] DISPATCH kernel=223 count=64 gx=1 gy=1 gz=1
[rtmod] DISPATCH kernel=26 count=32 gx=2 gy=1 gz=1
[rtmod] DISPATCH kernel=26 count=32 gx=2 gy=1 gz=1
[rtmod] DISPATCH kernel=26 count=64 gx=4 gy=1 gz=1
[rtmod] DISPATCH kernel=223 count=32 gx=1 gy=1 gz=1
[rtmod] DISPATCH kernel=247 count=16 gx=1 gy=1 gz=1
[rtmod] DISPATCH kernel=223 count=64 gx=2 gy=1 gz=1
[rtmod] DISPATCH kernel=58 count=32 gx=1 gy=1 gz=1
[rtmod] DISPATCH kernel=58 count=32 gx=1 gy=1 gz=1
[rtmod] DISPATCH kernel=247 count=32 gx=1 gy=1 gz=1
[rtmod] DISPATCH kernel=9 count=64 gx=1 gy=1 gz=1
[rtmod] FEW name=ScaledDotProductAttention count=64
[rtmod] DISPATCH kernel=452 count=64 gx=1 gy=1 gz=1
[rtmod] DISPATCH kernel=9 count=480 gx=2 gy=1 gz=1
[rtmod] DISPATCH kernel=9 count=480 gx=2 gy=1 gz=1
[rtmod] DISPATCH kernel=23 count=30 gx=1 gy=1 gz=2
[rtmod] DISPATCH kernel=33 count=30 gx=2 gy=1 gz=1
[rtmod] DISPATCH kernel=23 count=64 gx=2 gy=1 gz=2
[rtmod] DISPATCH kernel=10 count=64 gx=1 gy=1 gz=1
[rtmod] DISPATCH kernel=26 count=64 gx=4 gy=1 gz=1
[rtmod] FEW name=Add count=64
[rtmod] DISPATCH kernel=406 count=64 gx=1 gy=1 gz=1
[rtmod] DISPATCH kernel=223 count=64 gx=1 gy=1 gz=1
[rtmod] DISPATCH kernel=26 count=128 gx=8 gy=1 gz=1
[rtmod] DISPATCH kernel=26 count=128 gx=8 gy=1 gz=1
[rtmod] DISPATCH kernel=409 count=128 gx=1 gy=1 gz=1
[rtmod] DISPATCH kernel=29 count=64 gx=16 gy=1 gz=1
[rtmod] FEW name=Add count=64
[rtmod] DISPATCH kernel=406 count=64 gx=1 gy=1 gz=1
[rtmod] DISPATCH kernel=223 count=64 gx=1 gy=1 gz=1
[rtmod] DISPATCH kernel=26 count=256 gx=16 gy=1 gz=1
[rtmod] DISPATCH kernel=38 count=1 gx=1 gy=1 gz=1
[rtmod] FEW name=Subtract count=256
[rtmod] DISPATCH kernel=454 count=256 gx=1 gy=1 gz=1
[rtmod] DISPATCH kernel=66 count=1 gx=1 gy=1 gz=1
[rtmod] EV-SIGNAL tid=471452 ev=0xaaab65f1a280 val=1 st=1 host=0
[rtmod] SUBMIT-ENTER tid=471452
[rtmod] SUBMIT tid=471452 cv=134 waits=1 sigs=2 cmds=1
[rtmod] COMMIT-NOOP
[rtmod] EV-WAIT-ENC tid=471452 ev=0xaaab65fb0280 val=1 st=0
[rtmod] EV-WAIT-ENC tid=471452 ev=0xaaab65f1a280 val=1 st=0
[rtmod] FENCE-UPDATE count=0 st=0
[rtmod] EV-SIGNAL tid=471452 ev=0xaaab66025b20 val=1 st=0 host=0
[rtmod] SUBMIT-ENTER tid=471452
[rtmod] SUBMIT tid=471452 cv=135 waits=3 sigs=2 cmds=1
[rtmod] EV-WAIT-ENC tid=471452 ev=0xaaab66025b20 val=1 st=0
[rtmod] FENCE-UPDATE count=1 st=0
[rtmod] EV-SIGNAL tid=471452 ev=0xaaab66025b20 val=2 st=0 host=0
[rtmod] SUBMIT-ENTER tid=471452
[rtmod] SUBMIT tid=471452 cv=136 waits=2 sigs=2 cmds=1
[rtmod] EV-WAIT-ENC tid=471452 ev=0xaaab66025b20 val=2 st=1
[rtmod] DISPATCH kernel=192 count=256 gx=1 gy=1 gz=1
[rtmod] DISPATCH kernel=223 count=256 gx=4 gy=1 gz=1
[rtmod] DISPATCH kernel=26 count=128 gx=2 gy=1 gz=1
[rtmod] DISPATCH kernel=26 count=128 gx=2 gy=1 gz=1
[rtmod] DISPATCH kernel=26 count=256 gx=4 gy=1 gz=1
[rtmod] DISPATCH kernel=223 count=128 gx=4 gy=1 gz=1
[rtmod] DISPATCH kernel=247 count=64 gx=1 gy=1 gz=1
[rtmod] DISPATCH kernel=223 count=256 gx=8 gy=1 gz=1
[rtmod] DISPATCH kernel=58 count=128 gx=1 gy=1 gz=1
[rtmod] DISPATCH kernel=58 count=128 gx=1 gy=1 gz=1
[rtmod] DISPATCH kernel=247 count=128 gx=1 gy=1 gz=1
[rtmod] DISPATCH kernel=9 count=256 gx=1 gy=1 gz=1
[rtmod] FEW name=ScaledDotProductAttention count=256
[rtmod] DISPATCH kernel=452 count=256 gx=1 gy=1 gz=1
[rtmod] DISPATCH kernel=9 count=512 gx=2 gy=1 gz=1
[rtmod] DISPATCH kernel=9 count=512 gx=2 gy=1 gz=1
[rtmod] DISPATCH kernel=23 count=128 gx=1 gy=1 gz=2
[rtmod] DISPATCH kernel=33 count=128 gx=8 gy=1 gz=1
[rtmod] DISPATCH kernel=23 count=256 gx=2 gy=1 gz=2
[rtmod] DISPATCH kernel=10 count=256 gx=1 gy=1 gz=1
[rtmod] DISPATCH kernel=58 count=256 gx=1 gy=1 gz=1
[rtmod] DISPATCH kernel=26 count=256 gx=4 gy=1 gz=1
[rtmod] FEW name=Add count=256
[rtmod] DISPATCH kernel=406 count=256 gx=1 gy=1 gz=1
[rtmod] DISPATCH kernel=223 count=256 gx=4 gy=1 gz=1
[rtmod] DISPATCH kernel=26 count=512 gx=8 gy=1 gz=1
[rtmod] DISPATCH kernel=26 count=512 gx=8 gy=1 gz=1
[rtmod] DISPATCH kernel=409 count=512 gx=1 gy=1 gz=1
[rtmod] DISPATCH kernel=26 count=256 gx=4 gy=1 gz=1
[rtmod] FEW name=Add count=256
[rtmod] DISPATCH kernel=406 count=256 gx=1 gy=1 gz=1
[rtmod] DISPATCH kernel=223 count=256 gx=4 gy=1 gz=1
[rtmod] DISPATCH kernel=26 count=128 gx=2 gy=1 gz=1
[rtmod] DISPATCH kernel=26 count=128 gx=2 gy=1 gz=1
[rtmod] DISPATCH kernel=26 count=256 gx=4 gy=1 gz=1
[rtmod] DISPATCH kernel=223 count=128 gx=4 gy=1 gz=1
[rtmod] DISPATCH kernel=247 count=64 gx=1 gy=1 gz=1
[rtmod] DISPATCH kernel=223 count=256 gx=8 gy=1 gz=1
[rtmod] DISPATCH kernel=58 count=128 gx=1 gy=1 gz=1
[rtmod] DISPATCH kernel=58 count=128 gx=1 gy=1 gz=1
[rtmod] DISPATCH kernel=247 count=128 gx=1 gy=1 gz=1
[rtmod] DISPATCH kernel=9 count=256 gx=1 gy=1 gz=1
[rtmod] FEW name=ScaledDotProductAttention count=256
[rtmod] DISPATCH kernel=452 count=256 gx=1 gy=1 gz=1
[rtmod] DISPATCH kernel=9 count=512 gx=2 gy=1 gz=1
[rtmod] DISPATCH kernel=9 count=512 gx=2 gy=1 gz=1
[rtmod] DISPATCH kernel=23 count=128 gx=1 gy=1 gz=2
[rtmod] DISPATCH kernel=33 count=128 gx=8 gy=1 gz=1
[rtmod] DISPATCH kernel=23 count=256 gx=2 gy=1 gz=2
[rtmod] DISPATCH kernel=10 count=256 gx=1 gy=1 gz=1
[rtmod] DISPATCH kernel=58 count=256 gx=1 gy=1 gz=1
[rtmod] DISPATCH kernel=26 count=256 gx=4 gy=1 gz=1
[rtmod] FEW name=Add count=256
[rtmod] DISPATCH kernel=406 count=256 gx=1 gy=1 gz=1
[rtmod] DISPATCH kernel=223 count=256 gx=4 gy=1 gz=1
[rtmod] DISPATCH kernel=26 count=512 gx=8 gy=1 gz=1
[rtmod] DISPATCH kernel=26 count=512 gx=8 gy=1 gz=1
[rtmod] DISPATCH kernel=409 count=512 gx=1 gy=1 gz=1
[rtmod] DISPATCH kernel=26 count=256 gx=4 gy=1 gz=1
[rtmod] FEW name=Add count=256
[rtmod] DISPATCH kernel=406 count=256 gx=1 gy=1 gz=1
[rtmod] DISPATCH kernel=223 count=256 gx=4 gy=1 gz=1
[rtmod] DISPATCH kernel=26 count=1024 gx=16 gy=1 gz=1
[rtmod] DISPATCH kernel=38 count=4 gx=4 gy=1 gz=1
[rtmod] FEW name=Subtract count=1024
[rtmod] DISPATCH kernel=454 count=1024 gx=4 gy=1 gz=1
[rtmod] DISPATCH kernel=66 count=4 gx=4 gy=1 gz=1
[rtmod] EV-WAIT-ENC tid=471452 ev=0xaaab66025b20 val=2 st=1
[rtmod] COMMIT-NOOP
[rtmod] EV-SIGNAL tid=471452 ev=0xaaab65f2f140 val=1 st=1 host=0
[rtmod] SUBMIT-ENTER tid=471452
[rtmod] SUBMIT tid=471452 cv=137 waits=3 sigs=2 cmds=1
[rtmod] COMMIT-NOOP
[rtmod] EV-WAIT tid=471452 ev=0xaaab65f2f140 val=1 cnt=0 resv=137
[rtmod] DISPATCH kernel=192 count=64 gx=1 gy=1 gz=1
[rtmod] DISPATCH kernel=223 count=64 gx=1 gy=1 gz=1
[rtmod] DISPATCH kernel=26 count=32 gx=2 gy=1 gz=1
[rtmod] DISPATCH kernel=26 count=32 gx=2 gy=1 gz=1
[rtmod] DISPATCH kernel=26 count=64 gx=4 gy=1 gz=1
[rtmod] DISPATCH kernel=223 count=32 gx=1 gy=1 gz=1
[rtmod] DISPATCH kernel=247 count=16 gx=1 gy=1 gz=1
[rtmod] DISPATCH kernel=223 count=64 gx=2 gy=1 gz=1
[rtmod] DISPATCH kernel=58 count=32 gx=1 gy=1 gz=1
[rtmod] DISPATCH kernel=58 count=32 gx=1 gy=1 gz=1
[rtmod] DISPATCH kernel=247 count=32 gx=1 gy=1 gz=1
[rtmod] DISPATCH kernel=9 count=64 gx=1 gy=1 gz=1
[rtmod] FEW name=ScaledDotProductAttention count=64
[rtmod] DISPATCH kernel=452 count=64 gx=1 gy=1 gz=1
[rtmod] DISPATCH kernel=9 count=448 gx=2 gy=1 gz=1
[rtmod] DISPATCH kernel=9 count=448 gx=2 gy=1 gz=1
[rtmod] DISPATCH kernel=23 count=28 gx=1 gy=1 gz=2
[rtmod] DISPATCH kernel=33 count=28 gx=2 gy=1 gz=1
[rtmod] DISPATCH kernel=23 count=64 gx=2 gy=1 gz=2
[rtmod] DISPATCH kernel=10 count=64 gx=1 gy=1 gz=1
[rtmod] DISPATCH kernel=26 count=64 gx=4 gy=1 gz=1
[rtmod] FEW name=Add count=64
[rtmod] DISPATCH kernel=406 count=64 gx=1 gy=1 gz=1
[rtmod] DISPATCH kernel=223 count=64 gx=1 gy=1 gz=1
[rtmod] DISPATCH kernel=26 count=128 gx=8 gy=1 gz=1
[rtmod] DISPATCH kernel=26 count=128 gx=8 gy=1 gz=1
[rtmod] DISPATCH kernel=409 count=128 gx=1 gy=1 gz=1
[rtmod] DISPATCH kernel=29 count=64 gx=16 gy=1 gz=1
[rtmod] FEW name=Add count=64
[rtmod] DISPATCH kernel=406 count=64 gx=1 gy=1 gz=1
[rtmod] DISPATCH kernel=223 count=64 gx=1 gy=1 gz=1
[rtmod] DISPATCH kernel=26 count=32 gx=2 gy=1 gz=1
[rtmod] DISPATCH kernel=26 count=32 gx=2 gy=1 gz=1
[rtmod] DISPATCH kernel=26 count=64 gx=4 gy=1 gz=1
[rtmod] DISPATCH kernel=223 count=32 gx=1 gy=1 gz=1
[rtmod] DISPATCH kernel=247 count=16 gx=1 gy=1 gz=1
[rtmod] DISPATCH kernel=223 count=64 gx=2 gy=1 gz=1
[rtmod] DISPATCH kernel=58 count=32 gx=1 gy=1 gz=1
[rtmod] DISPATCH kernel=58 count=32 gx=1 gy=1 gz=1
[rtmod] DISPATCH kernel=247 count=32 gx=1 gy=1 gz=1
[rtmod] DISPATCH kernel=9 count=64 gx=1 gy=1 gz=1
[rtmod] FEW name=ScaledDotProductAttention count=64
[rtmod] DISPATCH kernel=452 count=64 gx=1 gy=1 gz=1
[rtmod] DISPATCH kernel=9 count=448 gx=2 gy=1 gz=1
[rtmod] DISPATCH kernel=9 count=448 gx=2 gy=1 gz=1
[rtmod] DISPATCH kernel=23 count=28 gx=1 gy=1 gz=2
[rtmod] DISPATCH kernel=33 count=28 gx=2 gy=1 gz=1
[rtmod] DISPATCH kernel=23 count=64 gx=2 gy=1 gz=2
[rtmod] DISPATCH kernel=10 count=64 gx=1 gy=1 gz=1
[rtmod] DISPATCH kernel=26 count=64 gx=4 gy=1 gz=1
[rtmod] FEW name=Add count=64
[rtmod] DISPATCH kernel=406 count=64 gx=1 gy=1 gz=1
[rtmod] DISPATCH kernel=223 count=64 gx=1 gy=1 gz=1
[rtmod] DISPATCH kernel=26 count=128 gx=8 gy=1 gz=1
[rtmod] DISPATCH kernel=26 count=128 gx=8 gy=1 gz=1
[rtmod] DISPATCH kernel=409 count=128 gx=1 gy=1 gz=1
[rtmod] DISPATCH kernel=29 count=64 gx=16 gy=1 gz=1
[rtmod] FEW name=Add count=64
[rtmod] DISPATCH kernel=406 count=64 gx=1 gy=1 gz=1
[rtmod] DISPATCH kernel=223 count=64 gx=1 gy=1 gz=1
[rtmod] DISPATCH kernel=26 count=256 gx=16 gy=1 gz=1
[rtmod] DISPATCH kernel=38 count=1 gx=1 gy=1 gz=1
[rtmod] FEW name=Subtract count=256
[rtmod] DISPATCH kernel=454 count=256 gx=1 gy=1 gz=1
[rtmod] DISPATCH kernel=66 count=1 gx=1 gy=1 gz=1
[rtmod] EV-SIGNAL tid=471452 ev=0xaaab66059960 val=1 st=1 host=0
[rtmod] SUBMIT-ENTER tid=471452
[rtmod] SUBMIT tid=471452 cv=138 waits=1 sigs=2 cmds=1
[rtmod] COMMIT-NOOP
[rtmod] DISPATCH kernel=192 count=64 gx=1 gy=1 gz=1
[rtmod] DISPATCH kernel=223 count=64 gx=1 gy=1 gz=1
[rtmod] DISPATCH kernel=26 count=32 gx=2 gy=1 gz=1
[rtmod] DISPATCH kernel=26 count=32 gx=2 gy=1 gz=1
[rtmod] DISPATCH kernel=26 count=64 gx=4 gy=1 gz=1
[rtmod] DISPATCH kernel=223 count=32 gx=1 gy=1 gz=1
[rtmod] DISPATCH kernel=247 count=16 gx=1 gy=1 gz=1
[rtmod] DISPATCH kernel=223 count=64 gx=2 gy=1 gz=1
[rtmod] DISPATCH kernel=58 count=32 gx=1 gy=1 gz=1
[rtmod] DISPATCH kernel=58 count=32 gx=1 gy=1 gz=1
[rtmod] DISPATCH kernel=247 count=32 gx=1 gy=1 gz=1
[rtmod] DISPATCH kernel=9 count=64 gx=1 gy=1 gz=1
[rtmod] FEW name=ScaledDotProductAttention count=64
[rtmod] DISPATCH kernel=452 count=64 gx=1 gy=1 gz=1
[rtmod] DISPATCH kernel=9 count=480 gx=2 gy=1 gz=1
[rtmod] DISPATCH kernel=9 count=480 gx=2 gy=1 gz=1
[rtmod] DISPATCH kernel=23 count=30 gx=1 gy=1 gz=2
[rtmod] DISPATCH kernel=33 count=30 gx=2 gy=1 gz=1
[rtmod] DISPATCH kernel=23 count=64 gx=2 gy=1 gz=2
[rtmod] DISPATCH kernel=10 count=64 gx=1 gy=1 gz=1
[rtmod] DISPATCH kernel=26 count=64 gx=4 gy=1 gz=1
[rtmod] FEW name=Add count=64
[rtmod] DISPATCH kernel=406 count=64 gx=1 gy=1 gz=1
[rtmod] DISPATCH kernel=223 count=64 gx=1 gy=1 gz=1
[rtmod] DISPATCH kernel=26 count=128 gx=8 gy=1 gz=1
[rtmod] DISPATCH kernel=26 count=128 gx=8 gy=1 gz=1
[rtmod] DISPATCH kernel=409 count=128 gx=1 gy=1 gz=1
[rtmod] DISPATCH kernel=29 count=64 gx=16 gy=1 gz=1
[rtmod] FEW name=Add count=64
[rtmod] DISPATCH kernel=406 count=64 gx=1 gy=1 gz=1
[rtmod] DISPATCH kernel=223 count=64 gx=1 gy=1 gz=1
[rtmod] DISPATCH kernel=26 count=32 gx=2 gy=1 gz=1
[rtmod] DISPATCH kernel=26 count=32 gx=2 gy=1 gz=1
[rtmod] DISPATCH kernel=26 count=64 gx=4 gy=1 gz=1
[rtmod] DISPATCH kernel=223 count=32 gx=1 gy=1 gz=1
[rtmod] DISPATCH kernel=247 count=16 gx=1 gy=1 gz=1
[rtmod] DISPATCH kernel=223 count=64 gx=2 gy=1 gz=1
[rtmod] DISPATCH kernel=58 count=32 gx=1 gy=1 gz=1
[rtmod] DISPATCH kernel=58 count=32 gx=1 gy=1 gz=1
[rtmod] DISPATCH kernel=247 count=32 gx=1 gy=1 gz=1
[rtmod] DISPATCH kernel=9 count=64 gx=1 gy=1 gz=1
[rtmod] FEW name=ScaledDotProductAttention count=64
[rtmod] DISPATCH kernel=452 count=64 gx=1 gy=1 gz=1
[rtmod] DISPATCH kernel=9 count=480 gx=2 gy=1 gz=1
[rtmod] DISPATCH kernel=9 count=480 gx=2 gy=1 gz=1
[rtmod] DISPATCH kernel=23 count=30 gx=1 gy=1 gz=2
[rtmod] DISPATCH kernel=33 count=30 gx=2 gy=1 gz=1
[rtmod] DISPATCH kernel=23 count=64 gx=2 gy=1 gz=2
[rtmod] DISPATCH kernel=10 count=64 gx=1 gy=1 gz=1
[rtmod] DISPATCH kernel=26 count=64 gx=4 gy=1 gz=1
[rtmod] FEW name=Add count=64
[rtmod] DISPATCH kernel=406 count=64 gx=1 gy=1 gz=1
[rtmod] DISPATCH kernel=223 count=64 gx=1 gy=1 gz=1
[rtmod] DISPATCH kernel=26 count=128 gx=8 gy=1 gz=1
[rtmod] DISPATCH kernel=26 count=128 gx=8 gy=1 gz=1
[rtmod] DISPATCH kernel=409 count=128 gx=1 gy=1 gz=1
[rtmod] DISPATCH kernel=29 count=64 gx=16 gy=1 gz=1
[rtmod] FEW name=Add count=64
[rtmod] DISPATCH kernel=406 count=64 gx=1 gy=1 gz=1
[rtmod] DISPATCH kernel=223 count=64 gx=1 gy=1 gz=1
[rtmod] DISPATCH kernel=26 count=256 gx=16 gy=1 gz=1
[rtmod] DISPATCH kernel=38 count=1 gx=1 gy=1 gz=1
[rtmod] FEW name=Subtract count=256
[rtmod] DISPATCH kernel=454 count=256 gx=1 gy=1 gz=1
[rtmod] DISPATCH kernel=66 count=1 gx=1 gy=1 gz=1
[rtmod] EV-SIGNAL tid=471452 ev=0xaaab66057e40 val=1 st=1 host=0
[rtmod] SUBMIT-ENTER tid=471452
[rtmod] SUBMIT tid=471452 cv=139 waits=1 sigs=2 cmds=1
[rtmod] COMMIT-NOOP
[rtmod] DISPATCH kernel=192 count=64 gx=1 gy=1 gz=1
[rtmod] DISPATCH kernel=223 count=64 gx=1 gy=1 gz=1
[rtmod] DISPATCH kernel=26 count=32 gx=2 gy=1 gz=1
[rtmod] DISPATCH kernel=26 count=32 gx=2 gy=1 gz=1
[rtmod] DISPATCH kernel=26 count=64 gx=4 gy=1 gz=1
[rtmod] DISPATCH kernel=223 count=32 gx=1 gy=1 gz=1
[rtmod] DISPATCH kernel=247 count=16 gx=1 gy=1 gz=1
[rtmod] DISPATCH kernel=223 count=64 gx=2 gy=1 gz=1
[rtmod] DISPATCH kernel=58 count=32 gx=1 gy=1 gz=1
[rtmod] DISPATCH kernel=58 count=32 gx=1 gy=1 gz=1
[rtmod] DISPATCH kernel=247 count=32 gx=1 gy=1 gz=1
[rtmod] DISPATCH kernel=9 count=64 gx=1 gy=1 gz=1
[rtmod] FEW name=ScaledDotProductAttention count=64
[rtmod] DISPATCH kernel=452 count=64 gx=1 gy=1 gz=1
[rtmod] DISPATCH kernel=9 count=512 gx=2 gy=1 gz=1
[rtmod] DISPATCH kernel=9 count=512 gx=2 gy=1 gz=1
[rtmod] DISPATCH kernel=23 count=32 gx=1 gy=1 gz=2
[rtmod] DISPATCH kernel=33 count=32 gx=2 gy=1 gz=1
[rtmod] DISPATCH kernel=23 count=64 gx=2 gy=1 gz=2
[rtmod] DISPATCH kernel=10 count=64 gx=1 gy=1 gz=1
[rtmod] DISPATCH kernel=26 count=64 gx=4 gy=1 gz=1
[rtmod] FEW name=Add count=64
[rtmod] DISPATCH kernel=406 count=64 gx=1 gy=1 gz=1
[rtmod] DISPATCH kernel=223 count=64 gx=1 gy=1 gz=1
[rtmod] DISPATCH kernel=26 count=128 gx=8 gy=1 gz=1
[rtmod] DISPATCH kernel=26 count=128 gx=8 gy=1 gz=1
[rtmod] DISPATCH kernel=409 count=128 gx=1 gy=1 gz=1
[rtmod] DISPATCH kernel=29 count=64 gx=16 gy=1 gz=1
[rtmod] FEW name=Add count=64
[rtmod] DISPATCH kernel=406 count=64 gx=1 gy=1 gz=1
[rtmod] DISPATCH kernel=223 count=64 gx=1 gy=1 gz=1
[rtmod] DISPATCH kernel=26 count=32 gx=2 gy=1 gz=1
[rtmod] DISPATCH kernel=26 count=32 gx=2 gy=1 gz=1
[rtmod] DISPATCH kernel=26 count=64 gx=4 gy=1 gz=1
[rtmod] DISPATCH kernel=223 count=32 gx=1 gy=1 gz=1
[rtmod] DISPATCH kernel=247 count=16 gx=1 gy=1 gz=1
[rtmod] DISPATCH kernel=223 count=64 gx=2 gy=1 gz=1
[rtmod] DISPATCH kernel=58 count=32 gx=1 gy=1 gz=1
[rtmod] DISPATCH kernel=58 count=32 gx=1 gy=1 gz=1
[rtmod] DISPATCH kernel=247 count=32 gx=1 gy=1 gz=1
[rtmod] DISPATCH kernel=9 count=64 gx=1 gy=1 gz=1
[rtmod] FEW name=ScaledDotProductAttention count=64
[rtmod] DISPATCH kernel=452 count=64 gx=1 gy=1 gz=1
[rtmod] DISPATCH kernel=9 count=512 gx=2 gy=1 gz=1
[rtmod] DISPATCH kernel=9 count=512 gx=2 gy=1 gz=1
[rtmod] DISPATCH kernel=23 count=32 gx=1 gy=1 gz=2
[rtmod] DISPATCH kernel=33 count=32 gx=2 gy=1 gz=1
[rtmod] DISPATCH kernel=23 count=64 gx=2 gy=1 gz=2
[rtmod] DISPATCH kernel=10 count=64 gx=1 gy=1 gz=1
[rtmod] DISPATCH kernel=26 count=64 gx=4 gy=1 gz=1
[rtmod] FEW name=Add count=64
[rtmod] DISPATCH kernel=406 count=64 gx=1 gy=1 gz=1
[rtmod] DISPATCH kernel=223 count=64 gx=1 gy=1 gz=1
[rtmod] DISPATCH kernel=26 count=128 gx=8 gy=1 gz=1
[rtmod] DISPATCH kernel=26 count=128 gx=8 gy=1 gz=1
[rtmod] DISPATCH kernel=409 count=128 gx=1 gy=1 gz=1
[rtmod] DISPATCH kernel=29 count=64 gx=16 gy=1 gz=1
[rtmod] FEW name=Add count=64
[rtmod] DISPATCH kernel=406 count=64 gx=1 gy=1 gz=1
[rtmod] DISPATCH kernel=223 count=64 gx=1 gy=1 gz=1
[rtmod] DISPATCH kernel=26 count=256 gx=16 gy=1 gz=1
[rtmod] DISPATCH kernel=38 count=1 gx=1 gy=1 gz=1
[rtmod] FEW name=Subtract count=256
[rtmod] DISPATCH kernel=454 count=256 gx=1 gy=1 gz=1
[rtmod] DISPATCH kernel=66 count=1 gx=1 gy=1 gz=1
[rtmod] EV-SIGNAL tid=471452 ev=0xaaab66059d20 val=1 st=1 host=0
[rtmod] SUBMIT-ENTER tid=471452
[rtmod] SUBMIT tid=471452 cv=140 waits=1 sigs=2 cmds=1
[rtmod] COMMIT-NOOP
[rtmod] EV-WAIT-ENC tid=471452 ev=0xaaab66059960 val=1 st=0
[rtmod] EV-WAIT-ENC tid=471452 ev=0xaaab66057e40 val=1 st=0
[rtmod] EV-WAIT-ENC tid=471452 ev=0xaaab66059d20 val=1 st=0
[rtmod] FENCE-UPDATE count=0 st=0
[rtmod] EV-SIGNAL tid=471452 ev=0xaaab659db750 val=1 st=0 host=0
[rtmod] SUBMIT-ENTER tid=471452
[rtmod] SUBMIT tid=471452 cv=141 waits=4 sigs=2 cmds=1
[rtmod] EV-WAIT-ENC tid=471452 ev=0xaaab659db750 val=1 st=0
[rtmod] FENCE-UPDATE count=1 st=0
[rtmod] EV-SIGNAL tid=471452 ev=0xaaab659db750 val=2 st=0 host=0
[rtmod] SUBMIT-ENTER tid=471452
[rtmod] SUBMIT tid=471452 cv=142 waits=2 sigs=2 cmds=1
[rtmod] EV-WAIT-ENC tid=471452 ev=0xaaab659db750 val=2 st=1
[rtmod] DISPATCH kernel=192 count=256 gx=1 gy=1 gz=1
[rtmod] DISPATCH kernel=223 count=256 gx=4 gy=1 gz=1
[rtmod] DISPATCH kernel=26 count=128 gx=2 gy=1 gz=1
[rtmod] DISPATCH kernel=26 count=128 gx=2 gy=1 gz=1
[rtmod] DISPATCH kernel=26 count=256 gx=4 gy=1 gz=1
[rtmod] DISPATCH kernel=223 count=128 gx=4 gy=1 gz=1
[rtmod] DISPATCH kernel=247 count=64 gx=1 gy=1 gz=1
[rtmod] DISPATCH kernel=223 count=256 gx=8 gy=1 gz=1
[rtmod] DISPATCH kernel=58 count=128 gx=1 gy=1 gz=1
[rtmod] DISPATCH kernel=58 count=128 gx=1 gy=1 gz=1
[rtmod] DISPATCH kernel=247 count=128 gx=1 gy=1 gz=1
[rtmod] DISPATCH kernel=9 count=256 gx=1 gy=1 gz=1
[rtmod] FEW name=ScaledDotProductAttention count=256
[rtmod] DISPATCH kernel=452 count=256 gx=1 gy=1 gz=1
[rtmod] DISPATCH kernel=9 count=544 gx=3 gy=1 gz=1
[rtmod] DISPATCH kernel=9 count=544 gx=3 gy=1 gz=1
[rtmod] DISPATCH kernel=23 count=136 gx=2 gy=1 gz=2
[rtmod] DISPATCH kernel=33 count=136 gx=8 gy=1 gz=1
[rtmod] DISPATCH kernel=23 count=256 gx=2 gy=1 gz=2
[rtmod] DISPATCH kernel=10 count=256 gx=1 gy=1 gz=1
[rtmod] DISPATCH kernel=58 count=256 gx=1 gy=1 gz=1
[rtmod] DISPATCH kernel=26 count=256 gx=4 gy=1 gz=1
[rtmod] FEW name=Add count=256
[rtmod] DISPATCH kernel=406 count=256 gx=1 gy=1 gz=1
[rtmod] DISPATCH kernel=223 count=256 gx=4 gy=1 gz=1
[rtmod] DISPATCH kernel=26 count=512 gx=8 gy=1 gz=1
[rtmod] DISPATCH kernel=26 count=512 gx=8 gy=1 gz=1
[rtmod] DISPATCH kernel=409 count=512 gx=1 gy=1 gz=1
[rtmod] DISPATCH kernel=26 count=256 gx=4 gy=1 gz=1
[rtmod] FEW name=Add count=256
[rtmod] DISPATCH kernel=406 count=256 gx=1 gy=1 gz=1
[rtmod] DISPATCH kernel=223 count=256 gx=4 gy=1 gz=1
[rtmod] DISPATCH kernel=26 count=128 gx=2 gy=1 gz=1
[rtmod] DISPATCH kernel=26 count=128 gx=2 gy=1 gz=1
[rtmod] DISPATCH kernel=26 count=256 gx=4 gy=1 gz=1
[rtmod] DISPATCH kernel=223 count=128 gx=4 gy=1 gz=1
[rtmod] DISPATCH kernel=247 count=64 gx=1 gy=1 gz=1
[rtmod] DISPATCH kernel=223 count=256 gx=8 gy=1 gz=1
[rtmod] DISPATCH kernel=58 count=128 gx=1 gy=1 gz=1
[rtmod] DISPATCH kernel=58 count=128 gx=1 gy=1 gz=1
[rtmod] DISPATCH kernel=247 count=128 gx=1 gy=1 gz=1
[rtmod] DISPATCH kernel=9 count=256 gx=1 gy=1 gz=1
[rtmod] FEW name=ScaledDotProductAttention count=256
[rtmod] DISPATCH kernel=452 count=256 gx=1 gy=1 gz=1
[rtmod] DISPATCH kernel=9 count=544 gx=3 gy=1 gz=1
[rtmod] DISPATCH kernel=9 count=544 gx=3 gy=1 gz=1
[rtmod] DISPATCH kernel=23 count=136 gx=2 gy=1 gz=2
[rtmod] DISPATCH kernel=33 count=136 gx=8 gy=1 gz=1
[rtmod] DISPATCH kernel=23 count=256 gx=2 gy=1 gz=2
[rtmod] DISPATCH kernel=10 count=256 gx=1 gy=1 gz=1
[rtmod] DISPATCH kernel=58 count=256 gx=1 gy=1 gz=1
[rtmod] DISPATCH kernel=26 count=256 gx=4 gy=1 gz=1
[rtmod] FEW name=Add count=256
[rtmod] DISPATCH kernel=406 count=256 gx=1 gy=1 gz=1
[rtmod] DISPATCH kernel=223 count=256 gx=4 gy=1 gz=1
[rtmod] DISPATCH kernel=26 count=512 gx=8 gy=1 gz=1
[rtmod] DISPATCH kernel=26 count=512 gx=8 gy=1 gz=1
[rtmod] DISPATCH kernel=409 count=512 gx=1 gy=1 gz=1
[rtmod] DISPATCH kernel=26 count=256 gx=4 gy=1 gz=1
[rtmod] FEW name=Add count=256
[rtmod] DISPATCH kernel=406 count=256 gx=1 gy=1 gz=1
[rtmod] DISPATCH kernel=223 count=256 gx=4 gy=1 gz=1
[rtmod] DISPATCH kernel=26 count=1024 gx=16 gy=1 gz=1
[rtmod] DISPATCH kernel=38 count=4 gx=4 gy=1 gz=1
[rtmod] FEW name=Subtract count=1024
[rtmod] DISPATCH kernel=454 count=1024 gx=4 gy=1 gz=1
[rtmod] DISPATCH kernel=66 count=4 gx=4 gy=1 gz=1
[rtmod] EV-WAIT-ENC tid=471452 ev=0xaaab659db750 val=2 st=1
[rtmod] COMMIT-NOOP
[rtmod] EV-SIGNAL tid=471452 ev=0xaaab66052050 val=1 st=1 host=0
[rtmod] SUBMIT-ENTER tid=471452
[rtmod] SUBMIT tid=471452 cv=143 waits=3 sigs=2 cmds=1
[rtmod] COMMIT-NOOP
[rtmod] EV-WAIT tid=471452 ev=0xaaab66052050 val=1 cnt=0 resv=143
[rtmod] DISPATCH kernel=192 count=64 gx=1 gy=1 gz=1
[rtmod] DISPATCH kernel=223 count=64 gx=1 gy=1 gz=1
[rtmod] DISPATCH kernel=26 count=32 gx=2 gy=1 gz=1
[rtmod] DISPATCH kernel=26 count=32 gx=2 gy=1 gz=1
[rtmod] DISPATCH kernel=26 count=64 gx=4 gy=1 gz=1
[rtmod] DISPATCH kernel=223 count=32 gx=1 gy=1 gz=1
[rtmod] DISPATCH kernel=247 count=16 gx=1 gy=1 gz=1
[rtmod] DISPATCH kernel=223 count=64 gx=2 gy=1 gz=1
[rtmod] DISPATCH kernel=58 count=32 gx=1 gy=1 gz=1
[rtmod] DISPATCH kernel=58 count=32 gx=1 gy=1 gz=1
[rtmod] DISPATCH kernel=247 count=32 gx=1 gy=1 gz=1
[rtmod] DISPATCH kernel=9 count=64 gx=1 gy=1 gz=1
[rtmod] FEW name=ScaledDotProductAttention count=64
[rtmod] DISPATCH kernel=452 count=64 gx=1 gy=1 gz=1
[rtmod] DISPATCH kernel=9 count=480 gx=2 gy=1 gz=1
[rtmod] DISPATCH kernel=9 count=480 gx=2 gy=1 gz=1
[rtmod] DISPATCH kernel=23 count=30 gx=1 gy=1 gz=2
[rtmod] DISPATCH kernel=33 count=30 gx=2 gy=1 gz=1
[rtmod] DISPATCH kernel=23 count=64 gx=2 gy=1 gz=2
[rtmod] DISPATCH kernel=10 count=64 gx=1 gy=1 gz=1
[rtmod] DISPATCH kernel=26 count=64 gx=4 gy=1 gz=1
[rtmod] FEW name=Add count=64
[rtmod] DISPATCH kernel=406 count=64 gx=1 gy=1 gz=1
[rtmod] DISPATCH kernel=223 count=64 gx=1 gy=1 gz=1
[rtmod] DISPATCH kernel=26 count=128 gx=8 gy=1 gz=1
[rtmod] DISPATCH kernel=26 count=128 gx=8 gy=1 gz=1
[rtmod] DISPATCH kernel=409 count=128 gx=1 gy=1 gz=1
[rtmod] DISPATCH kernel=29 count=64 gx=16 gy=1 gz=1
[rtmod] FEW name=Add count=64
[rtmod] DISPATCH kernel=406 count=64 gx=1 gy=1 gz=1
[rtmod] DISPATCH kernel=223 count=64 gx=1 gy=1 gz=1
[rtmod] DISPATCH kernel=26 count=32 gx=2 gy=1 gz=1
[rtmod] DISPATCH kernel=26 count=32 gx=2 gy=1 gz=1
[rtmod] DISPATCH kernel=26 count=64 gx=4 gy=1 gz=1
[rtmod] DISPATCH kernel=223 count=32 gx=1 gy=1 gz=1
[rtmod] DISPATCH kernel=247 count=16 gx=1 gy=1 gz=1
[rtmod] DISPATCH kernel=223 count=64 gx=2 gy=1 gz=1
[rtmod] DISPATCH kernel=58 count=32 gx=1 gy=1 gz=1
[rtmod] DISPATCH kernel=58 count=32 gx=1 gy=1 gz=1
[rtmod] DISPATCH kernel=247 count=32 gx=1 gy=1 gz=1
[rtmod] DISPATCH kernel=9 count=64 gx=1 gy=1 gz=1
[rtmod] FEW name=ScaledDotProductAttention count=64
[rtmod] DISPATCH kernel=452 count=64 gx=1 gy=1 gz=1
[rtmod] DISPATCH kernel=9 count=480 gx=2 gy=1 gz=1
[rtmod] DISPATCH kernel=9 count=480 gx=2 gy=1 gz=1
[rtmod] DISPATCH kernel=23 count=30 gx=1 gy=1 gz=2
[rtmod] DISPATCH kernel=33 count=30 gx=2 gy=1 gz=1
[rtmod] DISPATCH kernel=23 count=64 gx=2 gy=1 gz=2
[rtmod] DISPATCH kernel=10 count=64 gx=1 gy=1 gz=1
[rtmod] DISPATCH kernel=26 count=64 gx=4 gy=1 gz=1
[rtmod] FEW name=Add count=64
[rtmod] DISPATCH kernel=406 count=64 gx=1 gy=1 gz=1
[rtmod] DISPATCH kernel=223 count=64 gx=1 gy=1 gz=1
[rtmod] DISPATCH kernel=26 count=128 gx=8 gy=1 gz=1
[rtmod] DISPATCH kernel=26 count=128 gx=8 gy=1 gz=1
[rtmod] DISPATCH kernel=409 count=128 gx=1 gy=1 gz=1
[rtmod] DISPATCH kernel=29 count=64 gx=16 gy=1 gz=1
[rtmod] FEW name=Add count=64
[rtmod] DISPATCH kernel=406 count=64 gx=1 gy=1 gz=1
[rtmod] DISPATCH kernel=223 count=64 gx=1 gy=1 gz=1
[rtmod] DISPATCH kernel=26 count=256 gx=16 gy=1 gz=1
[rtmod] DISPATCH kernel=38 count=1 gx=1 gy=1 gz=1
[rtmod] FEW name=Subtract count=256
[rtmod] DISPATCH kernel=454 count=256 gx=1 gy=1 gz=1
[rtmod] DISPATCH kernel=66 count=1 gx=1 gy=1 gz=1
[rtmod] EV-SIGNAL tid=471452 ev=0xaaab65f2f140 val=1 st=1 host=0
[rtmod] SUBMIT-ENTER tid=471452
[rtmod] SUBMIT tid=471452 cv=144 waits=1 sigs=2 cmds=1
[rtmod] COMMIT-NOOP
[rtmod] DISPATCH kernel=192 count=64 gx=1 gy=1 gz=1
[rtmod] DISPATCH kernel=223 count=64 gx=1 gy=1 gz=1
[rtmod] DISPATCH kernel=26 count=32 gx=2 gy=1 gz=1
[rtmod] DISPATCH kernel=26 count=32 gx=2 gy=1 gz=1
[rtmod] DISPATCH kernel=26 count=64 gx=4 gy=1 gz=1
[rtmod] DISPATCH kernel=223 count=32 gx=1 gy=1 gz=1
[rtmod] DISPATCH kernel=247 count=16 gx=1 gy=1 gz=1
[rtmod] DISPATCH kernel=223 count=64 gx=2 gy=1 gz=1
[rtmod] DISPATCH kernel=58 count=32 gx=1 gy=1 gz=1
[rtmod] DISPATCH kernel=58 count=32 gx=1 gy=1 gz=1
[rtmod] DISPATCH kernel=247 count=32 gx=1 gy=1 gz=1
[rtmod] DISPATCH kernel=9 count=64 gx=1 gy=1 gz=1
[rtmod] FEW name=ScaledDotProductAttention count=64
[rtmod] DISPATCH kernel=452 count=64 gx=1 gy=1 gz=1
[rtmod] DISPATCH kernel=9 count=512 gx=2 gy=1 gz=1
[rtmod] DISPATCH kernel=9 count=512 gx=2 gy=1 gz=1
[rtmod] DISPATCH kernel=23 count=32 gx=1 gy=1 gz=2
[rtmod] DISPATCH kernel=33 count=32 gx=2 gy=1 gz=1
[rtmod] DISPATCH kernel=23 count=64 gx=2 gy=1 gz=2
[rtmod] DISPATCH kernel=10 count=64 gx=1 gy=1 gz=1
[rtmod] DISPATCH kernel=26 count=64 gx=4 gy=1 gz=1
[rtmod] FEW name=Add count=64
[rtmod] DISPATCH kernel=406 count=64 gx=1 gy=1 gz=1
[rtmod] DISPATCH kernel=223 count=64 gx=1 gy=1 gz=1
[rtmod] DISPATCH kernel=26 count=128 gx=8 gy=1 gz=1
[rtmod] DISPATCH kernel=26 count=128 gx=8 gy=1 gz=1
[rtmod] DISPATCH kernel=409 count=128 gx=1 gy=1 gz=1
[rtmod] DISPATCH kernel=29 count=64 gx=16 gy=1 gz=1
[rtmod] FEW name=Add count=64
[rtmod] DISPATCH kernel=406 count=64 gx=1 gy=1 gz=1
[rtmod] DISPATCH kernel=223 count=64 gx=1 gy=1 gz=1
[rtmod] DISPATCH kernel=26 count=32 gx=2 gy=1 gz=1
[rtmod] DISPATCH kernel=26 count=32 gx=2 gy=1 gz=1
[rtmod] DISPATCH kernel=26 count=64 gx=4 gy=1 gz=1
[rtmod] DISPATCH kernel=223 count=32 gx=1 gy=1 gz=1
[rtmod] DISPATCH kernel=247 count=16 gx=1 gy=1 gz=1
[rtmod] DISPATCH kernel=223 count=64 gx=2 gy=1 gz=1
[rtmod] DISPATCH kernel=58 count=32 gx=1 gy=1 gz=1
[rtmod] DISPATCH kernel=58 count=32 gx=1 gy=1 gz=1
[rtmod] DISPATCH kernel=247 count=32 gx=1 gy=1 gz=1
[rtmod] DISPATCH kernel=9 count=64 gx=1 gy=1 gz=1
[rtmod] FEW name=ScaledDotProductAttention count=64
[rtmod] DISPATCH kernel=452 count=64 gx=1 gy=1 gz=1
[rtmod] DISPATCH kernel=9 count=512 gx=2 gy=1 gz=1
[rtmod] DISPATCH kernel=9 count=512 gx=2 gy=1 gz=1
[rtmod] DISPATCH kernel=23 count=32 gx=1 gy=1 gz=2
[rtmod] DISPATCH kernel=33 count=32 gx=2 gy=1 gz=1
[rtmod] DISPATCH kernel=23 count=64 gx=2 gy=1 gz=2
[rtmod] DISPATCH kernel=10 count=64 gx=1 gy=1 gz=1
[rtmod] DISPATCH kernel=26 count=64 gx=4 gy=1 gz=1
[rtmod] FEW name=Add count=64
[rtmod] DISPATCH kernel=406 count=64 gx=1 gy=1 gz=1
[rtmod] DISPATCH kernel=223 count=64 gx=1 gy=1 gz=1
[rtmod] DISPATCH kernel=26 count=128 gx=8 gy=1 gz=1
[rtmod] DISPATCH kernel=26 count=128 gx=8 gy=1 gz=1
[rtmod] DISPATCH kernel=409 count=128 gx=1 gy=1 gz=1
[rtmod] DISPATCH kernel=29 count=64 gx=16 gy=1 gz=1
[rtmod] FEW name=Add count=64
[rtmod] DISPATCH kernel=406 count=64 gx=1 gy=1 gz=1
[rtmod] DISPATCH kernel=223 count=64 gx=1 gy=1 gz=1
[rtmod] DISPATCH kernel=26 count=256 gx=16 gy=1 gz=1
[rtmod] DISPATCH kernel=38 count=1 gx=1 gy=1 gz=1
[rtmod] FEW name=Subtract count=256
[rtmod] DISPATCH kernel=454 count=256 gx=1 gy=1 gz=1
[rtmod] DISPATCH kernel=66 count=1 gx=1 gy=1 gz=1
[rtmod] EV-SIGNAL tid=471452 ev=0xaaab66025b20 val=1 st=1 host=0
[rtmod] SUBMIT-ENTER tid=471452
[rtmod] SUBMIT tid=471452 cv=145 waits=1 sigs=2 cmds=1
[rtmod] COMMIT-NOOP
[rtmod] DISPATCH kernel=192 count=64 gx=1 gy=1 gz=1
[rtmod] DISPATCH kernel=223 count=64 gx=1 gy=1 gz=1
[rtmod] DISPATCH kernel=26 count=32 gx=2 gy=1 gz=1
[rtmod] DISPATCH kernel=26 count=32 gx=2 gy=1 gz=1
[rtmod] DISPATCH kernel=26 count=64 gx=4 gy=1 gz=1
[rtmod] DISPATCH kernel=223 count=32 gx=1 gy=1 gz=1
[rtmod] DISPATCH kernel=247 count=16 gx=1 gy=1 gz=1
[rtmod] DISPATCH kernel=223 count=64 gx=2 gy=1 gz=1
[rtmod] DISPATCH kernel=58 count=32 gx=1 gy=1 gz=1
[rtmod] DISPATCH kernel=58 count=32 gx=1 gy=1 gz=1
[rtmod] DISPATCH kernel=247 count=32 gx=1 gy=1 gz=1
[rtmod] DISPATCH kernel=9 count=64 gx=1 gy=1 gz=1
[rtmod] FEW name=ScaledDotProductAttention count=64
[rtmod] DISPATCH kernel=452 count=64 gx=1 gy=1 gz=1
[rtmod] DISPATCH kernel=9 count=544 gx=3 gy=1 gz=1
[rtmod] DISPATCH kernel=9 count=544 gx=3 gy=1 gz=1
[rtmod] DISPATCH kernel=23 count=34 gx=2 gy=1 gz=2
[rtmod] DISPATCH kernel=33 count=34 gx=2 gy=1 gz=1
[rtmod] DISPATCH kernel=23 count=64 gx=2 gy=1 gz=2
[rtmod] DISPATCH kernel=10 count=64 gx=1 gy=1 gz=1
[rtmod] DISPATCH kernel=26 count=64 gx=4 gy=1 gz=1
[rtmod] FEW name=Add count=64
[rtmod] DISPATCH kernel=406 count=64 gx=1 gy=1 gz=1
[rtmod] DISPATCH kernel=223 count=64 gx=1 gy=1 gz=1
[rtmod] DISPATCH kernel=26 count=128 gx=8 gy=1 gz=1
[rtmod] DISPATCH kernel=26 count=128 gx=8 gy=1 gz=1
[rtmod] DISPATCH kernel=409 count=128 gx=1 gy=1 gz=1
[rtmod] DISPATCH kernel=29 count=64 gx=16 gy=1 gz=1
[rtmod] FEW name=Add count=64
[rtmod] DISPATCH kernel=406 count=64 gx=1 gy=1 gz=1
[rtmod] DISPATCH kernel=223 count=64 gx=1 gy=1 gz=1
[rtmod] DISPATCH kernel=26 count=32 gx=2 gy=1 gz=1
[rtmod] DISPATCH kernel=26 count=32 gx=2 gy=1 gz=1
[rtmod] DISPATCH kernel=26 count=64 gx=4 gy=1 gz=1
[rtmod] DISPATCH kernel=223 count=32 gx=1 gy=1 gz=1
[rtmod] DISPATCH kernel=247 count=16 gx=1 gy=1 gz=1
[rtmod] DISPATCH kernel=223 count=64 gx=2 gy=1 gz=1
[rtmod] DISPATCH kernel=58 count=32 gx=1 gy=1 gz=1
[rtmod] DISPATCH kernel=58 count=32 gx=1 gy=1 gz=1
[rtmod] DISPATCH kernel=247 count=32 gx=1 gy=1 gz=1
[rtmod] DISPATCH kernel=9 count=64 gx=1 gy=1 gz=1
[rtmod] FEW name=ScaledDotProductAttention count=64
[rtmod] DISPATCH kernel=452 count=64 gx=1 gy=1 gz=1
[rtmod] DISPATCH kernel=9 count=544 gx=3 gy=1 gz=1
[rtmod] DISPATCH kernel=9 count=544 gx=3 gy=1 gz=1
[rtmod] DISPATCH kernel=23 count=34 gx=2 gy=1 gz=2
[rtmod] DISPATCH kernel=33 count=34 gx=2 gy=1 gz=1
[rtmod] DISPATCH kernel=23 count=64 gx=2 gy=1 gz=2
[rtmod] DISPATCH kernel=10 count=64 gx=1 gy=1 gz=1
[rtmod] DISPATCH kernel=26 count=64 gx=4 gy=1 gz=1
[rtmod] FEW name=Add count=64
[rtmod] DISPATCH kernel=406 count=64 gx=1 gy=1 gz=1
[rtmod] DISPATCH kernel=223 count=64 gx=1 gy=1 gz=1
[rtmod] DISPATCH kernel=26 count=128 gx=8 gy=1 gz=1
[rtmod] DISPATCH kernel=26 count=128 gx=8 gy=1 gz=1
[rtmod] DISPATCH kernel=409 count=128 gx=1 gy=1 gz=1
[rtmod] DISPATCH kernel=29 count=64 gx=16 gy=1 gz=1
[rtmod] FEW name=Add count=64
[rtmod] DISPATCH kernel=406 count=64 gx=1 gy=1 gz=1
[rtmod] DISPATCH kernel=223 count=64 gx=1 gy=1 gz=1
[rtmod] DISPATCH kernel=26 count=256 gx=16 gy=1 gz=1
[rtmod] DISPATCH kernel=38 count=1 gx=1 gy=1 gz=1
[rtmod] FEW name=Subtract count=256
[rtmod] DISPATCH kernel=454 count=256 gx=1 gy=1 gz=1
[rtmod] DISPATCH kernel=66 count=1 gx=1 gy=1 gz=1
[rtmod] EV-SIGNAL tid=471452 ev=0xaaab65f1a280 val=1 st=1 host=0
[rtmod] SUBMIT-ENTER tid=471452
[rtmod] SUBMIT tid=471452 cv=146 waits=1 sigs=2 cmds=1
[rtmod] COMMIT-NOOP
[rtmod] EV-WAIT-ENC tid=471452 ev=0xaaab65f2f140 val=1 st=0
[rtmod] EV-WAIT-ENC tid=471452 ev=0xaaab66025b20 val=1 st=0
[rtmod] EV-WAIT-ENC tid=471452 ev=0xaaab65f1a280 val=1 st=0
[rtmod] FENCE-UPDATE count=0 st=0
[rtmod] EV-SIGNAL tid=471452 ev=0xaaab6603da30 val=1 st=0 host=0
[rtmod] SUBMIT-ENTER tid=471452
[rtmod] SUBMIT tid=471452 cv=147 waits=4 sigs=2 cmds=1
[rtmod] EV-WAIT-ENC tid=471452 ev=0xaaab6603da30 val=1 st=0
[rtmod] FENCE-UPDATE count=1 st=0
[rtmod] EV-SIGNAL tid=471452 ev=0xaaab6603da30 val=2 st=0 host=0
[rtmod] SUBMIT-ENTER tid=471452
[rtmod] SUBMIT tid=471452 cv=148 waits=2 sigs=2 cmds=1
[rtmod] EV-WAIT-ENC tid=471452 ev=0xaaab6603da30 val=2 st=1
[rtmod] DISPATCH kernel=192 count=256 gx=1 gy=1 gz=1
[rtmod] DISPATCH kernel=223 count=256 gx=4 gy=1 gz=1
[rtmod] DISPATCH kernel=26 count=128 gx=2 gy=1 gz=1
[rtmod] DISPATCH kernel=26 count=128 gx=2 gy=1 gz=1
[rtmod] DISPATCH kernel=26 count=256 gx=4 gy=1 gz=1
[rtmod] DISPATCH kernel=223 count=128 gx=4 gy=1 gz=1
[rtmod] DISPATCH kernel=247 count=64 gx=1 gy=1 gz=1
[rtmod] DISPATCH kernel=223 count=256 gx=8 gy=1 gz=1
[rtmod] DISPATCH kernel=58 count=128 gx=1 gy=1 gz=1
[rtmod] DISPATCH kernel=58 count=128 gx=1 gy=1 gz=1
[rtmod] DISPATCH kernel=247 count=128 gx=1 gy=1 gz=1
[rtmod] DISPATCH kernel=9 count=256 gx=1 gy=1 gz=1
[rtmod] FEW name=ScaledDotProductAttention count=256
[rtmod] DISPATCH kernel=452 count=256 gx=1 gy=1 gz=1
[rtmod] DISPATCH kernel=9 count=576 gx=3 gy=1 gz=1
[rtmod] DISPATCH kernel=9 count=576 gx=3 gy=1 gz=1
[rtmod] DISPATCH kernel=23 count=144 gx=2 gy=1 gz=2
[rtmod] DISPATCH kernel=33 count=144 gx=8 gy=1 gz=1
[rtmod] DISPATCH kernel=23 count=256 gx=2 gy=1 gz=2
[rtmod] DISPATCH kernel=10 count=256 gx=1 gy=1 gz=1
[rtmod] DISPATCH kernel=58 count=256 gx=1 gy=1 gz=1
[rtmod] DISPATCH kernel=26 count=256 gx=4 gy=1 gz=1
[rtmod] FEW name=Add count=256
[rtmod] DISPATCH kernel=406 count=256 gx=1 gy=1 gz=1
[rtmod] DISPATCH kernel=223 count=256 gx=4 gy=1 gz=1
[rtmod] DISPATCH kernel=26 count=512 gx=8 gy=1 gz=1
[rtmod] DISPATCH kernel=26 count=512 gx=8 gy=1 gz=1
[rtmod] DISPATCH kernel=409 count=512 gx=1 gy=1 gz=1
[rtmod] DISPATCH kernel=26 count=256 gx=4 gy=1 gz=1
[rtmod] FEW name=Add count=256
[rtmod] DISPATCH kernel=406 count=256 gx=1 gy=1 gz=1
[rtmod] DISPATCH kernel=223 count=256 gx=4 gy=1 gz=1
[rtmod] DISPATCH kernel=26 count=128 gx=2 gy=1 gz=1
[rtmod] DISPATCH kernel=26 count=128 gx=2 gy=1 gz=1
[rtmod] DISPATCH kernel=26 count=256 gx=4 gy=1 gz=1
[rtmod] DISPATCH kernel=223 count=128 gx=4 gy=1 gz=1
[rtmod] DISPATCH kernel=247 count=64 gx=1 gy=1 gz=1
[rtmod] DISPATCH kernel=223 count=256 gx=8 gy=1 gz=1
[rtmod] DISPATCH kernel=58 count=128 gx=1 gy=1 gz=1
[rtmod] DISPATCH kernel=58 count=128 gx=1 gy=1 gz=1
[rtmod] DISPATCH kernel=247 count=128 gx=1 gy=1 gz=1
[rtmod] DISPATCH kernel=9 count=256 gx=1 gy=1 gz=1
[rtmod] FEW name=ScaledDotProductAttention count=256
[rtmod] DISPATCH kernel=452 count=256 gx=1 gy=1 gz=1
[rtmod] DISPATCH kernel=9 count=576 gx=3 gy=1 gz=1
[rtmod] DISPATCH kernel=9 count=576 gx=3 gy=1 gz=1
[rtmod] DISPATCH kernel=23 count=144 gx=2 gy=1 gz=2
[rtmod] DISPATCH kernel=33 count=144 gx=8 gy=1 gz=1
[rtmod] DISPATCH kernel=23 count=256 gx=2 gy=1 gz=2
[rtmod] DISPATCH kernel=10 count=256 gx=1 gy=1 gz=1
[rtmod] DISPATCH kernel=58 count=256 gx=1 gy=1 gz=1
[rtmod] DISPATCH kernel=26 count=256 gx=4 gy=1 gz=1
[rtmod] FEW name=Add count=256
[rtmod] DISPATCH kernel=406 count=256 gx=1 gy=1 gz=1
[rtmod] DISPATCH kernel=223 count=256 gx=4 gy=1 gz=1
[rtmod] DISPATCH kernel=26 count=512 gx=8 gy=1 gz=1
[rtmod] DISPATCH kernel=26 count=512 gx=8 gy=1 gz=1
[rtmod] DISPATCH kernel=409 count=512 gx=1 gy=1 gz=1
[rtmod] DISPATCH kernel=26 count=256 gx=4 gy=1 gz=1
[rtmod] FEW name=Add count=256
[rtmod] DISPATCH kernel=406 count=256 gx=1 gy=1 gz=1
[rtmod] DISPATCH kernel=223 count=256 gx=4 gy=1 gz=1
[rtmod] DISPATCH kernel=26 count=1024 gx=16 gy=1 gz=1
[rtmod] DISPATCH kernel=38 count=4 gx=4 gy=1 gz=1
[rtmod] FEW name=Subtract count=1024
[rtmod] DISPATCH kernel=454 count=1024 gx=4 gy=1 gz=1
[rtmod] DISPATCH kernel=66 count=4 gx=4 gy=1 gz=1
[rtmod] EV-WAIT-ENC tid=471452 ev=0xaaab6603da30 val=2 st=1
[rtmod] COMMIT-NOOP
[rtmod] EV-SIGNAL tid=471452 ev=0xaaab65fb0280 val=1 st=1 host=0
[rtmod] SUBMIT-ENTER tid=471452
[rtmod] SUBMIT tid=471452 cv=149 waits=3 sigs=2 cmds=1
[rtmod] COMMIT-NOOP
[rtmod] EV-WAIT tid=471452 ev=0xaaab65fb0280 val=1 cnt=0 resv=149
[rtmod] DISPATCH kernel=192 count=64 gx=1 gy=1 gz=1
[rtmod] DISPATCH kernel=223 count=64 gx=1 gy=1 gz=1
[rtmod] DISPATCH kernel=26 count=32 gx=2 gy=1 gz=1
[rtmod] DISPATCH kernel=26 count=32 gx=2 gy=1 gz=1
[rtmod] DISPATCH kernel=26 count=64 gx=4 gy=1 gz=1
[rtmod] DISPATCH kernel=223 count=32 gx=1 gy=1 gz=1
[rtmod] DISPATCH kernel=247 count=16 gx=1 gy=1 gz=1
[rtmod] DISPATCH kernel=223 count=64 gx=2 gy=1 gz=1
[rtmod] DISPATCH kernel=58 count=32 gx=1 gy=1 gz=1
[rtmod] DISPATCH kernel=58 count=32 gx=1 gy=1 gz=1
[rtmod] DISPATCH kernel=247 count=32 gx=1 gy=1 gz=1
[rtmod] DISPATCH kernel=9 count=64 gx=1 gy=1 gz=1
[rtmod] FEW name=ScaledDotProductAttention count=64
[rtmod] DISPATCH kernel=452 count=64 gx=1 gy=1 gz=1
[rtmod] DISPATCH kernel=9 count=512 gx=2 gy=1 gz=1
[rtmod] DISPATCH kernel=9 count=512 gx=2 gy=1 gz=1
[rtmod] DISPATCH kernel=23 count=32 gx=1 gy=1 gz=2
[rtmod] DISPATCH kernel=33 count=32 gx=2 gy=1 gz=1
[rtmod] DISPATCH kernel=23 count=64 gx=2 gy=1 gz=2
[rtmod] DISPATCH kernel=10 count=64 gx=1 gy=1 gz=1
[rtmod] DISPATCH kernel=26 count=64 gx=4 gy=1 gz=1
[rtmod] FEW name=Add count=64
[rtmod] DISPATCH kernel=406 count=64 gx=1 gy=1 gz=1
[rtmod] DISPATCH kernel=223 count=64 gx=1 gy=1 gz=1
[rtmod] DISPATCH kernel=26 count=128 gx=8 gy=1 gz=1
[rtmod] DISPATCH kernel=26 count=128 gx=8 gy=1 gz=1
[rtmod] DISPATCH kernel=409 count=128 gx=1 gy=1 gz=1
[rtmod] DISPATCH kernel=29 count=64 gx=16 gy=1 gz=1
[rtmod] FEW name=Add count=64
[rtmod] DISPATCH kernel=406 count=64 gx=1 gy=1 gz=1
[rtmod] DISPATCH kernel=223 count=64 gx=1 gy=1 gz=1
[rtmod] DISPATCH kernel=26 count=32 gx=2 gy=1 gz=1
[rtmod] DISPATCH kernel=26 count=32 gx=2 gy=1 gz=1
[rtmod] DISPATCH kernel=26 count=64 gx=4 gy=1 gz=1
[rtmod] DISPATCH kernel=223 count=32 gx=1 gy=1 gz=1
[rtmod] DISPATCH kernel=247 count=16 gx=1 gy=1 gz=1
[rtmod] DISPATCH kernel=223 count=64 gx=2 gy=1 gz=1
[rtmod] DISPATCH kernel=58 count=32 gx=1 gy=1 gz=1
[rtmod] DISPATCH kernel=58 count=32 gx=1 gy=1 gz=1
[rtmod] DISPATCH kernel=247 count=32 gx=1 gy=1 gz=1
[rtmod] DISPATCH kernel=9 count=64 gx=1 gy=1 gz=1
[rtmod] FEW name=ScaledDotProductAttention count=64
[rtmod] DISPATCH kernel=452 count=64 gx=1 gy=1 gz=1
[rtmod] DISPATCH kernel=9 count=512 gx=2 gy=1 gz=1
[rtmod] DISPATCH kernel=9 count=512 gx=2 gy=1 gz=1
[rtmod] DISPATCH kernel=23 count=32 gx=1 gy=1 gz=2
[rtmod] DISPATCH kernel=33 count=32 gx=2 gy=1 gz=1
[rtmod] DISPATCH kernel=23 count=64 gx=2 gy=1 gz=2
[rtmod] DISPATCH kernel=10 count=64 gx=1 gy=1 gz=1
[rtmod] DISPATCH kernel=26 count=64 gx=4 gy=1 gz=1
[rtmod] FEW name=Add count=64
[rtmod] DISPATCH kernel=406 count=64 gx=1 gy=1 gz=1
[rtmod] DISPATCH kernel=223 count=64 gx=1 gy=1 gz=1
[rtmod] DISPATCH kernel=26 count=128 gx=8 gy=1 gz=1
[rtmod] DISPATCH kernel=26 count=128 gx=8 gy=1 gz=1
[rtmod] DISPATCH kernel=409 count=128 gx=1 gy=1 gz=1
[rtmod] DISPATCH kernel=29 count=64 gx=16 gy=1 gz=1
[rtmod] FEW name=Add count=64
[rtmod] DISPATCH kernel=406 count=64 gx=1 gy=1 gz=1
[rtmod] DISPATCH kernel=223 count=64 gx=1 gy=1 gz=1
[rtmod] DISPATCH kernel=26 count=256 gx=16 gy=1 gz=1
[rtmod] DISPATCH kernel=38 count=1 gx=1 gy=1 gz=1
[rtmod] FEW name=Subtract count=256
[rtmod] DISPATCH kernel=454 count=256 gx=1 gy=1 gz=1
[rtmod] DISPATCH kernel=66 count=1 gx=1 gy=1 gz=1
[rtmod] EV-SIGNAL tid=471452 ev=0xaaab66052050 val=1 st=1 host=0
[rtmod] SUBMIT-ENTER tid=471452
[rtmod] SUBMIT tid=471452 cv=150 waits=1 sigs=2 cmds=1
[rtmod] COMMIT-NOOP
[rtmod] DISPATCH kernel=192 count=64 gx=1 gy=1 gz=1
[rtmod] DISPATCH kernel=223 count=64 gx=1 gy=1 gz=1
[rtmod] DISPATCH kernel=26 count=32 gx=2 gy=1 gz=1
[rtmod] DISPATCH kernel=26 count=32 gx=2 gy=1 gz=1
[rtmod] DISPATCH kernel=26 count=64 gx=4 gy=1 gz=1
[rtmod] DISPATCH kernel=223 count=32 gx=1 gy=1 gz=1
[rtmod] DISPATCH kernel=247 count=16 gx=1 gy=1 gz=1
[rtmod] DISPATCH kernel=223 count=64 gx=2 gy=1 gz=1
[rtmod] DISPATCH kernel=58 count=32 gx=1 gy=1 gz=1
[rtmod] DISPATCH kernel=58 count=32 gx=1 gy=1 gz=1
[rtmod] DISPATCH kernel=247 count=32 gx=1 gy=1 gz=1
[rtmod] DISPATCH kernel=9 count=64 gx=1 gy=1 gz=1
[rtmod] FEW name=ScaledDotProductAttention count=64
[rtmod] DISPATCH kernel=452 count=64 gx=1 gy=1 gz=1
[rtmod] DISPATCH kernel=9 count=544 gx=3 gy=1 gz=1
[rtmod] DISPATCH kernel=9 count=544 gx=3 gy=1 gz=1
[rtmod] DISPATCH kernel=23 count=34 gx=2 gy=1 gz=2
[rtmod] DISPATCH kernel=33 count=34 gx=2 gy=1 gz=1
[rtmod] DISPATCH kernel=23 count=64 gx=2 gy=1 gz=2
[rtmod] DISPATCH kernel=10 count=64 gx=1 gy=1 gz=1
[rtmod] DISPATCH kernel=26 count=64 gx=4 gy=1 gz=1
[rtmod] FEW name=Add count=64
[rtmod] DISPATCH kernel=406 count=64 gx=1 gy=1 gz=1
[rtmod] DISPATCH kernel=223 count=64 gx=1 gy=1 gz=1
[rtmod] DISPATCH kernel=26 count=128 gx=8 gy=1 gz=1
[rtmod] DISPATCH kernel=26 count=128 gx=8 gy=1 gz=1
[rtmod] DISPATCH kernel=409 count=128 gx=1 gy=1 gz=1
[rtmod] DISPATCH kernel=29 count=64 gx=16 gy=1 gz=1
[rtmod] FEW name=Add count=64
[rtmod] DISPATCH kernel=406 count=64 gx=1 gy=1 gz=1
[rtmod] DISPATCH kernel=223 count=64 gx=1 gy=1 gz=1
[rtmod] DISPATCH kernel=26 count=32 gx=2 gy=1 gz=1
[rtmod] DISPATCH kernel=26 count=32 gx=2 gy=1 gz=1
[rtmod] DISPATCH kernel=26 count=64 gx=4 gy=1 gz=1
[rtmod] DISPATCH kernel=223 count=32 gx=1 gy=1 gz=1
[rtmod] DISPATCH kernel=247 count=16 gx=1 gy=1 gz=1
[rtmod] DISPATCH kernel=223 count=64 gx=2 gy=1 gz=1
[rtmod] DISPATCH kernel=58 count=32 gx=1 gy=1 gz=1
[rtmod] DISPATCH kernel=58 count=32 gx=1 gy=1 gz=1
[rtmod] DISPATCH kernel=247 count=32 gx=1 gy=1 gz=1
[rtmod] DISPATCH kernel=9 count=64 gx=1 gy=1 gz=1
[rtmod] FEW name=ScaledDotProductAttention count=64
[rtmod] DISPATCH kernel=452 count=64 gx=1 gy=1 gz=1
[rtmod] DISPATCH kernel=9 count=544 gx=3 gy=1 gz=1
[rtmod] DISPATCH kernel=9 count=544 gx=3 gy=1 gz=1
[rtmod] DISPATCH kernel=23 count=34 gx=2 gy=1 gz=2
[rtmod] DISPATCH kernel=33 count=34 gx=2 gy=1 gz=1
[rtmod] DISPATCH kernel=23 count=64 gx=2 gy=1 gz=2
[rtmod] DISPATCH kernel=10 count=64 gx=1 gy=1 gz=1
[rtmod] DISPATCH kernel=26 count=64 gx=4 gy=1 gz=1
[rtmod] FEW name=Add count=64
[rtmod] DISPATCH kernel=406 count=64 gx=1 gy=1 gz=1
[rtmod] DISPATCH kernel=223 count=64 gx=1 gy=1 gz=1
[rtmod] DISPATCH kernel=26 count=128 gx=8 gy=1 gz=1
[rtmod] DISPATCH kernel=26 count=128 gx=8 gy=1 gz=1
[rtmod] DISPATCH kernel=409 count=128 gx=1 gy=1 gz=1
[rtmod] DISPATCH kernel=29 count=64 gx=16 gy=1 gz=1
[rtmod] FEW name=Add count=64
[rtmod] DISPATCH kernel=406 count=64 gx=1 gy=1 gz=1
[rtmod] DISPATCH kernel=223 count=64 gx=1 gy=1 gz=1
[rtmod] DISPATCH kernel=26 count=256 gx=16 gy=1 gz=1
[rtmod] DISPATCH kernel=38 count=1 gx=1 gy=1 gz=1
[rtmod] FEW name=Subtract count=256
[rtmod] DISPATCH kernel=454 count=256 gx=1 gy=1 gz=1
[rtmod] DISPATCH kernel=66 count=1 gx=1 gy=1 gz=1
[rtmod] EV-SIGNAL tid=471452 ev=0xaaab659db750 val=1 st=1 host=0
[rtmod] SUBMIT-ENTER tid=471452
[rtmod] SUBMIT tid=471452 cv=151 waits=1 sigs=2 cmds=1
[rtmod] COMMIT-NOOP
[rtmod] DISPATCH kernel=192 count=64 gx=1 gy=1 gz=1
[rtmod] DISPATCH kernel=223 count=64 gx=1 gy=1 gz=1
[rtmod] DISPATCH kernel=26 count=32 gx=2 gy=1 gz=1
[rtmod] DISPATCH kernel=26 count=32 gx=2 gy=1 gz=1
[rtmod] DISPATCH kernel=26 count=64 gx=4 gy=1 gz=1
[rtmod] DISPATCH kernel=223 count=32 gx=1 gy=1 gz=1
[rtmod] DISPATCH kernel=247 count=16 gx=1 gy=1 gz=1
[rtmod] DISPATCH kernel=223 count=64 gx=2 gy=1 gz=1
[rtmod] DISPATCH kernel=58 count=32 gx=1 gy=1 gz=1
[rtmod] DISPATCH kernel=58 count=32 gx=1 gy=1 gz=1
[rtmod] DISPATCH kernel=247 count=32 gx=1 gy=1 gz=1
[rtmod] DISPATCH kernel=9 count=64 gx=1 gy=1 gz=1
[rtmod] FEW name=ScaledDotProductAttention count=64
[rtmod] DISPATCH kernel=452 count=64 gx=1 gy=1 gz=1
[rtmod] DISPATCH kernel=9 count=576 gx=3 gy=1 gz=1
[rtmod] DISPATCH kernel=9 count=576 gx=3 gy=1 gz=1
[rtmod] DISPATCH kernel=23 count=36 gx=2 gy=1 gz=2
[rtmod] DISPATCH kernel=33 count=36 gx=2 gy=1 gz=1
[rtmod] DISPATCH kernel=23 count=64 gx=2 gy=1 gz=2
[rtmod] DISPATCH kernel=10 count=64 gx=1 gy=1 gz=1
[rtmod] DISPATCH kernel=26 count=64 gx=4 gy=1 gz=1
[rtmod] FEW name=Add count=64
[rtmod] DISPATCH kernel=406 count=64 gx=1 gy=1 gz=1
[rtmod] DISPATCH kernel=223 count=64 gx=1 gy=1 gz=1
[rtmod] DISPATCH kernel=26 count=128 gx=8 gy=1 gz=1
[rtmod] DISPATCH kernel=26 count=128 gx=8 gy=1 gz=1
[rtmod] DISPATCH kernel=409 count=128 gx=1 gy=1 gz=1
[rtmod] DISPATCH kernel=29 count=64 gx=16 gy=1 gz=1
[rtmod] FEW name=Add count=64
[rtmod] DISPATCH kernel=406 count=64 gx=1 gy=1 gz=1
[rtmod] DISPATCH kernel=223 count=64 gx=1 gy=1 gz=1
[rtmod] DISPATCH kernel=26 count=32 gx=2 gy=1 gz=1
[rtmod] DISPATCH kernel=26 count=32 gx=2 gy=1 gz=1
[rtmod] DISPATCH kernel=26 count=64 gx=4 gy=1 gz=1
[rtmod] DISPATCH kernel=223 count=32 gx=1 gy=1 gz=1
[rtmod] DISPATCH kernel=247 count=16 gx=1 gy=1 gz=1
[rtmod] DISPATCH kernel=223 count=64 gx=2 gy=1 gz=1
[rtmod] DISPATCH kernel=58 count=32 gx=1 gy=1 gz=1
[rtmod] DISPATCH kernel=58 count=32 gx=1 gy=1 gz=1
[rtmod] DISPATCH kernel=247 count=32 gx=1 gy=1 gz=1
[rtmod] DISPATCH kernel=9 count=64 gx=1 gy=1 gz=1
[rtmod] FEW name=ScaledDotProductAttention count=64
[rtmod] DISPATCH kernel=452 count=64 gx=1 gy=1 gz=1
[rtmod] DISPATCH kernel=9 count=576 gx=3 gy=1 gz=1
[rtmod] DISPATCH kernel=9 count=576 gx=3 gy=1 gz=1
[rtmod] DISPATCH kernel=23 count=36 gx=2 gy=1 gz=2
[rtmod] DISPATCH kernel=33 count=36 gx=2 gy=1 gz=1
[rtmod] DISPATCH kernel=23 count=64 gx=2 gy=1 gz=2
[rtmod] DISPATCH kernel=10 count=64 gx=1 gy=1 gz=1
[rtmod] DISPATCH kernel=26 count=64 gx=4 gy=1 gz=1
[rtmod] FEW name=Add count=64
[rtmod] DISPATCH kernel=406 count=64 gx=1 gy=1 gz=1
[rtmod] DISPATCH kernel=223 count=64 gx=1 gy=1 gz=1
[rtmod] DISPATCH kernel=26 count=128 gx=8 gy=1 gz=1
[rtmod] DISPATCH kernel=26 count=128 gx=8 gy=1 gz=1
[rtmod] DISPATCH kernel=409 count=128 gx=1 gy=1 gz=1
[rtmod] DISPATCH kernel=29 count=64 gx=16 gy=1 gz=1
[rtmod] FEW name=Add count=64
[rtmod] DISPATCH kernel=406 count=64 gx=1 gy=1 gz=1
[rtmod] DISPATCH kernel=223 count=64 gx=1 gy=1 gz=1
[rtmod] DISPATCH kernel=26 count=256 gx=16 gy=1 gz=1
[rtmod] DISPATCH kernel=38 count=1 gx=1 gy=1 gz=1
[rtmod] FEW name=Subtract count=256
[rtmod] DISPATCH kernel=454 count=256 gx=1 gy=1 gz=1
[rtmod] DISPATCH kernel=66 count=1 gx=1 gy=1 gz=1
[rtmod] EV-SIGNAL tid=471452 ev=0xaaab66059d20 val=1 st=1 host=0
[rtmod] SUBMIT-ENTER tid=471452
[rtmod] SUBMIT tid=471452 cv=152 waits=1 sigs=2 cmds=1
[rtmod] COMMIT-NOOP
[rtmod] EV-WAIT-ENC tid=471452 ev=0xaaab66052050 val=1 st=0
[rtmod] EV-WAIT-ENC tid=471452 ev=0xaaab659db750 val=1 st=0
[rtmod] EV-WAIT-ENC tid=471452 ev=0xaaab66059d20 val=1 st=0
[rtmod] FENCE-UPDATE count=0 st=0
[rtmod] EV-SIGNAL tid=471452 ev=0xaaab66059960 val=1 st=0 host=0
[rtmod] SUBMIT-ENTER tid=471452
[rtmod] SUBMIT tid=471452 cv=153 waits=4 sigs=2 cmds=1
[rtmod] EV-WAIT-ENC tid=471452 ev=0xaaab66059960 val=1 st=0
[rtmod] FENCE-UPDATE count=1 st=0
[rtmod] EV-SIGNAL tid=471452 ev=0xaaab66059960 val=2 st=0 host=0
[rtmod] SUBMIT-ENTER tid=471452
[rtmod] SUBMIT tid=471452 cv=154 waits=2 sigs=2 cmds=1
[rtmod] EV-WAIT-ENC tid=471452 ev=0xaaab66059960 val=2 st=1
[rtmod] DISPATCH kernel=192 count=256 gx=1 gy=1 gz=1
[rtmod] DISPATCH kernel=223 count=256 gx=4 gy=1 gz=1
[rtmod] DISPATCH kernel=26 count=128 gx=2 gy=1 gz=1
[rtmod] DISPATCH kernel=26 count=128 gx=2 gy=1 gz=1
[rtmod] DISPATCH kernel=26 count=256 gx=4 gy=1 gz=1
[rtmod] DISPATCH kernel=223 count=128 gx=4 gy=1 gz=1
[rtmod] DISPATCH kernel=247 count=64 gx=1 gy=1 gz=1
[rtmod] DISPATCH kernel=223 count=256 gx=8 gy=1 gz=1
[rtmod] DISPATCH kernel=58 count=128 gx=1 gy=1 gz=1
[rtmod] DISPATCH kernel=58 count=128 gx=1 gy=1 gz=1
[rtmod] DISPATCH kernel=247 count=128 gx=1 gy=1 gz=1
[rtmod] DISPATCH kernel=9 count=256 gx=1 gy=1 gz=1
[rtmod] FEW name=ScaledDotProductAttention count=256
[rtmod] DISPATCH kernel=452 count=256 gx=1 gy=1 gz=1
[rtmod] DISPATCH kernel=9 count=608 gx=3 gy=1 gz=1
[rtmod] DISPATCH kernel=9 count=608 gx=3 gy=1 gz=1
[rtmod] DISPATCH kernel=23 count=152 gx=2 gy=1 gz=2
[rtmod] DISPATCH kernel=33 count=152 gx=8 gy=1 gz=1
[rtmod] DISPATCH kernel=23 count=256 gx=2 gy=1 gz=2
[rtmod] DISPATCH kernel=10 count=256 gx=1 gy=1 gz=1
[rtmod] DISPATCH kernel=58 count=256 gx=1 gy=1 gz=1
[rtmod] DISPATCH kernel=26 count=256 gx=4 gy=1 gz=1
[rtmod] FEW name=Add count=256
[rtmod] DISPATCH kernel=406 count=256 gx=1 gy=1 gz=1
[rtmod] DISPATCH kernel=223 count=256 gx=4 gy=1 gz=1
[rtmod] DISPATCH kernel=26 count=512 gx=8 gy=1 gz=1
[rtmod] DISPATCH kernel=26 count=512 gx=8 gy=1 gz=1
[rtmod] DISPATCH kernel=409 count=512 gx=1 gy=1 gz=1
[rtmod] DISPATCH kernel=26 count=256 gx=4 gy=1 gz=1
[rtmod] FEW name=Add count=256
[rtmod] DISPATCH kernel=406 count=256 gx=1 gy=1 gz=1
[rtmod] DISPATCH kernel=223 count=256 gx=4 gy=1 gz=1
[rtmod] DISPATCH kernel=26 count=128 gx=2 gy=1 gz=1
[rtmod] DISPATCH kernel=26 count=128 gx=2 gy=1 gz=1
[rtmod] DISPATCH kernel=26 count=256 gx=4 gy=1 gz=1
[rtmod] DISPATCH kernel=223 count=128 gx=4 gy=1 gz=1
[rtmod] DISPATCH kernel=247 count=64 gx=1 gy=1 gz=1
[rtmod] DISPATCH kernel=223 count=256 gx=8 gy=1 gz=1
[rtmod] DISPATCH kernel=58 count=128 gx=1 gy=1 gz=1
[rtmod] DISPATCH kernel=58 count=128 gx=1 gy=1 gz=1
[rtmod] DISPATCH kernel=247 count=128 gx=1 gy=1 gz=1
[rtmod] DISPATCH kernel=9 count=256 gx=1 gy=1 gz=1
[rtmod] FEW name=ScaledDotProductAttention count=256
[rtmod] DISPATCH kernel=452 count=256 gx=1 gy=1 gz=1
[rtmod] DISPATCH kernel=9 count=608 gx=3 gy=1 gz=1
[rtmod] DISPATCH kernel=9 count=608 gx=3 gy=1 gz=1
[rtmod] DISPATCH kernel=23 count=152 gx=2 gy=1 gz=2
[rtmod] DISPATCH kernel=33 count=152 gx=8 gy=1 gz=1
[rtmod] DISPATCH kernel=23 count=256 gx=2 gy=1 gz=2
[rtmod] DISPATCH kernel=10 count=256 gx=1 gy=1 gz=1
[rtmod] DISPATCH kernel=58 count=256 gx=1 gy=1 gz=1
[rtmod] DISPATCH kernel=26 count=256 gx=4 gy=1 gz=1
[rtmod] FEW name=Add count=256
[rtmod] DISPATCH kernel=406 count=256 gx=1 gy=1 gz=1
[rtmod] DISPATCH kernel=223 count=256 gx=4 gy=1 gz=1
[rtmod] DISPATCH kernel=26 count=512 gx=8 gy=1 gz=1
[rtmod] DISPATCH kernel=26 count=512 gx=8 gy=1 gz=1
[rtmod] DISPATCH kernel=409 count=512 gx=1 gy=1 gz=1
[rtmod] DISPATCH kernel=26 count=256 gx=4 gy=1 gz=1
[rtmod] FEW name=Add count=256
[rtmod] DISPATCH kernel=406 count=256 gx=1 gy=1 gz=1
[rtmod] DISPATCH kernel=223 count=256 gx=4 gy=1 gz=1
[rtmod] DISPATCH kernel=26 count=1024 gx=16 gy=1 gz=1
[rtmod] DISPATCH kernel=38 count=4 gx=4 gy=1 gz=1
[rtmod] FEW name=Subtract count=1024
[rtmod] DISPATCH kernel=454 count=1024 gx=4 gy=1 gz=1
[rtmod] DISPATCH kernel=66 count=4 gx=4 gy=1 gz=1
[rtmod] EV-WAIT-ENC tid=471452 ev=0xaaab66059960 val=2 st=1
[rtmod] COMMIT-NOOP
[rtmod] EV-SIGNAL tid=471452 ev=0xaaab66057e40 val=1 st=1 host=0
[rtmod] SUBMIT-ENTER tid=471452
[rtmod] SUBMIT tid=471452 cv=155 waits=3 sigs=2 cmds=1
[rtmod] COMMIT-NOOP
[rtmod] EV-WAIT tid=471452 ev=0xaaab66057e40 val=1 cnt=0 resv=155
[rtmod] DISPATCH kernel=192 count=64 gx=1 gy=1 gz=1
[rtmod] DISPATCH kernel=223 count=64 gx=1 gy=1 gz=1
[rtmod] DISPATCH kernel=26 count=32 gx=2 gy=1 gz=1
[rtmod] DISPATCH kernel=26 count=32 gx=2 gy=1 gz=1
[rtmod] DISPATCH kernel=26 count=64 gx=4 gy=1 gz=1
[rtmod] DISPATCH kernel=223 count=32 gx=1 gy=1 gz=1
[rtmod] DISPATCH kernel=247 count=16 gx=1 gy=1 gz=1
[rtmod] DISPATCH kernel=223 count=64 gx=2 gy=1 gz=1
[rtmod] DISPATCH kernel=58 count=32 gx=1 gy=1 gz=1
[rtmod] DISPATCH kernel=58 count=32 gx=1 gy=1 gz=1
[rtmod] DISPATCH kernel=247 count=32 gx=1 gy=1 gz=1
[rtmod] DISPATCH kernel=9 count=64 gx=1 gy=1 gz=1
[rtmod] FEW name=ScaledDotProductAttention count=64
[rtmod] DISPATCH kernel=452 count=64 gx=1 gy=1 gz=1
[rtmod] DISPATCH kernel=9 count=544 gx=3 gy=1 gz=1
[rtmod] DISPATCH kernel=9 count=544 gx=3 gy=1 gz=1
[rtmod] DISPATCH kernel=23 count=34 gx=2 gy=1 gz=2
[rtmod] DISPATCH kernel=33 count=34 gx=2 gy=1 gz=1
[rtmod] DISPATCH kernel=23 count=64 gx=2 gy=1 gz=2
[rtmod] DISPATCH kernel=10 count=64 gx=1 gy=1 gz=1
[rtmod] DISPATCH kernel=26 count=64 gx=4 gy=1 gz=1
[rtmod] FEW name=Add count=64
[rtmod] DISPATCH kernel=406 count=64 gx=1 gy=1 gz=1
[rtmod] DISPATCH kernel=223 count=64 gx=1 gy=1 gz=1
[rtmod] DISPATCH kernel=26 count=128 gx=8 gy=1 gz=1
[rtmod] DISPATCH kernel=26 count=128 gx=8 gy=1 gz=1
[rtmod] DISPATCH kernel=409 count=128 gx=1 gy=1 gz=1
[rtmod] DISPATCH kernel=29 count=64 gx=16 gy=1 gz=1
[rtmod] FEW name=Add count=64
[rtmod] DISPATCH kernel=406 count=64 gx=1 gy=1 gz=1
[rtmod] DISPATCH kernel=223 count=64 gx=1 gy=1 gz=1
[rtmod] DISPATCH kernel=26 count=32 gx=2 gy=1 gz=1
[rtmod] DISPATCH kernel=26 count=32 gx=2 gy=1 gz=1
[rtmod] DISPATCH kernel=26 count=64 gx=4 gy=1 gz=1
[rtmod] DISPATCH kernel=223 count=32 gx=1 gy=1 gz=1
[rtmod] DISPATCH kernel=247 count=16 gx=1 gy=1 gz=1
[rtmod] DISPATCH kernel=223 count=64 gx=2 gy=1 gz=1
[rtmod] DISPATCH kernel=58 count=32 gx=1 gy=1 gz=1
[rtmod] DISPATCH kernel=58 count=32 gx=1 gy=1 gz=1
[rtmod] DISPATCH kernel=247 count=32 gx=1 gy=1 gz=1
[rtmod] DISPATCH kernel=9 count=64 gx=1 gy=1 gz=1
[rtmod] FEW name=ScaledDotProductAttention count=64
[rtmod] DISPATCH kernel=452 count=64 gx=1 gy=1 gz=1
[rtmod] DISPATCH kernel=9 count=544 gx=3 gy=1 gz=1
[rtmod] DISPATCH kernel=9 count=544 gx=3 gy=1 gz=1
[rtmod] DISPATCH kernel=23 count=34 gx=2 gy=1 gz=2
[rtmod] DISPATCH kernel=33 count=34 gx=2 gy=1 gz=1
[rtmod] DISPATCH kernel=23 count=64 gx=2 gy=1 gz=2
[rtmod] DISPATCH kernel=10 count=64 gx=1 gy=1 gz=1
[rtmod] DISPATCH kernel=26 count=64 gx=4 gy=1 gz=1
[rtmod] FEW name=Add count=64
[rtmod] DISPATCH kernel=406 count=64 gx=1 gy=1 gz=1
[rtmod] DISPATCH kernel=223 count=64 gx=1 gy=1 gz=1
[rtmod] DISPATCH kernel=26 count=128 gx=8 gy=1 gz=1
[rtmod] DISPATCH kernel=26 count=128 gx=8 gy=1 gz=1
[rtmod] DISPATCH kernel=409 count=128 gx=1 gy=1 gz=1
[rtmod] DISPATCH kernel=29 count=64 gx=16 gy=1 gz=1
[rtmod] FEW name=Add count=64
[rtmod] DISPATCH kernel=406 count=64 gx=1 gy=1 gz=1
[rtmod] DISPATCH kernel=223 count=64 gx=1 gy=1 gz=1
[rtmod] DISPATCH kernel=26 count=256 gx=16 gy=1 gz=1
[rtmod] DISPATCH kernel=38 count=1 gx=1 gy=1 gz=1
[rtmod] FEW name=Subtract count=256
[rtmod] DISPATCH kernel=454 count=256 gx=1 gy=1 gz=1
[rtmod] DISPATCH kernel=66 count=1 gx=1 gy=1 gz=1
[rtmod] EV-SIGNAL tid=471452 ev=0xaaab65fb0280 val=1 st=1 host=0
[rtmod] SUBMIT-ENTER tid=471452
[rtmod] SUBMIT tid=471452 cv=156 waits=1 sigs=2 cmds=1
[rtmod] COMMIT-NOOP
[rtmod] DISPATCH kernel=192 count=64 gx=1 gy=1 gz=1
[rtmod] DISPATCH kernel=223 count=64 gx=1 gy=1 gz=1
[rtmod] DISPATCH kernel=26 count=32 gx=2 gy=1 gz=1
[rtmod] DISPATCH kernel=26 count=32 gx=2 gy=1 gz=1
[rtmod] DISPATCH kernel=26 count=64 gx=4 gy=1 gz=1
[rtmod] DISPATCH kernel=223 count=32 gx=1 gy=1 gz=1
[rtmod] DISPATCH kernel=247 count=16 gx=1 gy=1 gz=1
[rtmod] DISPATCH kernel=223 count=64 gx=2 gy=1 gz=1
[rtmod] DISPATCH kernel=58 count=32 gx=1 gy=1 gz=1
[rtmod] DISPATCH kernel=58 count=32 gx=1 gy=1 gz=1
[rtmod] DISPATCH kernel=247 count=32 gx=1 gy=1 gz=1
[rtmod] DISPATCH kernel=9 count=64 gx=1 gy=1 gz=1
[rtmod] FEW name=ScaledDotProductAttention count=64
[rtmod] DISPATCH kernel=452 count=64 gx=1 gy=1 gz=1
[rtmod] DISPATCH kernel=9 count=576 gx=3 gy=1 gz=1
[rtmod] DISPATCH kernel=9 count=576 gx=3 gy=1 gz=1
[rtmod] DISPATCH kernel=23 count=36 gx=2 gy=1 gz=2
[rtmod] DISPATCH kernel=33 count=36 gx=2 gy=1 gz=1
[rtmod] DISPATCH kernel=23 count=64 gx=2 gy=1 gz=2
[rtmod] DISPATCH kernel=10 count=64 gx=1 gy=1 gz=1
[rtmod] DISPATCH kernel=26 count=64 gx=4 gy=1 gz=1
[rtmod] FEW name=Add count=64
[rtmod] DISPATCH kernel=406 count=64 gx=1 gy=1 gz=1
[rtmod] DISPATCH kernel=223 count=64 gx=1 gy=1 gz=1
[rtmod] DISPATCH kernel=26 count=128 gx=8 gy=1 gz=1
[rtmod] DISPATCH kernel=26 count=128 gx=8 gy=1 gz=1
[rtmod] DISPATCH kernel=409 count=128 gx=1 gy=1 gz=1
[rtmod] DISPATCH kernel=29 count=64 gx=16 gy=1 gz=1
[rtmod] FEW name=Add count=64
[rtmod] DISPATCH kernel=406 count=64 gx=1 gy=1 gz=1
[rtmod] DISPATCH kernel=223 count=64 gx=1 gy=1 gz=1
[rtmod] DISPATCH kernel=26 count=32 gx=2 gy=1 gz=1
[rtmod] DISPATCH kernel=26 count=32 gx=2 gy=1 gz=1
[rtmod] DISPATCH kernel=26 count=64 gx=4 gy=1 gz=1
[rtmod] DISPATCH kernel=223 count=32 gx=1 gy=1 gz=1
[rtmod] DISPATCH kernel=247 count=16 gx=1 gy=1 gz=1
[rtmod] DISPATCH kernel=223 count=64 gx=2 gy=1 gz=1
[rtmod] DISPATCH kernel=58 count=32 gx=1 gy=1 gz=1
[rtmod] DISPATCH kernel=58 count=32 gx=1 gy=1 gz=1
[rtmod] DISPATCH kernel=247 count=32 gx=1 gy=1 gz=1
[rtmod] DISPATCH kernel=9 count=64 gx=1 gy=1 gz=1
[rtmod] FEW name=ScaledDotProductAttention count=64
[rtmod] DISPATCH kernel=452 count=64 gx=1 gy=1 gz=1
[rtmod] DISPATCH kernel=9 count=576 gx=3 gy=1 gz=1
[rtmod] DISPATCH kernel=9 count=576 gx=3 gy=1 gz=1
[rtmod] DISPATCH kernel=23 count=36 gx=2 gy=1 gz=2
[rtmod] DISPATCH kernel=33 count=36 gx=2 gy=1 gz=1
[rtmod] DISPATCH kernel=23 count=64 gx=2 gy=1 gz=2
[rtmod] DISPATCH kernel=10 count=64 gx=1 gy=1 gz=1
[rtmod] DISPATCH kernel=26 count=64 gx=4 gy=1 gz=1
[rtmod] FEW name=Add count=64
[rtmod] DISPATCH kernel=406 count=64 gx=1 gy=1 gz=1
[rtmod] DISPATCH kernel=223 count=64 gx=1 gy=1 gz=1
[rtmod] DISPATCH kernel=26 count=128 gx=8 gy=1 gz=1
[rtmod] DISPATCH kernel=26 count=128 gx=8 gy=1 gz=1
[rtmod] DISPATCH kernel=409 count=128 gx=1 gy=1 gz=1
[rtmod] DISPATCH kernel=29 count=64 gx=16 gy=1 gz=1
[rtmod] FEW name=Add count=64
[rtmod] DISPATCH kernel=406 count=64 gx=1 gy=1 gz=1
[rtmod] DISPATCH kernel=223 count=64 gx=1 gy=1 gz=1
[rtmod] DISPATCH kernel=26 count=256 gx=16 gy=1 gz=1
[rtmod] DISPATCH kernel=38 count=1 gx=1 gy=1 gz=1
[rtmod] FEW name=Subtract count=256
[rtmod] DISPATCH kernel=454 count=256 gx=1 gy=1 gz=1
[rtmod] DISPATCH kernel=66 count=1 gx=1 gy=1 gz=1
[rtmod] EV-SIGNAL tid=471452 ev=0xaaab6603da30 val=1 st=1 host=0
[rtmod] SUBMIT-ENTER tid=471452
[rtmod] SUBMIT tid=471452 cv=157 waits=1 sigs=2 cmds=1
[rtmod] COMMIT-NOOP
[rtmod] DISPATCH kernel=192 count=64 gx=1 gy=1 gz=1
[rtmod] DISPATCH kernel=223 count=64 gx=1 gy=1 gz=1
[rtmod] DISPATCH kernel=26 count=32 gx=2 gy=1 gz=1
[rtmod] DISPATCH kernel=26 count=32 gx=2 gy=1 gz=1
[rtmod] DISPATCH kernel=26 count=64 gx=4 gy=1 gz=1
[rtmod] DISPATCH kernel=223 count=32 gx=1 gy=1 gz=1
[rtmod] DISPATCH kernel=247 count=16 gx=1 gy=1 gz=1
[rtmod] DISPATCH kernel=223 count=64 gx=2 gy=1 gz=1
[rtmod] DISPATCH kernel=58 count=32 gx=1 gy=1 gz=1
[rtmod] DISPATCH kernel=58 count=32 gx=1 gy=1 gz=1
[rtmod] DISPATCH kernel=247 count=32 gx=1 gy=1 gz=1
[rtmod] DISPATCH kernel=9 count=64 gx=1 gy=1 gz=1
[rtmod] FEW name=ScaledDotProductAttention count=64
[rtmod] DISPATCH kernel=452 count=64 gx=1 gy=1 gz=1
[rtmod] DISPATCH kernel=9 count=608 gx=3 gy=1 gz=1
[rtmod] DISPATCH kernel=9 count=608 gx=3 gy=1 gz=1
[rtmod] DISPATCH kernel=23 count=38 gx=2 gy=1 gz=2
[rtmod] DISPATCH kernel=33 count=38 gx=2 gy=1 gz=1
[rtmod] DISPATCH kernel=23 count=64 gx=2 gy=1 gz=2
[rtmod] DISPATCH kernel=10 count=64 gx=1 gy=1 gz=1
[rtmod] DISPATCH kernel=26 count=64 gx=4 gy=1 gz=1
[rtmod] FEW name=Add count=64
[rtmod] DISPATCH kernel=406 count=64 gx=1 gy=1 gz=1
[rtmod] DISPATCH kernel=223 count=64 gx=1 gy=1 gz=1
[rtmod] DISPATCH kernel=26 count=128 gx=8 gy=1 gz=1
[rtmod] DISPATCH kernel=26 count=128 gx=8 gy=1 gz=1
[rtmod] DISPATCH kernel=409 count=128 gx=1 gy=1 gz=1
[rtmod] DISPATCH kernel=29 count=64 gx=16 gy=1 gz=1
[rtmod] FEW name=Add count=64
[rtmod] DISPATCH kernel=406 count=64 gx=1 gy=1 gz=1
[rtmod] DISPATCH kernel=223 count=64 gx=1 gy=1 gz=1
[rtmod] DISPATCH kernel=26 count=32 gx=2 gy=1 gz=1
[rtmod] DISPATCH kernel=26 count=32 gx=2 gy=1 gz=1
[rtmod] DISPATCH kernel=26 count=64 gx=4 gy=1 gz=1
[rtmod] DISPATCH kernel=223 count=32 gx=1 gy=1 gz=1
[rtmod] DISPATCH kernel=247 count=16 gx=1 gy=1 gz=1
[rtmod] DISPATCH kernel=223 count=64 gx=2 gy=1 gz=1
[rtmod] DISPATCH kernel=58 count=32 gx=1 gy=1 gz=1
[rtmod] DISPATCH kernel=58 count=32 gx=1 gy=1 gz=1
[rtmod] DISPATCH kernel=247 count=32 gx=1 gy=1 gz=1
[rtmod] DISPATCH kernel=9 count=64 gx=1 gy=1 gz=1
[rtmod] FEW name=ScaledDotProductAttention count=64
[rtmod] DISPATCH kernel=452 count=64 gx=1 gy=1 gz=1
[rtmod] DISPATCH kernel=9 count=608 gx=3 gy=1 gz=1
[rtmod] DISPATCH kernel=9 count=608 gx=3 gy=1 gz=1
[rtmod] DISPATCH kernel=23 count=38 gx=2 gy=1 gz=2
[rtmod] DISPATCH kernel=33 count=38 gx=2 gy=1 gz=1
[rtmod] DISPATCH kernel=23 count=64 gx=2 gy=1 gz=2
[rtmod] DISPATCH kernel=10 count=64 gx=1 gy=1 gz=1
[rtmod] DISPATCH kernel=26 count=64 gx=4 gy=1 gz=1
[rtmod] FEW name=Add count=64
[rtmod] DISPATCH kernel=406 count=64 gx=1 gy=1 gz=1
[rtmod] DISPATCH kernel=223 count=64 gx=1 gy=1 gz=1
[rtmod] DISPATCH kernel=26 count=128 gx=8 gy=1 gz=1
[rtmod] DISPATCH kernel=26 count=128 gx=8 gy=1 gz=1
[rtmod] DISPATCH kernel=409 count=128 gx=1 gy=1 gz=1
[rtmod] DISPATCH kernel=29 count=64 gx=16 gy=1 gz=1
[rtmod] FEW name=Add count=64
[rtmod] DISPATCH kernel=406 count=64 gx=1 gy=1 gz=1
[rtmod] DISPATCH kernel=223 count=64 gx=1 gy=1 gz=1
[rtmod] DISPATCH kernel=26 count=256 gx=16 gy=1 gz=1
[rtmod] DISPATCH kernel=38 count=1 gx=1 gy=1 gz=1
[rtmod] FEW name=Subtract count=256
[rtmod] DISPATCH kernel=454 count=256 gx=1 gy=1 gz=1
[rtmod] DISPATCH kernel=66 count=1 gx=1 gy=1 gz=1
[rtmod] EV-SIGNAL tid=471452 ev=0xaaab65f1a280 val=1 st=1 host=0
[rtmod] SUBMIT-ENTER tid=471452
[rtmod] SUBMIT tid=471452 cv=158 waits=1 sigs=2 cmds=1
[rtmod] COMMIT-NOOP
[rtmod] EV-WAIT-ENC tid=471452 ev=0xaaab6603da30 val=1 st=0
[rtmod] EV-WAIT-ENC tid=471452 ev=0xaaab65f1a280 val=1 st=0
[rtmod] FENCE-UPDATE count=0 st=0
[rtmod] EV-SIGNAL tid=471452 ev=0xaaab65f2f140 val=1 st=0 host=0
[rtmod] SUBMIT-ENTER tid=471452
[rtmod] SUBMIT tid=471452 cv=159 waits=3 sigs=2 cmds=1
[rtmod] EV-WAIT-ENC tid=471452 ev=0xaaab65f2f140 val=1 st=0
[rtmod] FENCE-UPDATE count=1 st=0
[rtmod] EV-SIGNAL tid=471452 ev=0xaaab65f2f140 val=2 st=0 host=0
[rtmod] SUBMIT-ENTER tid=471452
[rtmod] SUBMIT tid=471452 cv=160 waits=2 sigs=2 cmds=1
[rtmod] EV-WAIT-ENC tid=471452 ev=0xaaab65f2f140 val=2 st=1
[rtmod] DISPATCH kernel=192 count=256 gx=1 gy=1 gz=1
[rtmod] DISPATCH kernel=223 count=256 gx=4 gy=1 gz=1
[rtmod] DISPATCH kernel=26 count=128 gx=2 gy=1 gz=1
[rtmod] DISPATCH kernel=26 count=128 gx=2 gy=1 gz=1
[rtmod] DISPATCH kernel=26 count=256 gx=4 gy=1 gz=1
[rtmod] DISPATCH kernel=223 count=128 gx=4 gy=1 gz=1
[rtmod] DISPATCH kernel=247 count=64 gx=1 gy=1 gz=1
[rtmod] DISPATCH kernel=223 count=256 gx=8 gy=1 gz=1
[rtmod] DISPATCH kernel=58 count=128 gx=1 gy=1 gz=1
[rtmod] DISPATCH kernel=58 count=128 gx=1 gy=1 gz=1
[rtmod] DISPATCH kernel=247 count=128 gx=1 gy=1 gz=1
[rtmod] DISPATCH kernel=9 count=256 gx=1 gy=1 gz=1
[rtmod] FEW name=ScaledDotProductAttention count=256
[rtmod] DISPATCH kernel=452 count=256 gx=1 gy=1 gz=1
[rtmod] DISPATCH kernel=9 count=640 gx=3 gy=1 gz=1
[rtmod] DISPATCH kernel=9 count=640 gx=3 gy=1 gz=1
[rtmod] DISPATCH kernel=23 count=160 gx=2 gy=1 gz=2
[rtmod] DISPATCH kernel=33 count=160 gx=8 gy=1 gz=1
[rtmod] DISPATCH kernel=23 count=256 gx=2 gy=1 gz=2
[rtmod] DISPATCH kernel=10 count=256 gx=1 gy=1 gz=1
[rtmod] DISPATCH kernel=58 count=256 gx=1 gy=1 gz=1
[rtmod] DISPATCH kernel=26 count=256 gx=4 gy=1 gz=1
[rtmod] FEW name=Add count=256
[rtmod] DISPATCH kernel=406 count=256 gx=1 gy=1 gz=1
[rtmod] DISPATCH kernel=223 count=256 gx=4 gy=1 gz=1
[rtmod] DISPATCH kernel=26 count=512 gx=8 gy=1 gz=1
[rtmod] DISPATCH kernel=26 count=512 gx=8 gy=1 gz=1
[rtmod] DISPATCH kernel=409 count=512 gx=1 gy=1 gz=1
[rtmod] DISPATCH kernel=26 count=256 gx=4 gy=1 gz=1
[rtmod] FEW name=Add count=256
[rtmod] DISPATCH kernel=406 count=256 gx=1 gy=1 gz=1
[rtmod] DISPATCH kernel=223 count=256 gx=4 gy=1 gz=1
[rtmod] DISPATCH kernel=26 count=128 gx=2 gy=1 gz=1
[rtmod] DISPATCH kernel=26 count=128 gx=2 gy=1 gz=1
[rtmod] DISPATCH kernel=26 count=256 gx=4 gy=1 gz=1
[rtmod] DISPATCH kernel=223 count=128 gx=4 gy=1 gz=1
[rtmod] DISPATCH kernel=247 count=64 gx=1 gy=1 gz=1
[rtmod] DISPATCH kernel=223 count=256 gx=8 gy=1 gz=1
[rtmod] DISPATCH kernel=58 count=128 gx=1 gy=1 gz=1
[rtmod] DISPATCH kernel=58 count=128 gx=1 gy=1 gz=1
[rtmod] DISPATCH kernel=247 count=128 gx=1 gy=1 gz=1
[rtmod] DISPATCH kernel=9 count=256 gx=1 gy=1 gz=1
[rtmod] FEW name=ScaledDotProductAttention count=256
[rtmod] DISPATCH kernel=452 count=256 gx=1 gy=1 gz=1
[rtmod] DISPATCH kernel=9 count=640 gx=3 gy=1 gz=1
[rtmod] DISPATCH kernel=9 count=640 gx=3 gy=1 gz=1
[rtmod] DISPATCH kernel=23 count=160 gx=2 gy=1 gz=2
[rtmod] DISPATCH kernel=33 count=160 gx=8 gy=1 gz=1
[rtmod] DISPATCH kernel=23 count=256 gx=2 gy=1 gz=2
[rtmod] DISPATCH kernel=10 count=256 gx=1 gy=1 gz=1
[rtmod] DISPATCH kernel=58 count=256 gx=1 gy=1 gz=1
[rtmod] DISPATCH kernel=26 count=256 gx=4 gy=1 gz=1
[rtmod] FEW name=Add count=256
[rtmod] DISPATCH kernel=406 count=256 gx=1 gy=1 gz=1
[rtmod] DISPATCH kernel=223 count=256 gx=4 gy=1 gz=1
[rtmod] DISPATCH kernel=26 count=512 gx=8 gy=1 gz=1
[rtmod] DISPATCH kernel=26 count=512 gx=8 gy=1 gz=1
[rtmod] DISPATCH kernel=409 count=512 gx=1 gy=1 gz=1
[rtmod] DISPATCH kernel=26 count=256 gx=4 gy=1 gz=1
[rtmod] FEW name=Add count=256
[rtmod] DISPATCH kernel=406 count=256 gx=1 gy=1 gz=1
[rtmod] DISPATCH kernel=223 count=256 gx=4 gy=1 gz=1
[rtmod] DISPATCH kernel=26 count=1024 gx=16 gy=1 gz=1
[rtmod] DISPATCH kernel=38 count=4 gx=4 gy=1 gz=1
[rtmod] FEW name=Subtract count=1024
[rtmod] DISPATCH kernel=454 count=1024 gx=4 gy=1 gz=1
[rtmod] DISPATCH kernel=66 count=4 gx=4 gy=1 gz=1
[rtmod] EV-WAIT-ENC tid=471452 ev=0xaaab65f2f140 val=2 st=1
[rtmod] COMMIT-NOOP
[rtmod] EV-SIGNAL tid=471452 ev=0xaaab66025b20 val=1 st=1 host=0
[rtmod] SUBMIT-ENTER tid=471452
[rtmod] SUBMIT tid=471452 cv=161 waits=3 sigs=2 cmds=1
[rtmod] COMMIT-NOOP
[rtmod] EV-WAIT tid=471452 ev=0xaaab66025b20 val=1 cnt=0 resv=161
[rtmod] DISPATCH kernel=192 count=64 gx=1 gy=1 gz=1
[rtmod] DISPATCH kernel=223 count=64 gx=1 gy=1 gz=1
[rtmod] DISPATCH kernel=26 count=32 gx=2 gy=1 gz=1
[rtmod] DISPATCH kernel=26 count=32 gx=2 gy=1 gz=1
[rtmod] DISPATCH kernel=26 count=64 gx=4 gy=1 gz=1
[rtmod] DISPATCH kernel=223 count=32 gx=1 gy=1 gz=1
[rtmod] DISPATCH kernel=247 count=16 gx=1 gy=1 gz=1
[rtmod] DISPATCH kernel=223 count=64 gx=2 gy=1 gz=1
[rtmod] DISPATCH kernel=58 count=32 gx=1 gy=1 gz=1
[rtmod] DISPATCH kernel=58 count=32 gx=1 gy=1 gz=1
[rtmod] DISPATCH kernel=247 count=32 gx=1 gy=1 gz=1
[rtmod] DISPATCH kernel=9 count=64 gx=1 gy=1 gz=1
[rtmod] FEW name=ScaledDotProductAttention count=64
[rtmod] DISPATCH kernel=452 count=64 gx=1 gy=1 gz=1
[rtmod] DISPATCH kernel=9 count=576 gx=3 gy=1 gz=1
[rtmod] DISPATCH kernel=9 count=576 gx=3 gy=1 gz=1
[rtmod] DISPATCH kernel=23 count=36 gx=2 gy=1 gz=2
[rtmod] DISPATCH kernel=33 count=36 gx=2 gy=1 gz=1
[rtmod] DISPATCH kernel=23 count=64 gx=2 gy=1 gz=2
[rtmod] DISPATCH kernel=10 count=64 gx=1 gy=1 gz=1
[rtmod] DISPATCH kernel=26 count=64 gx=4 gy=1 gz=1
[rtmod] FEW name=Add count=64
[rtmod] DISPATCH kernel=406 count=64 gx=1 gy=1 gz=1
[rtmod] DISPATCH kernel=223 count=64 gx=1 gy=1 gz=1
[rtmod] DISPATCH kernel=26 count=128 gx=8 gy=1 gz=1
[rtmod] DISPATCH kernel=26 count=128 gx=8 gy=1 gz=1
[rtmod] DISPATCH kernel=409 count=128 gx=1 gy=1 gz=1
[rtmod] DISPATCH kernel=29 count=64 gx=16 gy=1 gz=1
[rtmod] FEW name=Add count=64
[rtmod] DISPATCH kernel=406 count=64 gx=1 gy=1 gz=1
[rtmod] DISPATCH kernel=223 count=64 gx=1 gy=1 gz=1
[rtmod] DISPATCH kernel=26 count=32 gx=2 gy=1 gz=1
[rtmod] DISPATCH kernel=26 count=32 gx=2 gy=1 gz=1
[rtmod] DISPATCH kernel=26 count=64 gx=4 gy=1 gz=1
[rtmod] DISPATCH kernel=223 count=32 gx=1 gy=1 gz=1
[rtmod] DISPATCH kernel=247 count=16 gx=1 gy=1 gz=1
[rtmod] DISPATCH kernel=223 count=64 gx=2 gy=1 gz=1
[rtmod] DISPATCH kernel=58 count=32 gx=1 gy=1 gz=1
[rtmod] DISPATCH kernel=58 count=32 gx=1 gy=1 gz=1
[rtmod] DISPATCH kernel=247 count=32 gx=1 gy=1 gz=1
[rtmod] DISPATCH kernel=9 count=64 gx=1 gy=1 gz=1
[rtmod] FEW name=ScaledDotProductAttention count=64
[rtmod] DISPATCH kernel=452 count=64 gx=1 gy=1 gz=1
[rtmod] DISPATCH kernel=9 count=576 gx=3 gy=1 gz=1
[rtmod] DISPATCH kernel=9 count=576 gx=3 gy=1 gz=1
[rtmod] DISPATCH kernel=23 count=36 gx=2 gy=1 gz=2
[rtmod] DISPATCH kernel=33 count=36 gx=2 gy=1 gz=1
[rtmod] DISPATCH kernel=23 count=64 gx=2 gy=1 gz=2
[rtmod] DISPATCH kernel=10 count=64 gx=1 gy=1 gz=1
[rtmod] DISPATCH kernel=26 count=64 gx=4 gy=1 gz=1
[rtmod] FEW name=Add count=64
[rtmod] DISPATCH kernel=406 count=64 gx=1 gy=1 gz=1
[rtmod] DISPATCH kernel=223 count=64 gx=1 gy=1 gz=1
[rtmod] DISPATCH kernel=26 count=128 gx=8 gy=1 gz=1
[rtmod] DISPATCH kernel=26 count=128 gx=8 gy=1 gz=1
[rtmod] DISPATCH kernel=409 count=128 gx=1 gy=1 gz=1
[rtmod] DISPATCH kernel=29 count=64 gx=16 gy=1 gz=1
[rtmod] FEW name=Add count=64
[rtmod] DISPATCH kernel=406 count=64 gx=1 gy=1 gz=1
[rtmod] DISPATCH kernel=223 count=64 gx=1 gy=1 gz=1
[rtmod] DISPATCH kernel=26 count=256 gx=16 gy=1 gz=1
[rtmod] DISPATCH kernel=38 count=1 gx=1 gy=1 gz=1
[rtmod] FEW name=Subtract count=256
[rtmod] DISPATCH kernel=454 count=256 gx=1 gy=1 gz=1
[rtmod] DISPATCH kernel=66 count=1 gx=1 gy=1 gz=1
[rtmod] EV-SIGNAL tid=471452 ev=0xaaab66057e40 val=1 st=1 host=0
[rtmod] SUBMIT-ENTER tid=471452
[rtmod] SUBMIT tid=471452 cv=162 waits=1 sigs=2 cmds=1
[rtmod] COMMIT-NOOP
[rtmod] DISPATCH kernel=192 count=64 gx=1 gy=1 gz=1
[rtmod] DISPATCH kernel=223 count=64 gx=1 gy=1 gz=1
[rtmod] DISPATCH kernel=26 count=32 gx=2 gy=1 gz=1
[rtmod] DISPATCH kernel=26 count=32 gx=2 gy=1 gz=1
[rtmod] DISPATCH kernel=26 count=64 gx=4 gy=1 gz=1
[rtmod] DISPATCH kernel=223 count=32 gx=1 gy=1 gz=1
[rtmod] DISPATCH kernel=247 count=16 gx=1 gy=1 gz=1
[rtmod] DISPATCH kernel=223 count=64 gx=2 gy=1 gz=1
[rtmod] DISPATCH kernel=58 count=32 gx=1 gy=1 gz=1
[rtmod] DISPATCH kernel=58 count=32 gx=1 gy=1 gz=1
[rtmod] DISPATCH kernel=247 count=32 gx=1 gy=1 gz=1
[rtmod] DISPATCH kernel=9 count=64 gx=1 gy=1 gz=1
[rtmod] FEW name=ScaledDotProductAttention count=64
[rtmod] DISPATCH kernel=452 count=64 gx=1 gy=1 gz=1
[rtmod] DISPATCH kernel=9 count=608 gx=3 gy=1 gz=1
[rtmod] DISPATCH kernel=9 count=608 gx=3 gy=1 gz=1
[rtmod] DISPATCH kernel=23 count=38 gx=2 gy=1 gz=2
[rtmod] DISPATCH kernel=33 count=38 gx=2 gy=1 gz=1
[rtmod] DISPATCH kernel=23 count=64 gx=2 gy=1 gz=2
[rtmod] DISPATCH kernel=10 count=64 gx=1 gy=1 gz=1
[rtmod] DISPATCH kernel=26 count=64 gx=4 gy=1 gz=1
[rtmod] FEW name=Add count=64
[rtmod] DISPATCH kernel=406 count=64 gx=1 gy=1 gz=1
[rtmod] DISPATCH kernel=223 count=64 gx=1 gy=1 gz=1
[rtmod] DISPATCH kernel=26 count=128 gx=8 gy=1 gz=1
[rtmod] DISPATCH kernel=26 count=128 gx=8 gy=1 gz=1
[rtmod] DISPATCH kernel=409 count=128 gx=1 gy=1 gz=1
[rtmod] DISPATCH kernel=29 count=64 gx=16 gy=1 gz=1
[rtmod] FEW name=Add count=64
[rtmod] DISPATCH kernel=406 count=64 gx=1 gy=1 gz=1
[rtmod] DISPATCH kernel=223 count=64 gx=1 gy=1 gz=1
[rtmod] DISPATCH kernel=26 count=32 gx=2 gy=1 gz=1
[rtmod] DISPATCH kernel=26 count=32 gx=2 gy=1 gz=1
[rtmod] DISPATCH kernel=26 count=64 gx=4 gy=1 gz=1
[rtmod] DISPATCH kernel=223 count=32 gx=1 gy=1 gz=1
[rtmod] DISPATCH kernel=247 count=16 gx=1 gy=1 gz=1
[rtmod] DISPATCH kernel=223 count=64 gx=2 gy=1 gz=1
[rtmod] DISPATCH kernel=58 count=32 gx=1 gy=1 gz=1
[rtmod] DISPATCH kernel=58 count=32 gx=1 gy=1 gz=1
[rtmod] DISPATCH kernel=247 count=32 gx=1 gy=1 gz=1
[rtmod] DISPATCH kernel=9 count=64 gx=1 gy=1 gz=1
[rtmod] FEW name=ScaledDotProductAttention count=64
[rtmod] DISPATCH kernel=452 count=64 gx=1 gy=1 gz=1
[rtmod] DISPATCH kernel=9 count=608 gx=3 gy=1 gz=1
[rtmod] DISPATCH kernel=9 count=608 gx=3 gy=1 gz=1
[rtmod] DISPATCH kernel=23 count=38 gx=2 gy=1 gz=2
[rtmod] DISPATCH kernel=33 count=38 gx=2 gy=1 gz=1
[rtmod] DISPATCH kernel=23 count=64 gx=2 gy=1 gz=2
[rtmod] DISPATCH kernel=10 count=64 gx=1 gy=1 gz=1
[rtmod] DISPATCH kernel=26 count=64 gx=4 gy=1 gz=1
[rtmod] FEW name=Add count=64
[rtmod] DISPATCH kernel=406 count=64 gx=1 gy=1 gz=1
[rtmod] DISPATCH kernel=223 count=64 gx=1 gy=1 gz=1
[rtmod] DISPATCH kernel=26 count=128 gx=8 gy=1 gz=1
[rtmod] DISPATCH kernel=26 count=128 gx=8 gy=1 gz=1
[rtmod] DISPATCH kernel=409 count=128 gx=1 gy=1 gz=1
[rtmod] DISPATCH kernel=29 count=64 gx=16 gy=1 gz=1
[rtmod] FEW name=Add count=64
[rtmod] DISPATCH kernel=406 count=64 gx=1 gy=1 gz=1
[rtmod] DISPATCH kernel=223 count=64 gx=1 gy=1 gz=1
[rtmod] DISPATCH kernel=26 count=256 gx=16 gy=1 gz=1
[rtmod] DISPATCH kernel=38 count=1 gx=1 gy=1 gz=1
[rtmod] FEW name=Subtract count=256
[rtmod] DISPATCH kernel=454 count=256 gx=1 gy=1 gz=1
[rtmod] DISPATCH kernel=66 count=1 gx=1 gy=1 gz=1
[rtmod] EV-SIGNAL tid=471452 ev=0xaaab66059960 val=1 st=1 host=0
[rtmod] SUBMIT-ENTER tid=471452
[rtmod] SUBMIT tid=471452 cv=163 waits=1 sigs=2 cmds=1
[rtmod] COMMIT-NOOP
[rtmod] EV-WAIT-ENC tid=471452 ev=0xaaab66057e40 val=1 st=0
[rtmod] EV-WAIT-ENC tid=471452 ev=0xaaab66059960 val=1 st=0
[rtmod] FENCE-UPDATE count=0 st=0
[rtmod] EV-SIGNAL tid=471452 ev=0xaaab659db750 val=1 st=0 host=0
[rtmod] SUBMIT-ENTER tid=471452
[rtmod] SUBMIT tid=471452 cv=164 waits=3 sigs=2 cmds=1
[rtmod] EV-WAIT-ENC tid=471452 ev=0xaaab659db750 val=1 st=0
[rtmod] FENCE-UPDATE count=1 st=0
[rtmod] EV-SIGNAL tid=471452 ev=0xaaab659db750 val=2 st=0 host=0
[rtmod] SUBMIT-ENTER tid=471452
[rtmod] SUBMIT tid=471452 cv=165 waits=2 sigs=2 cmds=1
[rtmod] EV-WAIT-ENC tid=471452 ev=0xaaab659db750 val=2 st=1
[rtmod] DISPATCH kernel=192 count=192 gx=1 gy=1 gz=1
[rtmod] DISPATCH kernel=223 count=192 gx=3 gy=1 gz=1
[rtmod] DISPATCH kernel=26 count=96 gx=2 gy=1 gz=1
[rtmod] DISPATCH kernel=26 count=96 gx=2 gy=1 gz=1
[rtmod] DISPATCH kernel=26 count=192 gx=4 gy=1 gz=1
[rtmod] DISPATCH kernel=223 count=96 gx=3 gy=1 gz=1
[rtmod] DISPATCH kernel=247 count=48 gx=1 gy=1 gz=1
[rtmod] DISPATCH kernel=223 count=192 gx=6 gy=1 gz=1
[rtmod] DISPATCH kernel=58 count=96 gx=1 gy=1 gz=1
[rtmod] DISPATCH kernel=58 count=96 gx=1 gy=1 gz=1
[rtmod] DISPATCH kernel=247 count=96 gx=1 gy=1 gz=1
[rtmod] DISPATCH kernel=9 count=192 gx=1 gy=1 gz=1
[rtmod] FEW name=ScaledDotProductAttention count=192
[rtmod] DISPATCH kernel=452 count=192 gx=1 gy=1 gz=1
[rtmod] DISPATCH kernel=9 count=640 gx=3 gy=1 gz=1
[rtmod] DISPATCH kernel=9 count=640 gx=3 gy=1 gz=1
[rtmod] DISPATCH kernel=23 count=120 gx=2 gy=1 gz=2
[rtmod] DISPATCH kernel=33 count=120 gx=6 gy=1 gz=1
[rtmod] DISPATCH kernel=23 count=192 gx=2 gy=1 gz=2
[rtmod] DISPATCH kernel=10 count=192 gx=1 gy=1 gz=1
[rtmod] DISPATCH kernel=58 count=192 gx=1 gy=1 gz=1
[rtmod] DISPATCH kernel=26 count=192 gx=4 gy=1 gz=1
[rtmod] FEW name=Add count=192
[rtmod] DISPATCH kernel=406 count=192 gx=1 gy=1 gz=1
[rtmod] DISPATCH kernel=223 count=192 gx=3 gy=1 gz=1
[rtmod] DISPATCH kernel=26 count=384 gx=8 gy=1 gz=1
[rtmod] DISPATCH kernel=26 count=384 gx=8 gy=1 gz=1
[rtmod] DISPATCH kernel=409 count=384 gx=1 gy=1 gz=1
[rtmod] DISPATCH kernel=26 count=192 gx=4 gy=1 gz=1
[rtmod] FEW name=Add count=192
[rtmod] DISPATCH kernel=406 count=192 gx=1 gy=1 gz=1
[rtmod] DISPATCH kernel=223 count=192 gx=3 gy=1 gz=1
[rtmod] DISPATCH kernel=26 count=96 gx=2 gy=1 gz=1
[rtmod] DISPATCH kernel=26 count=96 gx=2 gy=1 gz=1
[rtmod] DISPATCH kernel=26 count=192 gx=4 gy=1 gz=1
[rtmod] DISPATCH kernel=223 count=96 gx=3 gy=1 gz=1
[rtmod] DISPATCH kernel=247 count=48 gx=1 gy=1 gz=1
[rtmod] DISPATCH kernel=223 count=192 gx=6 gy=1 gz=1
[rtmod] DISPATCH kernel=58 count=96 gx=1 gy=1 gz=1
[rtmod] DISPATCH kernel=58 count=96 gx=1 gy=1 gz=1
[rtmod] DISPATCH kernel=247 count=96 gx=1 gy=1 gz=1
[rtmod] DISPATCH kernel=9 count=192 gx=1 gy=1 gz=1
[rtmod] FEW name=ScaledDotProductAttention count=192
[rtmod] DISPATCH kernel=452 count=192 gx=1 gy=1 gz=1
[rtmod] DISPATCH kernel=9 count=640 gx=3 gy=1 gz=1
[rtmod] DISPATCH kernel=9 count=640 gx=3 gy=1 gz=1
[rtmod] DISPATCH kernel=23 count=120 gx=2 gy=1 gz=2
[rtmod] DISPATCH kernel=33 count=120 gx=6 gy=1 gz=1
[rtmod] DISPATCH kernel=23 count=192 gx=2 gy=1 gz=2
[rtmod] DISPATCH kernel=10 count=192 gx=1 gy=1 gz=1
[rtmod] DISPATCH kernel=58 count=192 gx=1 gy=1 gz=1
[rtmod] DISPATCH kernel=26 count=192 gx=4 gy=1 gz=1
[rtmod] FEW name=Add count=192
[rtmod] DISPATCH kernel=406 count=192 gx=1 gy=1 gz=1
[rtmod] DISPATCH kernel=223 count=192 gx=3 gy=1 gz=1
[rtmod] DISPATCH kernel=26 count=384 gx=8 gy=1 gz=1
[rtmod] DISPATCH kernel=26 count=384 gx=8 gy=1 gz=1
[rtmod] DISPATCH kernel=409 count=384 gx=1 gy=1 gz=1
[rtmod] DISPATCH kernel=26 count=192 gx=4 gy=1 gz=1
[rtmod] FEW name=Add count=192
[rtmod] DISPATCH kernel=406 count=192 gx=1 gy=1 gz=1
[rtmod] DISPATCH kernel=223 count=192 gx=3 gy=1 gz=1
[rtmod] DISPATCH kernel=26 count=768 gx=16 gy=1 gz=1
[rtmod] DISPATCH kernel=38 count=3 gx=3 gy=1 gz=1
[rtmod] FEW name=Subtract count=768
[rtmod] DISPATCH kernel=454 count=768 gx=3 gy=1 gz=1
[rtmod] DISPATCH kernel=66 count=3 gx=3 gy=1 gz=1
[rtmod] EV-WAIT-ENC tid=471452 ev=0xaaab659db750 val=2 st=1
[rtmod] COMMIT-NOOP
[rtmod] EV-SIGNAL tid=471452 ev=0xaaab66059d20 val=1 st=1 host=0
[rtmod] SUBMIT-ENTER tid=471452
[rtmod] SUBMIT tid=471452 cv=166 waits=3 sigs=2 cmds=1
[rtmod] COMMIT-NOOP
[rtmod] EV-WAIT tid=471452 ev=0xaaab66059d20 val=1 cnt=0 resv=166
[rtmod] DISPATCH kernel=192 count=64 gx=1 gy=1 gz=1
[rtmod] DISPATCH kernel=223 count=64 gx=1 gy=1 gz=1
[rtmod] DISPATCH kernel=26 count=32 gx=2 gy=1 gz=1
[rtmod] DISPATCH kernel=26 count=32 gx=2 gy=1 gz=1
[rtmod] DISPATCH kernel=26 count=64 gx=4 gy=1 gz=1
[rtmod] DISPATCH kernel=223 count=32 gx=1 gy=1 gz=1
[rtmod] DISPATCH kernel=247 count=16 gx=1 gy=1 gz=1
[rtmod] DISPATCH kernel=223 count=64 gx=2 gy=1 gz=1
[rtmod] DISPATCH kernel=58 count=32 gx=1 gy=1 gz=1
[rtmod] DISPATCH kernel=58 count=32 gx=1 gy=1 gz=1
[rtmod] DISPATCH kernel=247 count=32 gx=1 gy=1 gz=1
[rtmod] DISPATCH kernel=9 count=64 gx=1 gy=1 gz=1
[rtmod] FEW name=ScaledDotProductAttention count=64
[rtmod] DISPATCH kernel=452 count=64 gx=1 gy=1 gz=1
[rtmod] DISPATCH kernel=9 count=608 gx=3 gy=1 gz=1
[rtmod] DISPATCH kernel=9 count=608 gx=3 gy=1 gz=1
[rtmod] DISPATCH kernel=23 count=38 gx=2 gy=1 gz=2
[rtmod] DISPATCH kernel=33 count=38 gx=2 gy=1 gz=1
[rtmod] DISPATCH kernel=23 count=64 gx=2 gy=1 gz=2
[rtmod] DISPATCH kernel=10 count=64 gx=1 gy=1 gz=1
[rtmod] DISPATCH kernel=26 count=64 gx=4 gy=1 gz=1
[rtmod] FEW name=Add count=64
[rtmod] DISPATCH kernel=406 count=64 gx=1 gy=1 gz=1
[rtmod] DISPATCH kernel=223 count=64 gx=1 gy=1 gz=1
[rtmod] DISPATCH kernel=26 count=128 gx=8 gy=1 gz=1
[rtmod] DISPATCH kernel=26 count=128 gx=8 gy=1 gz=1
[rtmod] DISPATCH kernel=409 count=128 gx=1 gy=1 gz=1
[rtmod] DISPATCH kernel=29 count=64 gx=16 gy=1 gz=1
[rtmod] FEW name=Add count=64
[rtmod] DISPATCH kernel=406 count=64 gx=1 gy=1 gz=1
[rtmod] DISPATCH kernel=223 count=64 gx=1 gy=1 gz=1
[rtmod] DISPATCH kernel=26 count=32 gx=2 gy=1 gz=1
[rtmod] DISPATCH kernel=26 count=32 gx=2 gy=1 gz=1
[rtmod] DISPATCH kernel=26 count=64 gx=4 gy=1 gz=1
[rtmod] DISPATCH kernel=223 count=32 gx=1 gy=1 gz=1
[rtmod] DISPATCH kernel=247 count=16 gx=1 gy=1 gz=1
[rtmod] DISPATCH kernel=223 count=64 gx=2 gy=1 gz=1
[rtmod] DISPATCH kernel=58 count=32 gx=1 gy=1 gz=1
[rtmod] DISPATCH kernel=58 count=32 gx=1 gy=1 gz=1
[rtmod] DISPATCH kernel=247 count=32 gx=1 gy=1 gz=1
[rtmod] DISPATCH kernel=9 count=64 gx=1 gy=1 gz=1
[rtmod] FEW name=ScaledDotProductAttention count=64
[rtmod] DISPATCH kernel=452 count=64 gx=1 gy=1 gz=1
[rtmod] DISPATCH kernel=9 count=608 gx=3 gy=1 gz=1
[rtmod] DISPATCH kernel=9 count=608 gx=3 gy=1 gz=1
[rtmod] DISPATCH kernel=23 count=38 gx=2 gy=1 gz=2
[rtmod] DISPATCH kernel=33 count=38 gx=2 gy=1 gz=1
[rtmod] DISPATCH kernel=23 count=64 gx=2 gy=1 gz=2
[rtmod] DISPATCH kernel=10 count=64 gx=1 gy=1 gz=1
[rtmod] DISPATCH kernel=26 count=64 gx=4 gy=1 gz=1
[rtmod] FEW name=Add count=64
[rtmod] DISPATCH kernel=406 count=64 gx=1 gy=1 gz=1
[rtmod] DISPATCH kernel=223 count=64 gx=1 gy=1 gz=1
[rtmod] DISPATCH kernel=26 count=128 gx=8 gy=1 gz=1
[rtmod] DISPATCH kernel=26 count=128 gx=8 gy=1 gz=1
[rtmod] DISPATCH kernel=409 count=128 gx=1 gy=1 gz=1
[rtmod] DISPATCH kernel=29 count=64 gx=16 gy=1 gz=1
[rtmod] FEW name=Add count=64
[rtmod] DISPATCH kernel=406 count=64 gx=1 gy=1 gz=1
[rtmod] DISPATCH kernel=223 count=64 gx=1 gy=1 gz=1
[rtmod] DISPATCH kernel=26 count=256 gx=16 gy=1 gz=1
[rtmod] DISPATCH kernel=38 count=1 gx=1 gy=1 gz=1
[rtmod] FEW name=Subtract count=256
[rtmod] DISPATCH kernel=454 count=256 gx=1 gy=1 gz=1
[rtmod] DISPATCH kernel=66 count=1 gx=1 gy=1 gz=1
[rtmod] EV-SIGNAL tid=471452 ev=0xaaab66025b20 val=1 st=1 host=0
[rtmod] SUBMIT-ENTER tid=471452
[rtmod] SUBMIT tid=471452 cv=167 waits=1 sigs=2 cmds=1
[rtmod] COMMIT-NOOP
[rtmod] EV-WAIT-ENC tid=471452 ev=0xaaab66025b20 val=1 st=0
[rtmod] FENCE-UPDATE count=0 st=0
[rtmod] EV-SIGNAL tid=471452 ev=0xaaab65f1a280 val=1 st=0 host=0
[rtmod] SUBMIT-ENTER tid=471452
[rtmod] SUBMIT tid=471452 cv=168 waits=2 sigs=2 cmds=1
[rtmod] EV-WAIT-ENC tid=471452 ev=0xaaab65f1a280 val=1 st=1
[rtmod] DISPATCH kernel=192 count=128 gx=1 gy=1 gz=1
[rtmod] DISPATCH kernel=223 count=128 gx=2 gy=1 gz=1
[rtmod] DISPATCH kernel=26 count=64 gx=2 gy=1 gz=1
[rtmod] DISPATCH kernel=26 count=64 gx=2 gy=1 gz=1
[rtmod] DISPATCH kernel=26 count=128 gx=4 gy=1 gz=1
[rtmod] DISPATCH kernel=223 count=64 gx=2 gy=1 gz=1
[rtmod] DISPATCH kernel=247 count=32 gx=1 gy=1 gz=1
[rtmod] DISPATCH kernel=223 count=128 gx=4 gy=1 gz=1
[rtmod] DISPATCH kernel=58 count=64 gx=1 gy=1 gz=1
[rtmod] DISPATCH kernel=58 count=64 gx=1 gy=1 gz=1
[rtmod] DISPATCH kernel=247 count=64 gx=1 gy=1 gz=1
[rtmod] DISPATCH kernel=9 count=128 gx=1 gy=1 gz=1
[rtmod] FEW name=ScaledDotProductAttention count=128
[rtmod] DISPATCH kernel=452 count=128 gx=1 gy=1 gz=1
[rtmod] DISPATCH kernel=9 count=640 gx=3 gy=1 gz=1
[rtmod] DISPATCH kernel=9 count=640 gx=3 gy=1 gz=1
[rtmod] DISPATCH kernel=23 count=80 gx=2 gy=1 gz=2
[rtmod] DISPATCH kernel=33 count=80 gx=4 gy=1 gz=1
[rtmod] DISPATCH kernel=23 count=128 gx=2 gy=1 gz=2
[rtmod] DISPATCH kernel=10 count=128 gx=1 gy=1 gz=1
[rtmod] DISPATCH kernel=58 count=128 gx=1 gy=1 gz=1
[rtmod] DISPATCH kernel=26 count=128 gx=4 gy=1 gz=1
[rtmod] FEW name=Add count=128
[rtmod] DISPATCH kernel=406 count=128 gx=1 gy=1 gz=1
[rtmod] DISPATCH kernel=223 count=128 gx=2 gy=1 gz=1
[rtmod] DISPATCH kernel=26 count=256 gx=8 gy=1 gz=1
[rtmod] DISPATCH kernel=26 count=256 gx=8 gy=1 gz=1
[rtmod] DISPATCH kernel=409 count=256 gx=1 gy=1 gz=1
[rtmod] DISPATCH kernel=26 count=128 gx=4 gy=1 gz=1
[rtmod] FEW name=Add count=128
[rtmod] DISPATCH kernel=406 count=128 gx=1 gy=1 gz=1
[rtmod] DISPATCH kernel=223 count=128 gx=2 gy=1 gz=1
[rtmod] DISPATCH kernel=26 count=64 gx=2 gy=1 gz=1
[rtmod] DISPATCH kernel=26 count=64 gx=2 gy=1 gz=1
[rtmod] DISPATCH kernel=26 count=128 gx=4 gy=1 gz=1
[rtmod] DISPATCH kernel=223 count=64 gx=2 gy=1 gz=1
[rtmod] DISPATCH kernel=247 count=32 gx=1 gy=1 gz=1
[rtmod] DISPATCH kernel=223 count=128 gx=4 gy=1 gz=1
[rtmod] DISPATCH kernel=58 count=64 gx=1 gy=1 gz=1
[rtmod] DISPATCH kernel=58 count=64 gx=1 gy=1 gz=1
[rtmod] DISPATCH kernel=247 count=64 gx=1 gy=1 gz=1
[rtmod] DISPATCH kernel=9 count=128 gx=1 gy=1 gz=1
[rtmod] FEW name=ScaledDotProductAttention count=128
[rtmod] DISPATCH kernel=452 count=128 gx=1 gy=1 gz=1
[rtmod] DISPATCH kernel=9 count=640 gx=3 gy=1 gz=1
[rtmod] DISPATCH kernel=9 count=640 gx=3 gy=1 gz=1
[rtmod] DISPATCH kernel=23 count=80 gx=2 gy=1 gz=2
[rtmod] DISPATCH kernel=33 count=80 gx=4 gy=1 gz=1
[rtmod] DISPATCH kernel=23 count=128 gx=2 gy=1 gz=2
[rtmod] DISPATCH kernel=10 count=128 gx=1 gy=1 gz=1
[rtmod] DISPATCH kernel=58 count=128 gx=1 gy=1 gz=1
[rtmod] DISPATCH kernel=26 count=128 gx=4 gy=1 gz=1
[rtmod] FEW name=Add count=128
[rtmod] DISPATCH kernel=406 count=128 gx=1 gy=1 gz=1
[rtmod] DISPATCH kernel=223 count=128 gx=2 gy=1 gz=1
[rtmod] DISPATCH kernel=26 count=256 gx=8 gy=1 gz=1
[rtmod] DISPATCH kernel=26 count=256 gx=8 gy=1 gz=1
[rtmod] DISPATCH kernel=409 count=256 gx=1 gy=1 gz=1
[rtmod] DISPATCH kernel=26 count=128 gx=4 gy=1 gz=1
[rtmod] FEW name=Add count=128
[rtmod] DISPATCH kernel=406 count=128 gx=1 gy=1 gz=1
[rtmod] DISPATCH kernel=223 count=128 gx=2 gy=1 gz=1
[rtmod] DISPATCH kernel=26 count=512 gx=16 gy=1 gz=1
[rtmod] DISPATCH kernel=38 count=2 gx=2 gy=1 gz=1
[rtmod] FEW name=Subtract count=512
[rtmod] DISPATCH kernel=454 count=512 gx=2 gy=1 gz=1
[rtmod] DISPATCH kernel=66 count=2 gx=2 gy=1 gz=1
[rtmod] COMMIT-NOOP
[rtmod] EV-SIGNAL tid=471452 ev=0xaaab65f2f140 val=1 st=1 host=0
[rtmod] SUBMIT-ENTER tid=471452
[rtmod] SUBMIT tid=471452 cv=169 waits=2 sigs=2 cmds=1
[rtmod] COMMIT-NOOP
[rtmod] EV-WAIT tid=471452 ev=0xaaab65f2f140 val=1 cnt=0 resv=169
PASS different draft: token_ids_equal=True, accepted=0/16
[rtmod] COMMIT-NOOP
[rtmod] JOIN tid=471452 reason=explicit last=168
PASS GPU primitives and untrained SD acceptance/rejection/cache fixture
[rtmod] COMMIT-NOOP
[rtmod] JOIN tid=471452 reason=explicit last=169
[rtmod] COMMIT-NOOP
[rtmod] JOIN tid=471452 reason=explicit last=0
